listing_id;date;available;price;adjusted_price;minimum_nights;maximum_nights
3109;07/12/2024;f;$100.00;;2;30
3109;08/12/2024;t;$100.00;;2;30
3109;09/12/2024;f;$100.00;;2;30
3109;10/12/2024;f;$100.00;;2;30
3109;11/12/2024;f;$100.00;;2;30
3109;12/12/2024;f;$100.00;;2;30
3109;13/12/2024;t;$100.00;;2;30
3109;14/12/2024;t;$100.00;;2;30
3109;15/12/2024;t;$100.00;;2;30
3109;16/12/2024;f;$100.00;;2;30
3109;17/12/2024;f;$100.00;;2;30
3109;18/12/2024;f;$100.00;;2;30
3109;19/12/2024;f;$100.00;;2;30
3109;20/12/2024;t;$100.00;;2;30
3109;21/12/2024;t;$100.00;;2;30
3109;22/12/2024;t;$100.00;;2;30
3109;23/12/2024;f;$100.00;;2;30
3109;24/12/2024;f;$100.00;;2;30
3109;25/12/2024;f;$100.00;;2;30
3109;26/12/2024;f;$100.00;;2;30
3109;27/12/2024;t;$100.00;;2;30
3109;28/12/2024;t;$100.00;;2;30
3109;29/12/2024;t;$100.00;;2;30
3109;30/12/2024;f;$100.00;;2;30
3109;31/12/2024;f;$100.00;;2;30
3109;01/01/2025;t;$100.00;;2;30
3109;02/01/2025;t;$100.00;;2;30
3109;03/01/2025;t;$100.00;;2;30
3109;04/01/2025;t;$100.00;;2;30
3109;05/01/2025;t;$100.00;;2;30
3109;06/01/2025;t;$100.00;;2;30
3109;07/01/2025;t;$100.00;;2;30
3109;08/01/2025;t;$100.00;;2;30
3109;09/01/2025;t;$100.00;;2;30
3109;10/01/2025;t;$100.00;;2;30
3109;11/01/2025;t;$100.00;;2;30
3109;12/01/2025;t;$100.00;;2;30
3109;13/01/2025;t;$100.00;;2;30
3109;14/01/2025;t;$100.00;;2;30
3109;15/01/2025;t;$100.00;;2;30
3109;16/01/2025;t;$100.00;;2;30
3109;17/01/2025;t;$100.00;;2;30
3109;18/01/2025;t;$100.00;;2;30
3109;19/01/2025;t;$100.00;;2;30
3109;20/01/2025;t;$100.00;;2;30
3109;21/01/2025;t;$100.00;;2;30
3109;22/01/2025;t;$100.00;;2;30
3109;23/01/2025;t;$100.00;;2;30
3109;24/01/2025;t;$100.00;;2;30
3109;25/01/2025;t;$100.00;;2;30
3109;26/01/2025;t;$100.00;;2;30
3109;27/01/2025;t;$100.00;;2;30
3109;28/01/2025;t;$100.00;;2;30
3109;29/01/2025;t;$100.00;;2;30
3109;30/01/2025;t;$100.00;;2;30
3109;31/01/2025;t;$100.00;;2;30
3109;01/02/2025;t;$100.00;;2;30
3109;02/02/2025;t;$100.00;;2;30
3109;03/02/2025;t;$100.00;;2;30
3109;04/02/2025;t;$100.00;;2;30
3109;05/02/2025;t;$100.00;;2;30
3109;06/02/2025;t;$100.00;;2;30
3109;07/02/2025;t;$100.00;;2;30
3109;08/02/2025;t;$100.00;;2;30
3109;09/02/2025;t;$100.00;;2;30
3109;10/02/2025;t;$100.00;;2;30
3109;11/02/2025;t;$100.00;;2;30
3109;12/02/2025;t;$100.00;;2;30
3109;13/02/2025;t;$100.00;;2;30
3109;14/02/2025;t;$100.00;;2;30
3109;15/02/2025;t;$100.00;;2;30
3109;16/02/2025;t;$100.00;;2;30
3109;17/02/2025;t;$100.00;;2;30
3109;18/02/2025;t;$100.00;;2;30
3109;19/02/2025;t;$100.00;;2;30
3109;20/02/2025;t;$100.00;;2;30
3109;21/02/2025;t;$100.00;;2;30
3109;22/02/2025;t;$100.00;;2;30
3109;23/02/2025;t;$100.00;;2;30
3109;24/02/2025;t;$100.00;;2;30
3109;25/02/2025;t;$100.00;;2;30
3109;26/02/2025;t;$100.00;;2;30
3109;27/02/2025;t;$100.00;;2;30
3109;28/02/2025;t;$100.00;;2;30
3109;01/03/2025;t;$100.00;;2;30
3109;02/03/2025;t;$100.00;;2;30
3109;03/03/2025;t;$100.00;;2;30
3109;04/03/2025;t;$100.00;;2;30
3109;05/03/2025;t;$100.00;;2;30
3109;06/03/2025;t;$100.00;;2;30
3109;07/03/2025;t;$100.00;;2;30
3109;08/03/2025;t;$100.00;;2;30
3109;09/03/2025;t;$100.00;;2;30
3109;10/03/2025;t;$100.00;;2;30
3109;11/03/2025;t;$100.00;;2;30
3109;12/03/2025;t;$100.00;;2;30
3109;13/03/2025;t;$100.00;;2;30
3109;14/03/2025;t;$100.00;;2;30
3109;15/03/2025;t;$100.00;;2;30
3109;16/03/2025;t;$100.00;;2;30
3109;17/03/2025;t;$100.00;;2;30
3109;18/03/2025;t;$100.00;;2;30
3109;19/03/2025;t;$100.00;;2;30
3109;20/03/2025;t;$100.00;;2;30
3109;21/03/2025;t;$100.00;;2;30
3109;22/03/2025;t;$100.00;;2;30
3109;23/03/2025;t;$100.00;;2;30
3109;24/03/2025;t;$100.00;;2;30
3109;25/03/2025;t;$100.00;;2;30
3109;26/03/2025;t;$100.00;;2;30
3109;27/03/2025;t;$100.00;;2;30
3109;28/03/2025;t;$100.00;;2;30
3109;29/03/2025;t;$100.00;;2;30
3109;30/03/2025;t;$100.00;;2;30
3109;31/03/2025;t;$100.00;;2;30
3109;01/04/2025;t;$100.00;;2;30
3109;02/04/2025;t;$100.00;;2;30
3109;03/04/2025;t;$100.00;;2;30
3109;04/04/2025;t;$100.00;;2;30
3109;05/04/2025;t;$100.00;;2;30
3109;06/04/2025;t;$100.00;;2;30
3109;07/04/2025;t;$100.00;;2;30
3109;08/04/2025;t;$100.00;;2;30
3109;09/04/2025;t;$100.00;;2;30
3109;10/04/2025;t;$100.00;;2;30
3109;11/04/2025;t;$100.00;;2;30
3109;12/04/2025;t;$100.00;;2;30
3109;13/04/2025;t;$100.00;;2;30
3109;14/04/2025;t;$100.00;;2;30
3109;15/04/2025;t;$100.00;;2;30
3109;16/04/2025;t;$100.00;;2;30
3109;17/04/2025;t;$100.00;;2;30
3109;18/04/2025;t;$100.00;;2;30
3109;19/04/2025;t;$100.00;;2;30
3109;20/04/2025;t;$100.00;;2;30
3109;21/04/2025;t;$100.00;;2;30
3109;22/04/2025;t;$100.00;;2;30
3109;23/04/2025;t;$100.00;;2;30
3109;24/04/2025;t;$100.00;;2;30
3109;25/04/2025;t;$100.00;;2;30
3109;26/04/2025;t;$100.00;;2;30
3109;27/04/2025;t;$100.00;;2;30
3109;28/04/2025;t;$100.00;;2;30
3109;29/04/2025;t;$100.00;;2;30
3109;30/04/2025;t;$100.00;;2;30
3109;01/05/2025;t;$100.00;;2;30
3109;02/05/2025;t;$100.00;;2;30
3109;03/05/2025;t;$100.00;;2;30
3109;04/05/2025;t;$100.00;;2;30
3109;05/05/2025;t;$100.00;;2;30
3109;06/05/2025;t;$100.00;;2;30
3109;07/05/2025;t;$100.00;;2;30
3109;08/05/2025;t;$100.00;;2;30
3109;09/05/2025;t;$100.00;;2;30
3109;10/05/2025;t;$100.00;;2;30
3109;11/05/2025;t;$100.00;;2;30
3109;12/05/2025;t;$100.00;;2;30
3109;13/05/2025;t;$100.00;;2;30
3109;14/05/2025;t;$100.00;;2;30
3109;15/05/2025;t;$100.00;;2;30
3109;16/05/2025;t;$100.00;;2;30
3109;17/05/2025;t;$100.00;;2;30
3109;18/05/2025;t;$100.00;;2;30
3109;19/05/2025;t;$100.00;;2;30
3109;20/05/2025;t;$100.00;;2;30
3109;21/05/2025;t;$100.00;;2;30
3109;22/05/2025;t;$100.00;;2;30
3109;23/05/2025;t;$100.00;;2;30
3109;24/05/2025;t;$100.00;;2;30
3109;25/05/2025;t;$100.00;;2;30
3109;26/05/2025;t;$100.00;;2;30
3109;27/05/2025;t;$100.00;;2;30
3109;28/05/2025;t;$100.00;;2;30
3109;29/05/2025;t;$100.00;;2;30
3109;30/05/2025;t;$100.00;;2;30
3109;31/05/2025;t;$100.00;;2;30
3109;01/06/2025;t;$100.00;;2;30
3109;02/06/2025;t;$100.00;;2;30
3109;03/06/2025;t;$100.00;;2;30
3109;04/06/2025;t;$100.00;;2;30
3109;05/06/2025;t;$100.00;;2;30
3109;06/06/2025;t;$100.00;;2;30
3109;07/06/2025;t;$100.00;;2;30
3109;08/06/2025;t;$100.00;;2;30
3109;09/06/2025;t;$100.00;;2;30
3109;10/06/2025;t;$100.00;;2;30
3109;11/06/2025;t;$100.00;;2;30
3109;12/06/2025;t;$100.00;;2;30
3109;13/06/2025;t;$100.00;;2;30
3109;14/06/2025;t;$100.00;;2;30
3109;15/06/2025;t;$100.00;;2;30
3109;16/06/2025;t;$100.00;;2;30
3109;17/06/2025;t;$100.00;;2;30
3109;18/06/2025;t;$100.00;;2;30
3109;19/06/2025;t;$100.00;;2;30
3109;20/06/2025;t;$100.00;;2;30
3109;21/06/2025;t;$100.00;;2;30
3109;22/06/2025;t;$100.00;;2;30
3109;23/06/2025;t;$100.00;;2;30
3109;24/06/2025;t;$100.00;;2;30
3109;25/06/2025;t;$100.00;;2;30
3109;26/06/2025;t;$100.00;;2;30
3109;27/06/2025;t;$100.00;;2;30
3109;28/06/2025;t;$100.00;;2;30
3109;29/06/2025;t;$100.00;;2;30
3109;30/06/2025;t;$100.00;;2;30
3109;01/07/2025;t;$100.00;;2;30
3109;02/07/2025;t;$100.00;;2;30
3109;03/07/2025;t;$100.00;;2;30
3109;04/07/2025;t;$100.00;;2;30
3109;05/07/2025;t;$100.00;;2;30
3109;06/07/2025;t;$100.00;;2;30
3109;07/07/2025;t;$100.00;;2;30
3109;08/07/2025;t;$100.00;;2;30
3109;09/07/2025;t;$100.00;;2;30
3109;10/07/2025;t;$100.00;;2;30
3109;11/07/2025;t;$100.00;;2;30
3109;12/07/2025;t;$100.00;;2;30
3109;13/07/2025;t;$100.00;;2;30
3109;14/07/2025;t;$100.00;;2;30
3109;15/07/2025;t;$100.00;;2;30
3109;16/07/2025;t;$100.00;;2;30
3109;17/07/2025;t;$100.00;;2;30
3109;18/07/2025;t;$100.00;;2;30
3109;19/07/2025;t;$100.00;;2;30
3109;20/07/2025;t;$100.00;;2;30
3109;21/07/2025;t;$100.00;;2;30
3109;22/07/2025;t;$100.00;;2;30
3109;23/07/2025;t;$100.00;;2;30
3109;24/07/2025;t;$100.00;;2;30
3109;25/07/2025;t;$100.00;;2;30
3109;26/07/2025;t;$100.00;;2;30
3109;27/07/2025;t;$100.00;;2;30
3109;28/07/2025;t;$100.00;;2;30
3109;29/07/2025;t;$100.00;;2;30
3109;30/07/2025;t;$100.00;;2;30
3109;31/07/2025;t;$100.00;;2;30
3109;01/08/2025;t;$100.00;;2;30
3109;02/08/2025;t;$100.00;;2;30
3109;03/08/2025;t;$100.00;;2;30
3109;04/08/2025;t;$100.00;;2;30
3109;05/08/2025;t;$100.00;;2;30
3109;06/08/2025;t;$100.00;;2;30
3109;07/08/2025;t;$100.00;;2;30
3109;08/08/2025;t;$100.00;;2;30
3109;09/08/2025;t;$100.00;;2;30
3109;10/08/2025;t;$100.00;;2;30
3109;11/08/2025;t;$100.00;;2;30
3109;12/08/2025;t;$100.00;;2;30
3109;13/08/2025;t;$100.00;;2;30
3109;14/08/2025;t;$100.00;;2;30
3109;15/08/2025;t;$100.00;;2;30
3109;16/08/2025;t;$100.00;;2;30
3109;17/08/2025;t;$100.00;;2;30
3109;18/08/2025;t;$100.00;;2;30
3109;19/08/2025;t;$100.00;;2;30
3109;20/08/2025;t;$100.00;;2;30
3109;21/08/2025;t;$100.00;;2;30
3109;22/08/2025;t;$100.00;;2;30
3109;23/08/2025;t;$100.00;;2;30
3109;24/08/2025;t;$100.00;;2;30
3109;25/08/2025;t;$100.00;;2;30
3109;26/08/2025;t;$100.00;;2;30
3109;27/08/2025;t;$100.00;;2;30
3109;28/08/2025;t;$100.00;;2;30
3109;29/08/2025;t;$100.00;;2;30
3109;30/08/2025;t;$100.00;;2;30
3109;31/08/2025;t;$100.00;;2;30
3109;01/09/2025;t;$100.00;;2;30
3109;02/09/2025;t;$100.00;;2;30
3109;03/09/2025;t;$100.00;;2;30
3109;04/09/2025;t;$100.00;;2;30
3109;05/09/2025;t;$100.00;;2;30
3109;06/09/2025;t;$100.00;;2;30
3109;07/09/2025;t;$100.00;;2;30
3109;08/09/2025;t;$100.00;;2;30
3109;09/09/2025;t;$100.00;;2;30
3109;10/09/2025;t;$100.00;;2;30
3109;11/09/2025;t;$100.00;;2;30
3109;12/09/2025;t;$100.00;;2;30
3109;13/09/2025;t;$100.00;;2;30
3109;14/09/2025;t;$100.00;;2;30
3109;15/09/2025;t;$100.00;;2;30
3109;16/09/2025;t;$100.00;;2;30
3109;17/09/2025;t;$100.00;;2;30
3109;18/09/2025;t;$100.00;;2;30
3109;19/09/2025;t;$100.00;;2;30
3109;20/09/2025;t;$100.00;;2;30
3109;21/09/2025;t;$100.00;;2;30
3109;22/09/2025;t;$100.00;;2;30
3109;23/09/2025;t;$100.00;;2;30
3109;24/09/2025;t;$100.00;;2;30
3109;25/09/2025;t;$100.00;;2;30
3109;26/09/2025;t;$100.00;;2;30
3109;27/09/2025;t;$100.00;;2;30
3109;28/09/2025;t;$100.00;;2;30
3109;29/09/2025;t;$100.00;;2;30
3109;30/09/2025;t;$100.00;;2;30
3109;01/10/2025;t;$100.00;;2;30
3109;02/10/2025;t;$100.00;;2;30
3109;03/10/2025;t;$100.00;;2;30
3109;04/10/2025;t;$100.00;;2;30
3109;05/10/2025;t;$100.00;;2;30
3109;06/10/2025;t;$100.00;;2;30
3109;07/10/2025;t;$100.00;;2;30
3109;08/10/2025;t;$100.00;;2;30
3109;09/10/2025;t;$100.00;;2;30
3109;10/10/2025;t;$100.00;;2;30
3109;11/10/2025;t;$100.00;;2;30
3109;12/10/2025;t;$100.00;;2;30
3109;13/10/2025;t;$100.00;;2;30
3109;14/10/2025;t;$100.00;;2;30
3109;15/10/2025;t;$100.00;;2;30
3109;16/10/2025;t;$100.00;;2;30
3109;17/10/2025;t;$100.00;;2;30
3109;18/10/2025;t;$100.00;;2;30
3109;19/10/2025;t;$100.00;;2;30
3109;20/10/2025;t;$100.00;;2;30
3109;21/10/2025;t;$100.00;;2;30
3109;22/10/2025;t;$100.00;;2;30
3109;23/10/2025;t;$100.00;;2;30
3109;24/10/2025;t;$100.00;;2;30
3109;25/10/2025;t;$100.00;;2;30
3109;26/10/2025;t;$100.00;;2;30
3109;27/10/2025;t;$100.00;;2;30
3109;28/10/2025;t;$100.00;;2;30
3109;29/10/2025;t;$100.00;;2;30
3109;30/10/2025;t;$100.00;;2;30
3109;31/10/2025;t;$100.00;;2;30
3109;01/11/2025;t;$100.00;;2;30
3109;02/11/2025;t;$100.00;;2;30
3109;03/11/2025;t;$100.00;;2;30
3109;04/11/2025;t;$100.00;;2;30
3109;05/11/2025;t;$100.00;;2;30
3109;06/11/2025;t;$100.00;;2;30
3109;07/11/2025;t;$100.00;;2;30
3109;08/11/2025;t;$100.00;;2;30
3109;09/11/2025;t;$100.00;;2;30
3109;10/11/2025;t;$100.00;;2;30
3109;11/11/2025;t;$100.00;;2;30
3109;12/11/2025;t;$100.00;;2;30
3109;13/11/2025;t;$100.00;;2;30
3109;14/11/2025;t;$100.00;;2;30
3109;15/11/2025;t;$100.00;;2;30
3109;16/11/2025;t;$100.00;;2;30
3109;17/11/2025;t;$100.00;;2;30
3109;18/11/2025;t;$100.00;;2;30
3109;19/11/2025;t;$100.00;;2;30
3109;20/11/2025;t;$100.00;;2;30
3109;21/11/2025;t;$100.00;;2;30
3109;22/11/2025;t;$100.00;;2;30
3109;23/11/2025;t;$100.00;;2;30
3109;24/11/2025;t;$100.00;;2;30
3109;25/11/2025;t;$100.00;;2;30
3109;26/11/2025;t;$100.00;;2;30
3109;27/11/2025;t;$100.00;;2;30
3109;28/11/2025;t;$100.00;;2;30
3109;29/11/2025;t;$100.00;;2;30
3109;30/11/2025;t;$100.00;;2;30
3109;01/12/2025;t;$100.00;;2;30
3109;02/12/2025;t;$100.00;;2;30
3109;03/12/2025;t;$100.00;;2;30
3109;04/12/2025;t;$100.00;;2;30
3109;05/12/2025;t;$100.00;;2;30
3109;06/12/2025;t;$100.00;;2;30
12452;08/12/2024;t;$200.00;;3;1125
12452;09/12/2024;t;$200.00;;3;1125
12452;10/12/2024;t;$200.00;;3;1125
12452;11/12/2024;t;$200.00;;3;1125
12452;12/12/2024;t;$200.00;;3;1125
12452;13/12/2024;f;$200.00;;3;1125
12452;14/12/2024;f;$200.00;;3;1125
12452;15/12/2024;t;$200.00;;3;1125
12452;16/12/2024;f;$200.00;;3;1125
12452;17/12/2024;f;$200.00;;3;1125
12452;18/12/2024;f;$200.00;;3;1125
12452;19/12/2024;f;$200.00;;3;1125
12452;20/12/2024;f;$200.00;;3;1125
12452;21/12/2024;f;$200.00;;3;1125
12452;22/12/2024;f;$200.00;;3;1125
12452;23/12/2024;f;$200.00;;3;1125
12452;24/12/2024;f;$200.00;;1;1125
12452;25/12/2024;f;$200.00;;3;1125
12452;26/12/2024;f;$200.00;;3;1125
12452;27/12/2024;f;$200.00;;3;1125
12452;28/12/2024;f;$200.00;;3;1125
12452;29/12/2024;f;$200.00;;3;1125
12452;30/12/2024;f;$200.00;;3;1125
12452;31/12/2024;f;$200.00;;1;1125
12452;01/01/2025;t;$200.00;;3;1125
12452;02/01/2025;f;$200.00;;3;1125
12452;03/01/2025;f;$200.00;;3;1125
12452;04/01/2025;f;$200.00;;3;1125
12452;05/01/2025;t;$200.00;;3;1125
12452;06/01/2025;t;$200.00;;3;1125
12452;07/01/2025;t;$200.00;;3;1125
12452;08/01/2025;t;$200.00;;3;1125
12452;09/01/2025;t;$200.00;;3;1125
12452;10/01/2025;t;$200.00;;3;1125
12452;11/01/2025;t;$200.00;;3;1125
12452;12/01/2025;t;$200.00;;3;1125
12452;13/01/2025;t;$200.00;;3;1125
12452;14/01/2025;t;$200.00;;3;1125
12452;15/01/2025;t;$200.00;;3;1125
12452;16/01/2025;t;$200.00;;3;1125
12452;17/01/2025;t;$200.00;;3;1125
12452;18/01/2025;t;$200.00;;3;1125
12452;19/01/2025;t;$200.00;;3;1125
12452;20/01/2025;t;$200.00;;3;1125
12452;21/01/2025;t;$200.00;;3;1125
12452;22/01/2025;t;$200.00;;3;1125
12452;23/01/2025;t;$200.00;;3;1125
12452;24/01/2025;t;$200.00;;3;1125
12452;25/01/2025;t;$200.00;;3;1125
12452;26/01/2025;t;$200.00;;3;1125
12452;27/01/2025;t;$200.00;;3;1125
12452;28/01/2025;t;$200.00;;3;1125
12452;29/01/2025;t;$200.00;;3;1125
12452;30/01/2025;t;$200.00;;3;1125
12452;31/01/2025;t;$200.00;;3;1125
12452;01/02/2025;f;$200.00;;3;1125
12452;02/02/2025;f;$200.00;;3;1125
12452;03/02/2025;f;$200.00;;3;1125
12452;04/02/2025;f;$200.00;;3;1125
12452;05/02/2025;f;$200.00;;3;1125
12452;06/02/2025;f;$200.00;;3;1125
12452;07/02/2025;f;$200.00;;3;1125
12452;08/02/2025;f;$200.00;;3;1125
12452;09/02/2025;f;$200.00;;3;1125
12452;10/02/2025;f;$200.00;;3;1125
12452;11/02/2025;f;$200.00;;3;1125
12452;12/02/2025;f;$200.00;;3;1125
12452;13/02/2025;f;$200.00;;3;1125
12452;14/02/2025;f;$200.00;;3;1125
12452;15/02/2025;f;$200.00;;3;1125
12452;16/02/2025;f;$200.00;;3;1125
12452;17/02/2025;f;$200.00;;3;1125
12452;18/02/2025;f;$200.00;;3;1125
12452;19/02/2025;f;$200.00;;3;1125
12452;20/02/2025;f;$200.00;;3;1125
12452;21/02/2025;f;$200.00;;3;1125
12452;22/02/2025;f;$200.00;;3;1125
12452;23/02/2025;f;$200.00;;3;1125
12452;24/02/2025;f;$200.00;;3;1125
12452;25/02/2025;f;$200.00;;3;1125
12452;26/02/2025;f;$200.00;;3;1125
12452;27/02/2025;f;$200.00;;3;1125
12452;28/02/2025;f;$200.00;;3;1125
12452;01/03/2025;f;$200.00;;3;1125
12452;02/03/2025;f;$200.00;;3;1125
12452;03/03/2025;f;$200.00;;3;1125
12452;04/03/2025;f;$200.00;;3;1125
12452;05/03/2025;f;$200.00;;3;1125
12452;06/03/2025;f;$200.00;;3;1125
12452;07/03/2025;f;$200.00;;3;1125
12452;08/03/2025;f;$200.00;;3;1125
12452;09/03/2025;f;$200.00;;3;1125
12452;10/03/2025;f;$200.00;;3;1125
12452;11/03/2025;f;$200.00;;3;1125
12452;12/03/2025;f;$200.00;;3;1125
12452;13/03/2025;f;$200.00;;3;1125
12452;14/03/2025;f;$200.00;;3;1125
12452;15/03/2025;f;$200.00;;3;1125
12452;16/03/2025;f;$200.00;;3;1125
12452;17/03/2025;f;$200.00;;3;1125
12452;18/03/2025;f;$200.00;;3;1125
12452;19/03/2025;f;$200.00;;3;1125
12452;20/03/2025;f;$200.00;;3;1125
12452;21/03/2025;f;$200.00;;3;1125
12452;22/03/2025;f;$200.00;;3;1125
12452;23/03/2025;f;$200.00;;3;1125
12452;24/03/2025;f;$200.00;;3;1125
12452;25/03/2025;f;$200.00;;3;1125
12452;26/03/2025;f;$200.00;;3;1125
12452;27/03/2025;f;$200.00;;3;1125
12452;28/03/2025;f;$200.00;;3;1125
12452;29/03/2025;f;$200.00;;3;1125
12452;30/03/2025;f;$200.00;;3;1125
12452;31/03/2025;f;$200.00;;3;1125
12452;01/04/2025;f;$200.00;;3;1125
12452;02/04/2025;f;$200.00;;3;1125
12452;03/04/2025;f;$200.00;;3;1125
12452;04/04/2025;f;$200.00;;3;1125
12452;05/04/2025;f;$200.00;;3;1125
12452;06/04/2025;f;$200.00;;3;1125
12452;07/04/2025;f;$200.00;;3;1125
12452;08/04/2025;f;$200.00;;3;1125
12452;09/04/2025;f;$200.00;;3;1125
12452;10/04/2025;f;$200.00;;3;1125
12452;11/04/2025;f;$200.00;;3;1125
12452;12/04/2025;f;$200.00;;3;1125
12452;13/04/2025;f;$200.00;;3;1125
12452;14/04/2025;f;$200.00;;3;1125
12452;15/04/2025;f;$200.00;;3;1125
12452;16/04/2025;f;$200.00;;3;1125
12452;17/04/2025;f;$200.00;;3;1125
12452;18/04/2025;f;$200.00;;3;1125
12452;19/04/2025;f;$200.00;;3;1125
12452;20/04/2025;f;$200.00;;3;1125
12452;21/04/2025;f;$200.00;;3;1125
12452;22/04/2025;f;$200.00;;3;1125
12452;23/04/2025;f;$200.00;;3;1125
12452;24/04/2025;f;$200.00;;3;1125
12452;25/04/2025;f;$200.00;;3;1125
12452;26/04/2025;f;$200.00;;3;1125
12452;27/04/2025;f;$200.00;;3;1125
12452;28/04/2025;f;$200.00;;3;1125
12452;29/04/2025;f;$200.00;;3;1125
12452;30/04/2025;f;$200.00;;3;1125
12452;01/05/2025;f;$200.00;;3;1125
12452;02/05/2025;f;$200.00;;3;1125
12452;03/05/2025;f;$200.00;;3;1125
12452;04/05/2025;f;$200.00;;3;1125
12452;05/05/2025;f;$200.00;;3;1125
12452;06/05/2025;f;$200.00;;3;1125
12452;07/05/2025;f;$200.00;;3;1125
12452;08/05/2025;f;$200.00;;3;1125
12452;09/05/2025;f;$200.00;;3;1125
12452;10/05/2025;f;$200.00;;3;1125
12452;11/05/2025;f;$200.00;;3;1125
12452;12/05/2025;f;$200.00;;3;1125
12452;13/05/2025;f;$200.00;;3;1125
12452;14/05/2025;f;$200.00;;3;1125
12452;15/05/2025;f;$200.00;;3;1125
12452;16/05/2025;f;$200.00;;3;1125
12452;17/05/2025;f;$200.00;;3;1125
12452;18/05/2025;f;$200.00;;3;1125
12452;19/05/2025;f;$200.00;;3;1125
12452;20/05/2025;f;$200.00;;1;1125
12452;21/05/2025;f;$200.00;;1;1125
12452;22/05/2025;f;$200.00;;1;1125
12452;23/05/2025;f;$200.00;;1;1125
12452;24/05/2025;f;$200.00;;1;1125
12452;25/05/2025;f;$200.00;;1;1125
12452;26/05/2025;f;$200.00;;1;1125
12452;27/05/2025;f;$200.00;;1;1125
12452;28/05/2025;f;$200.00;;1;1125
12452;29/05/2025;f;$200.00;;1;1125
12452;30/05/2025;f;$200.00;;1;1125
12452;31/05/2025;f;$200.00;;1;1125
12452;01/06/2025;f;$200.00;;1;1125
12452;02/06/2025;f;$200.00;;1;1125
12452;03/06/2025;f;$200.00;;1;1125
12452;04/06/2025;f;$200.00;;1;1125
12452;05/06/2025;f;$200.00;;1;1125
12452;06/06/2025;f;$200.00;;1;1125
12452;07/06/2025;f;$200.00;;1;1125
12452;08/06/2025;f;$200.00;;1;1125
12452;09/06/2025;f;$200.00;;1;1125
12452;10/06/2025;f;$200.00;;1;1125
12452;11/06/2025;f;$200.00;;1;1125
12452;12/06/2025;f;$200.00;;1;1125
12452;13/06/2025;f;$200.00;;1;1125
12452;14/06/2025;f;$200.00;;1;1125
12452;15/06/2025;f;$200.00;;1;1125
12452;16/06/2025;f;$200.00;;1;1125
12452;17/06/2025;f;$200.00;;1;1125
12452;18/06/2025;f;$200.00;;1;1125
12452;19/06/2025;f;$200.00;;1;1125
12452;20/06/2025;f;$200.00;;1;1125
12452;21/06/2025;f;$200.00;;1;1125
12452;22/06/2025;f;$200.00;;1;1125
12452;23/06/2025;f;$200.00;;1;1125
12452;24/06/2025;f;$200.00;;1;1125
12452;25/06/2025;f;$200.00;;1;1125
12452;26/06/2025;f;$200.00;;1;1125
12452;27/06/2025;f;$200.00;;1;1125
12452;28/06/2025;f;$200.00;;1;1125
12452;29/06/2025;f;$200.00;;1;1125
12452;30/06/2025;f;$200.00;;1;1125
12452;01/07/2025;f;$200.00;;1;1125
12452;02/07/2025;f;$200.00;;1;1125
12452;03/07/2025;f;$200.00;;1;1125
12452;04/07/2025;f;$200.00;;1;1125
12452;05/07/2025;f;$200.00;;1;1125
12452;06/07/2025;f;$200.00;;1;1125
12452;07/07/2025;f;$200.00;;1;1125
12452;08/07/2025;f;$200.00;;1;1125
12452;09/07/2025;f;$200.00;;1;1125
12452;10/07/2025;f;$200.00;;1;1125
12452;11/07/2025;f;$200.00;;1;1125
12452;12/07/2025;f;$200.00;;1;1125
12452;13/07/2025;f;$200.00;;1;1125
12452;14/07/2025;f;$200.00;;1;1125
12452;15/07/2025;f;$200.00;;1;1125
12452;16/07/2025;f;$200.00;;1;1125
12452;17/07/2025;f;$200.00;;1;1125
12452;18/07/2025;f;$200.00;;1;1125
12452;19/07/2025;f;$200.00;;1;1125
12452;20/07/2025;f;$200.00;;1;1125
12452;21/07/2025;f;$200.00;;1;1125
12452;22/07/2025;f;$200.00;;1;1125
12452;23/07/2025;f;$200.00;;1;1125
12452;24/07/2025;f;$200.00;;1;1125
12452;25/07/2025;f;$200.00;;1;1125
12452;26/07/2025;f;$200.00;;1;1125
12452;27/07/2025;f;$200.00;;1;1125
12452;28/07/2025;f;$200.00;;1;1125
12452;29/07/2025;f;$200.00;;1;1125
12452;30/07/2025;f;$200.00;;1;1125
12452;31/07/2025;f;$200.00;;1;1125
12452;01/08/2025;f;$200.00;;1;1125
12452;02/08/2025;f;$200.00;;1;1125
12452;03/08/2025;f;$200.00;;1;1125
12452;04/08/2025;f;$200.00;;1;1125
12452;05/08/2025;f;$200.00;;1;1125
12452;06/08/2025;f;$200.00;;1;1125
12452;07/08/2025;f;$200.00;;1;1125
12452;08/08/2025;f;$200.00;;1;1125
12452;09/08/2025;f;$200.00;;1;1125
12452;10/08/2025;f;$200.00;;1;1125
12452;11/08/2025;f;$200.00;;1;1125
12452;12/08/2025;f;$200.00;;1;1125
12452;13/08/2025;f;$200.00;;1;1125
12452;14/08/2025;f;$200.00;;1;1125
12452;15/08/2025;f;$200.00;;1;1125
12452;16/08/2025;f;$200.00;;1;1125
12452;17/08/2025;f;$200.00;;1;1125
12452;18/08/2025;f;$200.00;;1;1125
12452;19/08/2025;f;$200.00;;1;1125
12452;20/08/2025;f;$200.00;;1;1125
12452;21/08/2025;f;$200.00;;1;1125
12452;22/08/2025;f;$200.00;;1;1125
12452;23/08/2025;f;$200.00;;1;1125
12452;24/08/2025;f;$200.00;;1;1125
12452;25/08/2025;f;$200.00;;1;1125
12452;26/08/2025;f;$200.00;;1;1125
12452;27/08/2025;f;$200.00;;1;1125
12452;28/08/2025;f;$200.00;;1;1125
12452;29/08/2025;f;$200.00;;1;1125
12452;30/08/2025;f;$200.00;;1;1125
12452;31/08/2025;f;$200.00;;1;1125
12452;01/09/2025;f;$200.00;;1;1125
12452;02/09/2025;f;$200.00;;1;1125
12452;03/09/2025;f;$200.00;;1;1125
12452;04/09/2025;f;$200.00;;1;1125
12452;05/09/2025;f;$200.00;;1;1125
12452;06/09/2025;f;$200.00;;1;1125
12452;07/09/2025;f;$200.00;;1;1125
12452;08/09/2025;f;$200.00;;1;1125
12452;09/09/2025;f;$200.00;;1;1125
12452;10/09/2025;f;$200.00;;1;1125
12452;11/09/2025;f;$200.00;;1;1125
12452;12/09/2025;f;$200.00;;1;1125
12452;13/09/2025;f;$200.00;;1;1125
12452;14/09/2025;f;$200.00;;1;1125
12452;15/09/2025;f;$200.00;;1;1125
12452;16/09/2025;f;$200.00;;1;1125
12452;17/09/2025;f;$200.00;;1;1125
12452;18/09/2025;f;$200.00;;1;1125
12452;19/09/2025;f;$200.00;;1;1125
12452;20/09/2025;f;$200.00;;1;1125
12452;21/09/2025;f;$200.00;;1;1125
12452;22/09/2025;f;$200.00;;1;1125
12452;23/09/2025;f;$200.00;;1;1125
12452;24/09/2025;f;$200.00;;1;1125
12452;25/09/2025;f;$200.00;;1;1125
12452;26/09/2025;f;$200.00;;1;1125
12452;27/09/2025;f;$200.00;;1;1125
12452;28/09/2025;f;$200.00;;1;1125
12452;29/09/2025;f;$200.00;;1;1125
12452;30/09/2025;f;$200.00;;1;1125
12452;01/10/2025;f;$200.00;;1;1125
12452;02/10/2025;f;$200.00;;1;1125
12452;03/10/2025;f;$200.00;;1;1125
12452;04/10/2025;f;$200.00;;1;1125
12452;05/10/2025;f;$200.00;;1;1125
12452;06/10/2025;f;$200.00;;1;1125
12452;07/10/2025;f;$200.00;;1;1125
12452;08/10/2025;f;$200.00;;1;1125
12452;09/10/2025;f;$200.00;;1;1125
12452;10/10/2025;f;$200.00;;1;1125
12452;11/10/2025;f;$200.00;;1;1125
12452;12/10/2025;f;$200.00;;1;1125
12452;13/10/2025;f;$200.00;;1;1125
12452;14/10/2025;f;$200.00;;1;1125
12452;15/10/2025;f;$200.00;;1;1125
12452;16/10/2025;f;$200.00;;1;1125
12452;17/10/2025;f;$200.00;;1;1125
12452;18/10/2025;f;$200.00;;1;1125
12452;19/10/2025;f;$200.00;;1;1125
12452;20/10/2025;f;$200.00;;1;1125
12452;21/10/2025;f;$200.00;;1;1125
12452;22/10/2025;f;$200.00;;1;1125
12452;23/10/2025;f;$200.00;;1;1125
12452;24/10/2025;f;$200.00;;1;1125
12452;25/10/2025;f;$200.00;;1;1125
12452;26/10/2025;f;$200.00;;1;1125
12452;27/10/2025;f;$200.00;;1;1125
12452;28/10/2025;f;$200.00;;1;1125
12452;29/10/2025;f;$200.00;;1;1125
12452;30/10/2025;f;$200.00;;1;1125
12452;31/10/2025;f;$200.00;;1;1125
12452;01/11/2025;f;$200.00;;1;1125
12452;02/11/2025;f;$200.00;;1;1125
12452;03/11/2025;f;$200.00;;1;1125
12452;04/11/2025;f;$200.00;;1;1125
12452;05/11/2025;f;$200.00;;1;1125
12452;06/11/2025;f;$200.00;;1;1125
12452;07/11/2025;f;$200.00;;1;1125
12452;08/11/2025;f;$200.00;;1;1125
12452;09/11/2025;f;$200.00;;1;1125
12452;10/11/2025;f;$200.00;;1;1125
12452;11/11/2025;f;$200.00;;1;1125
12452;12/11/2025;f;$200.00;;1;1125
12452;13/11/2025;f;$200.00;;1;1125
12452;14/11/2025;f;$200.00;;1;1125
12452;15/11/2025;f;$200.00;;1;1125
12452;16/11/2025;f;$200.00;;1;1125
12452;17/11/2025;f;$200.00;;1;1125
12452;18/11/2025;f;$200.00;;1;1125
12452;19/11/2025;f;$200.00;;1;1125
12452;20/11/2025;f;$200.00;;1;1125
12452;21/11/2025;f;$200.00;;1;1125
12452;22/11/2025;f;$200.00;;1;1125
12452;23/11/2025;f;$200.00;;1;1125
12452;24/11/2025;f;$200.00;;1;1125
12452;25/11/2025;f;$200.00;;1;1125
12452;26/11/2025;f;$200.00;;1;1125
12452;27/11/2025;f;$200.00;;1;1125
12452;28/11/2025;f;$200.00;;1;1125
12452;29/11/2025;f;$200.00;;1;1125
12452;30/11/2025;f;$200.00;;1;1125
12452;01/12/2025;f;$200.00;;1;1125
12452;02/12/2025;f;$200.00;;1;1125
12452;03/12/2025;f;$200.00;;1;1125
12452;04/12/2025;f;$200.00;;1;1125
12452;05/12/2025;f;$200.00;;1;1125
12452;06/12/2025;f;$200.00;;1;1125
12452;07/12/2025;f;$200.00;;1;1125
17994;09/12/2024;t;$1,200.00;;4;120
17994;10/12/2024;t;$1,200.00;;4;120
17994;11/12/2024;t;$1,200.00;;4;120
17994;12/12/2024;t;$1,200.00;;4;120
17994;13/12/2024;t;$1,200.00;;4;120
17994;14/12/2024;t;$1,200.00;;4;120
17994;15/12/2024;t;$1,200.00;;4;120
17994;16/12/2024;t;$1,200.00;;4;120
17994;17/12/2024;t;$1,200.00;;4;120
17994;18/12/2024;t;$1,200.00;;4;120
17994;19/12/2024;t;$1,200.00;;4;120
17994;20/12/2024;t;$1,200.00;;4;120
17994;21/12/2024;t;$1,200.00;;4;120
17994;22/12/2024;t;$1,200.00;;4;120
17994;23/12/2024;t;$1,200.00;;4;120
17994;24/12/2024;t;$1,200.00;;4;120
17994;25/12/2024;t;$1,200.00;;4;120
17994;26/12/2024;t;$1,200.00;;4;120
17994;27/12/2024;t;$1,200.00;;4;120
17994;28/12/2024;t;$1,200.00;;4;120
17994;29/12/2024;t;$1,200.00;;4;120
17994;30/12/2024;t;$1,200.00;;4;120
17994;31/12/2024;t;$1,200.00;;4;120
17994;01/01/2025;t;$1,200.00;;4;120
17994;02/01/2025;t;$1,200.00;;4;120
17994;03/01/2025;t;$1,200.00;;4;120
17994;04/01/2025;t;$1,200.00;;4;120
17994;05/01/2025;t;$1,200.00;;4;120
17994;06/01/2025;t;$1,200.00;;4;120
17994;07/01/2025;t;$1,200.00;;4;120
17994;08/01/2025;t;$1,200.00;;4;120
17994;09/01/2025;t;$1,200.00;;4;120
17994;10/01/2025;t;$1,200.00;;4;120
17994;11/01/2025;t;$1,200.00;;4;120
17994;12/01/2025;t;$1,200.00;;4;120
17994;13/01/2025;t;$1,200.00;;4;120
17994;14/01/2025;t;$1,200.00;;4;120
17994;15/01/2025;t;$1,200.00;;4;120
17994;16/01/2025;t;$1,200.00;;4;120
17994;17/01/2025;t;$1,200.00;;4;120
17994;18/01/2025;t;$1,200.00;;4;120
17994;19/01/2025;t;$1,200.00;;4;120
17994;20/01/2025;t;$1,200.00;;4;120
17994;21/01/2025;t;$1,200.00;;4;120
17994;22/01/2025;t;$1,200.00;;4;120
17994;23/01/2025;t;$1,200.00;;4;120
17994;24/01/2025;t;$1,200.00;;4;120
17994;25/01/2025;t;$1,200.00;;4;120
17994;26/01/2025;t;$1,200.00;;4;120
17994;27/01/2025;t;$1,200.00;;4;120
17994;28/01/2025;t;$1,200.00;;4;120
17994;29/01/2025;t;$1,200.00;;4;120
17994;30/01/2025;t;$1,200.00;;4;120
17994;31/01/2025;t;$1,200.00;;4;120
17994;01/02/2025;t;$1,200.00;;4;120
17994;02/02/2025;t;$1,200.00;;4;120
17994;03/02/2025;t;$1,200.00;;4;120
17994;04/02/2025;t;$1,200.00;;4;120
17994;05/02/2025;t;$1,200.00;;4;120
17994;06/02/2025;t;$1,200.00;;4;120
17994;07/02/2025;t;$1,200.00;;4;120
17994;08/02/2025;t;$1,200.00;;4;120
17994;09/02/2025;t;$1,200.00;;4;120
17994;10/02/2025;t;$1,200.00;;4;120
17994;11/02/2025;t;$1,200.00;;4;120
17994;12/02/2025;t;$1,200.00;;4;120
17994;13/02/2025;t;$1,200.00;;4;120
17994;14/02/2025;t;$1,200.00;;4;120
17994;15/02/2025;t;$1,200.00;;4;120
17994;16/02/2025;t;$1,200.00;;4;120
17994;17/02/2025;t;$1,200.00;;4;120
17994;18/02/2025;t;$1,200.00;;4;120
17994;19/02/2025;t;$1,200.00;;4;120
17994;20/02/2025;t;$1,200.00;;4;120
17994;21/02/2025;t;$1,200.00;;4;120
17994;22/02/2025;t;$1,200.00;;4;120
17994;23/02/2025;t;$1,200.00;;4;120
17994;24/02/2025;t;$1,200.00;;4;120
17994;25/02/2025;t;$1,200.00;;4;120
17994;26/02/2025;t;$1,200.00;;4;120
17994;27/02/2025;t;$1,200.00;;4;120
17994;28/02/2025;t;$1,200.00;;4;120
17994;01/03/2025;t;$1,200.00;;4;120
17994;02/03/2025;t;$1,200.00;;4;120
17994;03/03/2025;t;$1,200.00;;4;120
17994;04/03/2025;t;$1,200.00;;4;120
17994;05/03/2025;t;$1,200.00;;4;120
17994;06/03/2025;t;$1,200.00;;4;120
17994;07/03/2025;t;$1,200.00;;4;120
17994;08/03/2025;t;$1,200.00;;4;120
17994;09/03/2025;t;$1,200.00;;4;120
17994;10/03/2025;t;$1,200.00;;4;120
17994;11/03/2025;t;$1,200.00;;4;120
17994;12/03/2025;t;$1,200.00;;4;120
17994;13/03/2025;t;$1,200.00;;4;120
17994;14/03/2025;t;$1,200.00;;4;120
17994;15/03/2025;t;$1,200.00;;4;120
17994;16/03/2025;t;$1,200.00;;4;120
17994;17/03/2025;t;$1,200.00;;4;120
17994;18/03/2025;t;$1,200.00;;4;120
17994;19/03/2025;t;$1,200.00;;4;120
17994;20/03/2025;t;$1,200.00;;4;120
17994;21/03/2025;t;$1,200.00;;4;120
17994;22/03/2025;t;$1,200.00;;4;120
17994;23/03/2025;t;$1,200.00;;4;120
17994;24/03/2025;t;$1,200.00;;4;120
17994;25/03/2025;t;$1,200.00;;4;120
17994;26/03/2025;t;$1,200.00;;4;120
17994;27/03/2025;t;$1,200.00;;4;120
17994;28/03/2025;t;$1,200.00;;4;120
17994;29/03/2025;t;$1,200.00;;4;120
17994;30/03/2025;t;$1,200.00;;4;120
17994;31/03/2025;t;$1,200.00;;4;120
17994;01/04/2025;t;$1,200.00;;4;120
17994;02/04/2025;t;$1,200.00;;4;120
17994;03/04/2025;t;$1,200.00;;4;120
17994;04/04/2025;t;$1,200.00;;4;120
17994;05/04/2025;t;$1,200.00;;4;120
17994;06/04/2025;t;$1,200.00;;4;120
17994;07/04/2025;t;$1,200.00;;4;120
17994;08/04/2025;t;$1,200.00;;4;120
17994;09/04/2025;t;$1,200.00;;4;120
17994;10/04/2025;t;$1,200.00;;4;120
17994;11/04/2025;t;$1,200.00;;4;120
17994;12/04/2025;t;$1,200.00;;4;120
17994;13/04/2025;t;$1,200.00;;4;120
17994;14/04/2025;t;$1,200.00;;4;120
17994;15/04/2025;t;$1,200.00;;4;120
17994;16/04/2025;t;$1,200.00;;4;120
17994;17/04/2025;t;$1,200.00;;4;120
17994;18/04/2025;t;$1,200.00;;4;120
17994;19/04/2025;t;$1,200.00;;4;120
17994;20/04/2025;t;$1,200.00;;4;120
17994;21/04/2025;t;$1,200.00;;4;120
17994;22/04/2025;t;$1,200.00;;4;120
17994;23/04/2025;t;$1,200.00;;4;120
17994;24/04/2025;t;$1,200.00;;4;120
17994;25/04/2025;t;$1,200.00;;4;120
17994;26/04/2025;t;$1,200.00;;4;120
17994;27/04/2025;t;$1,200.00;;4;120
17994;28/04/2025;t;$1,200.00;;4;120
17994;29/04/2025;t;$1,200.00;;4;120
17994;30/04/2025;t;$1,200.00;;4;120
17994;01/05/2025;t;$1,200.00;;4;120
17994;02/05/2025;t;$1,200.00;;4;120
17994;03/05/2025;t;$1,200.00;;4;120
17994;04/05/2025;t;$1,200.00;;4;120
17994;05/05/2025;t;$1,200.00;;4;120
17994;06/05/2025;t;$1,200.00;;4;120
17994;07/05/2025;t;$1,200.00;;4;120
17994;08/05/2025;t;$1,200.00;;4;120
17994;09/05/2025;t;$1,200.00;;4;120
17994;10/05/2025;t;$1,200.00;;4;120
17994;11/05/2025;t;$1,200.00;;4;120
17994;12/05/2025;t;$1,200.00;;4;120
17994;13/05/2025;t;$1,200.00;;4;120
17994;14/05/2025;t;$1,200.00;;4;120
17994;15/05/2025;t;$1,200.00;;4;120
17994;16/05/2025;t;$1,200.00;;4;120
17994;17/05/2025;t;$1,200.00;;4;120
17994;18/05/2025;t;$1,200.00;;4;120
17994;19/05/2025;t;$1,200.00;;4;120
17994;20/05/2025;t;$1,200.00;;4;120
17994;21/05/2025;t;$1,200.00;;4;120
17994;22/05/2025;t;$1,200.00;;4;120
17994;23/05/2025;t;$1,200.00;;4;120
17994;24/05/2025;t;$1,200.00;;4;120
17994;25/05/2025;t;$1,200.00;;4;120
17994;26/05/2025;t;$1,200.00;;4;120
17994;27/05/2025;t;$1,200.00;;4;120
17994;28/05/2025;t;$1,200.00;;4;120
17994;29/05/2025;t;$1,200.00;;4;120
17994;30/05/2025;t;$1,200.00;;4;120
17994;31/05/2025;t;$1,200.00;;4;120
17994;01/06/2025;t;$1,200.00;;4;120
17994;02/06/2025;t;$1,200.00;;4;120
17994;03/06/2025;t;$1,200.00;;4;120
17994;04/06/2025;t;$1,200.00;;4;120
17994;05/06/2025;t;$1,200.00;;4;120
17994;06/06/2025;t;$1,200.00;;4;120
17994;07/06/2025;t;$1,200.00;;4;120
17994;08/06/2025;t;$1,200.00;;4;120
17994;09/06/2025;t;$1,200.00;;4;120
17994;10/06/2025;t;$1,200.00;;4;120
17994;11/06/2025;t;$1,200.00;;4;120
17994;12/06/2025;t;$1,200.00;;4;120
17994;13/06/2025;t;$1,200.00;;4;120
17994;14/06/2025;t;$1,200.00;;4;120
17994;15/06/2025;t;$1,200.00;;4;120
17994;16/06/2025;t;$1,200.00;;4;120
17994;17/06/2025;t;$1,200.00;;4;120
17994;18/06/2025;t;$1,200.00;;4;120
17994;19/06/2025;t;$1,200.00;;4;120
17994;20/06/2025;t;$1,200.00;;4;120
17994;21/06/2025;t;$1,200.00;;4;120
17994;22/06/2025;t;$1,200.00;;4;120
17994;23/06/2025;t;$1,200.00;;4;120
17994;24/06/2025;t;$1,200.00;;4;120
17994;25/06/2025;t;$1,200.00;;4;120
17994;26/06/2025;t;$1,200.00;;4;120
17994;27/06/2025;t;$1,200.00;;4;120
17994;28/06/2025;t;$1,200.00;;4;120
17994;29/06/2025;t;$1,200.00;;4;120
17994;30/06/2025;t;$1,200.00;;4;120
17994;01/07/2025;t;$1,200.00;;4;120
17994;02/07/2025;t;$1,200.00;;4;120
17994;03/07/2025;t;$1,200.00;;4;120
17994;04/07/2025;t;$1,200.00;;4;120
17994;05/07/2025;t;$1,200.00;;4;120
17994;06/07/2025;t;$1,200.00;;4;120
17994;07/07/2025;t;$1,200.00;;4;120
17994;08/07/2025;t;$1,200.00;;4;120
17994;09/07/2025;t;$1,200.00;;4;120
17994;10/07/2025;t;$1,200.00;;4;120
17994;11/07/2025;t;$1,200.00;;4;120
17994;12/07/2025;t;$1,200.00;;4;120
17994;13/07/2025;t;$1,200.00;;4;120
17994;14/07/2025;t;$1,200.00;;4;120
17994;15/07/2025;t;$1,200.00;;4;120
17994;16/07/2025;t;$1,200.00;;4;120
17994;17/07/2025;t;$1,200.00;;4;120
17994;18/07/2025;t;$1,200.00;;4;120
17994;19/07/2025;t;$1,200.00;;4;120
17994;20/07/2025;t;$1,200.00;;4;120
17994;21/07/2025;t;$1,200.00;;4;120
17994;22/07/2025;t;$1,200.00;;4;120
17994;23/07/2025;t;$1,200.00;;4;120
17994;24/07/2025;t;$1,200.00;;4;120
17994;25/07/2025;t;$1,200.00;;4;120
17994;26/07/2025;t;$1,200.00;;4;120
17994;27/07/2025;t;$1,200.00;;4;120
17994;28/07/2025;t;$1,200.00;;4;120
17994;29/07/2025;t;$1,200.00;;4;120
17994;30/07/2025;t;$1,200.00;;4;120
17994;31/07/2025;t;$1,200.00;;4;120
17994;01/08/2025;t;$1,200.00;;4;120
17994;02/08/2025;t;$1,200.00;;4;120
17994;03/08/2025;t;$1,200.00;;4;120
17994;04/08/2025;t;$1,200.00;;4;120
17994;05/08/2025;t;$1,200.00;;4;120
17994;06/08/2025;t;$1,200.00;;4;120
17994;07/08/2025;t;$1,200.00;;4;120
17994;08/08/2025;t;$1,200.00;;4;120
17994;09/08/2025;t;$1,200.00;;4;120
17994;10/08/2025;t;$1,200.00;;4;120
17994;11/08/2025;t;$1,200.00;;4;120
17994;12/08/2025;t;$1,200.00;;4;120
17994;13/08/2025;t;$1,200.00;;4;120
17994;14/08/2025;t;$1,200.00;;4;120
17994;15/08/2025;t;$1,200.00;;4;120
17994;16/08/2025;t;$1,200.00;;4;120
17994;17/08/2025;t;$1,200.00;;4;120
17994;18/08/2025;t;$1,200.00;;4;120
17994;19/08/2025;t;$1,200.00;;4;120
17994;20/08/2025;t;$1,200.00;;4;120
17994;21/08/2025;t;$1,200.00;;4;120
17994;22/08/2025;t;$1,200.00;;4;120
17994;23/08/2025;t;$1,200.00;;4;120
17994;24/08/2025;t;$1,200.00;;4;120
17994;25/08/2025;t;$1,200.00;;4;120
17994;26/08/2025;t;$1,200.00;;4;120
17994;27/08/2025;t;$1,200.00;;4;120
17994;28/08/2025;t;$1,200.00;;4;120
17994;29/08/2025;t;$1,200.00;;4;120
17994;30/08/2025;t;$1,200.00;;4;120
17994;31/08/2025;t;$1,200.00;;4;120
17994;01/09/2025;t;$1,200.00;;4;120
17994;02/09/2025;t;$1,200.00;;4;120
17994;03/09/2025;t;$1,200.00;;4;120
17994;04/09/2025;t;$1,200.00;;4;120
17994;05/09/2025;t;$1,200.00;;4;120
17994;06/09/2025;t;$1,200.00;;4;120
17994;07/09/2025;t;$1,200.00;;4;120
17994;08/09/2025;t;$1,200.00;;4;120
17994;09/09/2025;t;$1,200.00;;4;120
17994;10/09/2025;t;$1,200.00;;4;120
17994;11/09/2025;t;$1,200.00;;4;120
17994;12/09/2025;t;$1,200.00;;4;120
17994;13/09/2025;t;$1,200.00;;4;120
17994;14/09/2025;t;$1,200.00;;4;120
17994;15/09/2025;t;$1,200.00;;4;120
17994;16/09/2025;t;$1,200.00;;4;120
17994;17/09/2025;t;$1,200.00;;4;120
17994;18/09/2025;t;$1,200.00;;4;120
17994;19/09/2025;t;$1,200.00;;4;120
17994;20/09/2025;t;$1,200.00;;4;120
17994;21/09/2025;t;$1,200.00;;4;120
17994;22/09/2025;t;$1,200.00;;4;120
17994;23/09/2025;t;$1,200.00;;4;120
17994;24/09/2025;t;$1,200.00;;4;120
17994;25/09/2025;t;$1,200.00;;4;120
17994;26/09/2025;t;$1,200.00;;4;120
17994;27/09/2025;t;$1,200.00;;4;120
17994;28/09/2025;t;$1,200.00;;4;120
17994;29/09/2025;t;$1,200.00;;4;120
17994;30/09/2025;t;$1,200.00;;4;120
17994;01/10/2025;t;$1,200.00;;4;120
17994;02/10/2025;t;$1,200.00;;4;120
17994;03/10/2025;t;$1,200.00;;4;120
17994;04/10/2025;t;$1,200.00;;4;120
17994;05/10/2025;t;$1,200.00;;4;120
17994;06/10/2025;t;$1,200.00;;4;120
17994;07/10/2025;t;$1,200.00;;4;120
17994;08/10/2025;t;$1,200.00;;4;120
17994;09/10/2025;t;$1,200.00;;4;120
17994;10/10/2025;t;$1,200.00;;4;120
17994;11/10/2025;t;$1,200.00;;4;120
17994;12/10/2025;t;$1,200.00;;4;120
17994;13/10/2025;t;$1,200.00;;4;120
17994;14/10/2025;t;$1,200.00;;4;120
17994;15/10/2025;t;$1,200.00;;4;120
17994;16/10/2025;t;$1,200.00;;4;120
17994;17/10/2025;t;$1,200.00;;4;120
17994;18/10/2025;t;$1,200.00;;4;120
17994;19/10/2025;t;$1,200.00;;4;120
17994;20/10/2025;t;$1,200.00;;4;120
17994;21/10/2025;t;$1,200.00;;4;120
17994;22/10/2025;t;$1,200.00;;4;120
17994;23/10/2025;t;$1,200.00;;4;120
17994;24/10/2025;t;$1,200.00;;4;120
17994;25/10/2025;t;$1,200.00;;4;120
17994;26/10/2025;t;$1,200.00;;4;120
17994;27/10/2025;t;$1,200.00;;4;120
17994;28/10/2025;t;$1,200.00;;4;120
17994;29/10/2025;t;$1,200.00;;4;120
17994;30/10/2025;t;$1,200.00;;4;120
17994;31/10/2025;t;$1,200.00;;4;120
17994;01/11/2025;t;$1,200.00;;4;120
17994;02/11/2025;t;$1,200.00;;4;120
17994;03/11/2025;t;$1,200.00;;4;120
17994;04/11/2025;t;$1,200.00;;4;120
17994;05/11/2025;t;$1,200.00;;4;120
17994;06/11/2025;t;$1,200.00;;4;120
17994;07/11/2025;t;$1,200.00;;4;120
17994;08/11/2025;t;$1,200.00;;4;120
17994;09/11/2025;t;$1,200.00;;4;120
17994;10/11/2025;t;$1,200.00;;4;120
17994;11/11/2025;t;$1,200.00;;4;120
17994;12/11/2025;t;$1,200.00;;4;120
17994;13/11/2025;t;$1,200.00;;4;120
17994;14/11/2025;t;$1,200.00;;4;120
17994;15/11/2025;t;$1,200.00;;4;120
17994;16/11/2025;t;$1,200.00;;4;120
17994;17/11/2025;t;$1,200.00;;4;120
17994;18/11/2025;t;$1,200.00;;4;120
17994;19/11/2025;t;$1,200.00;;4;120
17994;20/11/2025;t;$1,200.00;;4;120
17994;21/11/2025;t;$1,200.00;;4;120
17994;22/11/2025;t;$1,200.00;;4;120
17994;23/11/2025;t;$1,200.00;;4;120
17994;24/11/2025;t;$1,200.00;;4;120
17994;25/11/2025;t;$1,200.00;;4;120
17994;26/11/2025;t;$1,200.00;;4;120
17994;27/11/2025;t;$1,200.00;;4;120
17994;28/11/2025;t;$1,200.00;;4;120
17994;29/11/2025;t;$1,200.00;;4;120
17994;30/11/2025;t;$1,200.00;;4;120
17994;01/12/2025;t;$1,200.00;;4;120
17994;02/12/2025;t;$1,200.00;;4;120
17994;03/12/2025;t;$1,200.00;;4;120
17994;04/12/2025;t;$1,200.00;;4;120
17994;05/12/2025;t;$1,200.00;;4;120
17994;06/12/2025;t;$1,200.00;;4;120
17994;07/12/2025;t;$1,200.00;;4;120
17994;08/12/2025;t;$1,200.00;;4;120
24260;07/12/2024;f;$115.00;;2;300
24260;08/12/2024;f;$115.00;;2;300
24260;09/12/2024;f;$115.00;;2;300
24260;10/12/2024;f;$115.00;;2;300
24260;11/12/2024;f;$115.00;;2;300
24260;12/12/2024;f;$115.00;;2;300
24260;13/12/2024;f;$115.00;;2;300
24260;14/12/2024;f;$115.00;;2;300
24260;15/12/2024;f;$115.00;;2;300
24260;16/12/2024;f;$115.00;;2;300
24260;17/12/2024;t;$115.00;;2;300
24260;18/12/2024;t;$115.00;;2;300
24260;19/12/2024;t;$115.00;;2;300
24260;20/12/2024;t;$115.00;;2;300
24260;21/12/2024;t;$115.00;;2;300
24260;22/12/2024;t;$115.00;;2;300
24260;23/12/2024;t;$115.00;;2;300
24260;24/12/2024;t;$115.00;;2;300
24260;25/12/2024;t;$115.00;;2;300
24260;26/12/2024;t;$115.00;;2;300
24260;27/12/2024;t;$115.00;;2;300
24260;28/12/2024;t;$115.00;;2;300
24260;29/12/2024;t;$115.00;;2;300
24260;30/12/2024;t;$115.00;;2;300
24260;31/12/2024;t;$115.00;;2;300
24260;01/01/2025;t;$115.00;;2;300
24260;02/01/2025;t;$115.00;;2;300
24260;03/01/2025;t;$115.00;;2;300
24260;04/01/2025;t;$115.00;;2;300
24260;05/01/2025;t;$115.00;;2;300
24260;06/01/2025;t;$115.00;;2;300
24260;07/01/2025;t;$115.00;;2;300
24260;08/01/2025;t;$115.00;;2;300
24260;09/01/2025;t;$115.00;;2;300
24260;10/01/2025;t;$115.00;;2;300
24260;11/01/2025;t;$115.00;;2;300
24260;12/01/2025;t;$115.00;;2;300
24260;13/01/2025;t;$115.00;;2;300
24260;14/01/2025;t;$115.00;;2;300
24260;15/01/2025;t;$115.00;;2;300
24260;16/01/2025;t;$115.00;;2;300
24260;17/01/2025;t;$115.00;;2;300
24260;18/01/2025;t;$115.00;;2;300
24260;19/01/2025;t;$115.00;;2;300
24260;20/01/2025;t;$115.00;;2;300
24260;21/01/2025;t;$115.00;;2;300
24260;22/01/2025;t;$115.00;;2;300
24260;23/01/2025;t;$115.00;;2;300
24260;24/01/2025;t;$115.00;;2;300
24260;25/01/2025;t;$115.00;;2;300
24260;26/01/2025;t;$115.00;;2;300
24260;27/01/2025;t;$115.00;;2;300
24260;28/01/2025;t;$115.00;;2;300
24260;29/01/2025;t;$115.00;;2;300
24260;30/01/2025;t;$115.00;;2;300
24260;31/01/2025;t;$115.00;;2;300
24260;01/02/2025;t;$115.00;;2;300
24260;02/02/2025;t;$115.00;;2;300
24260;03/02/2025;t;$115.00;;2;300
24260;04/02/2025;t;$115.00;;2;300
24260;05/02/2025;t;$115.00;;2;300
24260;06/02/2025;t;$115.00;;2;300
24260;07/02/2025;t;$115.00;;2;300
24260;08/02/2025;t;$115.00;;2;300
24260;09/02/2025;t;$115.00;;2;300
24260;10/02/2025;t;$115.00;;2;300
24260;11/02/2025;t;$115.00;;2;300
24260;12/02/2025;t;$115.00;;2;300
24260;13/02/2025;t;$115.00;;2;300
24260;14/02/2025;t;$115.00;;2;300
24260;15/02/2025;t;$115.00;;2;300
24260;16/02/2025;t;$115.00;;2;300
24260;17/02/2025;t;$115.00;;2;300
24260;18/02/2025;t;$115.00;;2;300
24260;19/02/2025;t;$115.00;;2;300
24260;20/02/2025;t;$115.00;;2;300
24260;21/02/2025;t;$115.00;;2;300
24260;22/02/2025;t;$115.00;;2;300
24260;23/02/2025;t;$115.00;;2;300
24260;24/02/2025;t;$115.00;;2;300
24260;25/02/2025;t;$115.00;;2;300
24260;26/02/2025;t;$115.00;;2;300
24260;27/02/2025;t;$115.00;;2;300
24260;28/02/2025;t;$115.00;;2;300
24260;01/03/2025;t;$115.00;;2;300
24260;02/03/2025;t;$115.00;;2;300
24260;03/03/2025;t;$115.00;;2;300
24260;04/03/2025;t;$115.00;;2;300
24260;05/03/2025;t;$115.00;;2;300
24260;06/03/2025;t;$115.00;;2;300
24260;07/03/2025;t;$115.00;;2;300
24260;08/03/2025;t;$115.00;;2;300
24260;09/03/2025;t;$115.00;;2;300
24260;10/03/2025;t;$115.00;;2;300
24260;11/03/2025;t;$115.00;;2;300
24260;12/03/2025;t;$115.00;;2;300
24260;13/03/2025;t;$115.00;;2;300
24260;14/03/2025;t;$115.00;;2;300
24260;15/03/2025;t;$115.00;;2;300
24260;16/03/2025;t;$115.00;;2;300
24260;17/03/2025;t;$115.00;;2;300
24260;18/03/2025;t;$115.00;;2;300
24260;19/03/2025;t;$115.00;;2;300
24260;20/03/2025;t;$115.00;;2;300
24260;21/03/2025;t;$115.00;;2;300
24260;22/03/2025;t;$115.00;;2;300
24260;23/03/2025;t;$115.00;;2;300
24260;24/03/2025;t;$115.00;;2;300
24260;25/03/2025;t;$115.00;;2;300
24260;26/03/2025;t;$115.00;;2;300
24260;27/03/2025;t;$115.00;;2;300
24260;28/03/2025;t;$115.00;;2;300
24260;29/03/2025;t;$115.00;;2;300
24260;30/03/2025;t;$115.00;;2;300
24260;31/03/2025;t;$115.00;;2;300
24260;01/04/2025;t;$115.00;;2;300
24260;02/04/2025;t;$115.00;;2;300
24260;03/04/2025;t;$115.00;;2;300
24260;04/04/2025;t;$115.00;;2;300
24260;05/04/2025;t;$115.00;;2;300
24260;06/04/2025;t;$115.00;;2;300
24260;07/04/2025;t;$115.00;;2;300
24260;08/04/2025;t;$115.00;;2;300
24260;09/04/2025;t;$115.00;;2;300
24260;10/04/2025;t;$115.00;;2;300
24260;11/04/2025;t;$115.00;;2;300
24260;12/04/2025;t;$115.00;;2;300
24260;13/04/2025;t;$115.00;;2;300
24260;14/04/2025;t;$115.00;;2;300
24260;15/04/2025;t;$115.00;;2;300
24260;16/04/2025;t;$115.00;;2;300
24260;17/04/2025;t;$115.00;;2;300
24260;18/04/2025;t;$115.00;;2;300
24260;19/04/2025;t;$115.00;;2;300
24260;20/04/2025;t;$115.00;;2;300
24260;21/04/2025;t;$115.00;;2;300
24260;22/04/2025;t;$115.00;;2;300
24260;23/04/2025;t;$115.00;;2;300
24260;24/04/2025;t;$115.00;;2;300
24260;25/04/2025;t;$115.00;;2;300
24260;26/04/2025;t;$115.00;;2;300
24260;27/04/2025;t;$115.00;;2;300
24260;28/04/2025;t;$115.00;;2;300
24260;29/04/2025;t;$115.00;;2;300
24260;30/04/2025;t;$115.00;;2;300
24260;01/05/2025;t;$115.00;;2;300
24260;02/05/2025;t;$115.00;;2;300
24260;03/05/2025;t;$115.00;;2;300
24260;04/05/2025;t;$115.00;;2;300
24260;05/05/2025;t;$115.00;;2;300
24260;06/05/2025;t;$115.00;;2;300
24260;07/05/2025;t;$115.00;;2;300
24260;08/05/2025;t;$115.00;;2;300
24260;09/05/2025;t;$115.00;;2;300
24260;10/05/2025;t;$115.00;;2;300
24260;11/05/2025;t;$115.00;;2;300
24260;12/05/2025;t;$115.00;;2;300
24260;13/05/2025;t;$115.00;;2;300
24260;14/05/2025;t;$115.00;;2;300
24260;15/05/2025;t;$115.00;;2;300
24260;16/05/2025;t;$115.00;;2;300
24260;17/05/2025;t;$115.00;;2;300
24260;18/05/2025;t;$115.00;;2;300
24260;19/05/2025;t;$115.00;;2;300
24260;20/05/2025;t;$115.00;;2;300
24260;21/05/2025;t;$115.00;;2;300
24260;22/05/2025;t;$115.00;;2;300
24260;23/05/2025;t;$115.00;;2;300
24260;24/05/2025;t;$115.00;;2;300
24260;25/05/2025;t;$115.00;;2;300
24260;26/05/2025;t;$115.00;;2;300
24260;27/05/2025;t;$115.00;;2;300
24260;28/05/2025;t;$115.00;;2;300
24260;29/05/2025;t;$115.00;;2;300
24260;30/05/2025;t;$115.00;;2;300
24260;31/05/2025;t;$115.00;;2;300
24260;01/06/2025;t;$115.00;;2;300
24260;02/06/2025;t;$115.00;;2;300
24260;03/06/2025;t;$115.00;;2;300
24260;04/06/2025;t;$115.00;;2;300
24260;05/06/2025;t;$115.00;;2;300
24260;06/06/2025;t;$115.00;;2;300
24260;07/06/2025;t;$115.00;;2;300
24260;08/06/2025;t;$115.00;;2;300
24260;09/06/2025;t;$115.00;;2;300
24260;10/06/2025;t;$115.00;;2;300
24260;11/06/2025;t;$115.00;;2;300
24260;12/06/2025;t;$115.00;;2;300
24260;13/06/2025;t;$115.00;;2;300
24260;14/06/2025;t;$115.00;;2;300
24260;15/06/2025;t;$115.00;;2;300
24260;16/06/2025;t;$115.00;;2;300
24260;17/06/2025;t;$115.00;;2;300
24260;18/06/2025;t;$115.00;;2;300
24260;19/06/2025;t;$115.00;;2;300
24260;20/06/2025;t;$115.00;;2;300
24260;21/06/2025;t;$115.00;;2;300
24260;22/06/2025;t;$115.00;;2;300
24260;23/06/2025;t;$115.00;;2;300
24260;24/06/2025;t;$115.00;;2;300
24260;25/06/2025;t;$115.00;;2;300
24260;26/06/2025;t;$115.00;;2;300
24260;27/06/2025;t;$115.00;;2;300
24260;28/06/2025;t;$115.00;;2;300
24260;29/06/2025;t;$115.00;;2;300
24260;30/06/2025;t;$115.00;;2;300
24260;01/07/2025;t;$115.00;;2;300
24260;02/07/2025;t;$115.00;;2;300
24260;03/07/2025;t;$115.00;;2;300
24260;04/07/2025;t;$115.00;;2;300
24260;05/07/2025;t;$115.00;;2;300
24260;06/07/2025;t;$115.00;;2;300
24260;07/07/2025;t;$115.00;;2;300
24260;08/07/2025;t;$115.00;;2;300
24260;09/07/2025;t;$115.00;;2;300
24260;10/07/2025;t;$115.00;;2;300
24260;11/07/2025;t;$115.00;;2;300
24260;12/07/2025;t;$115.00;;2;300
24260;13/07/2025;t;$115.00;;2;300
24260;14/07/2025;t;$115.00;;2;300
24260;15/07/2025;t;$115.00;;2;300
24260;16/07/2025;t;$115.00;;2;300
24260;17/07/2025;t;$115.00;;2;300
24260;18/07/2025;t;$115.00;;2;300
24260;19/07/2025;t;$115.00;;2;300
24260;20/07/2025;t;$115.00;;2;300
24260;21/07/2025;t;$115.00;;2;300
24260;22/07/2025;t;$115.00;;2;300
24260;23/07/2025;t;$115.00;;2;300
24260;24/07/2025;t;$115.00;;2;300
24260;25/07/2025;t;$115.00;;2;300
24260;26/07/2025;t;$115.00;;2;300
24260;27/07/2025;t;$115.00;;2;300
24260;28/07/2025;t;$115.00;;2;300
24260;29/07/2025;t;$115.00;;2;300
24260;30/07/2025;t;$115.00;;2;300
24260;31/07/2025;t;$115.00;;2;300
24260;01/08/2025;t;$115.00;;2;300
24260;02/08/2025;t;$115.00;;2;300
24260;03/08/2025;t;$115.00;;2;300
24260;04/08/2025;t;$115.00;;2;300
24260;05/08/2025;t;$115.00;;2;300
24260;06/08/2025;t;$115.00;;2;300
24260;07/08/2025;t;$115.00;;2;300
24260;08/08/2025;t;$115.00;;2;300
24260;09/08/2025;t;$115.00;;2;300
24260;10/08/2025;t;$115.00;;2;300
24260;11/08/2025;t;$115.00;;2;300
24260;12/08/2025;t;$115.00;;2;300
24260;13/08/2025;t;$115.00;;2;300
24260;14/08/2025;t;$115.00;;2;300
24260;15/08/2025;t;$115.00;;2;300
24260;16/08/2025;t;$115.00;;2;300
24260;17/08/2025;t;$115.00;;2;300
24260;18/08/2025;t;$115.00;;2;300
24260;19/08/2025;t;$115.00;;2;300
24260;20/08/2025;t;$115.00;;2;300
24260;21/08/2025;t;$115.00;;2;300
24260;22/08/2025;t;$115.00;;2;300
24260;23/08/2025;t;$115.00;;2;300
24260;24/08/2025;t;$115.00;;2;300
24260;25/08/2025;t;$115.00;;2;300
24260;26/08/2025;t;$115.00;;2;300
24260;27/08/2025;t;$115.00;;2;300
24260;28/08/2025;t;$115.00;;2;300
24260;29/08/2025;t;$115.00;;2;300
24260;30/08/2025;t;$115.00;;2;300
24260;31/08/2025;t;$115.00;;2;300
24260;01/09/2025;t;$115.00;;2;300
24260;02/09/2025;t;$115.00;;2;300
24260;03/09/2025;t;$115.00;;2;300
24260;04/09/2025;t;$115.00;;2;300
24260;05/09/2025;t;$115.00;;2;300
24260;06/09/2025;t;$115.00;;2;300
24260;07/09/2025;t;$115.00;;2;300
24260;08/09/2025;t;$115.00;;2;300
24260;09/09/2025;t;$115.00;;2;300
24260;10/09/2025;t;$115.00;;2;300
24260;11/09/2025;t;$115.00;;2;300
24260;12/09/2025;t;$115.00;;2;300
24260;13/09/2025;t;$115.00;;2;300
24260;14/09/2025;t;$115.00;;2;300
24260;15/09/2025;t;$115.00;;2;300
24260;16/09/2025;t;$115.00;;2;300
24260;17/09/2025;t;$115.00;;2;300
24260;18/09/2025;t;$115.00;;2;300
24260;19/09/2025;t;$115.00;;2;300
24260;20/09/2025;t;$115.00;;2;300
24260;21/09/2025;t;$115.00;;2;300
24260;22/09/2025;t;$115.00;;2;300
24260;23/09/2025;t;$115.00;;2;300
24260;24/09/2025;t;$115.00;;2;300
24260;25/09/2025;t;$115.00;;2;300
24260;26/09/2025;t;$115.00;;2;300
24260;27/09/2025;t;$115.00;;2;300
24260;28/09/2025;t;$115.00;;2;300
24260;29/09/2025;t;$115.00;;2;300
24260;30/09/2025;t;$115.00;;2;300
24260;01/10/2025;t;$115.00;;2;300
24260;02/10/2025;t;$115.00;;2;300
24260;03/10/2025;t;$115.00;;2;300
24260;04/10/2025;t;$115.00;;2;300
24260;05/10/2025;t;$115.00;;2;300
24260;06/10/2025;t;$115.00;;2;300
24260;07/10/2025;t;$115.00;;2;300
24260;08/10/2025;t;$115.00;;2;300
24260;09/10/2025;t;$115.00;;2;300
24260;10/10/2025;t;$115.00;;2;300
24260;11/10/2025;t;$115.00;;2;300
24260;12/10/2025;t;$115.00;;2;300
24260;13/10/2025;t;$115.00;;2;300
24260;14/10/2025;t;$115.00;;2;300
24260;15/10/2025;t;$115.00;;2;300
24260;16/10/2025;t;$115.00;;2;300
24260;17/10/2025;t;$115.00;;2;300
24260;18/10/2025;t;$115.00;;2;300
24260;19/10/2025;t;$115.00;;2;300
24260;20/10/2025;t;$115.00;;2;300
24260;21/10/2025;t;$115.00;;2;300
24260;22/10/2025;t;$115.00;;2;300
24260;23/10/2025;t;$115.00;;2;300
24260;24/10/2025;t;$115.00;;2;300
24260;25/10/2025;t;$115.00;;2;300
24260;26/10/2025;t;$115.00;;2;300
24260;27/10/2025;t;$115.00;;2;300
24260;28/10/2025;t;$115.00;;2;300
24260;29/10/2025;t;$115.00;;2;300
24260;30/10/2025;t;$115.00;;2;300
24260;31/10/2025;t;$115.00;;2;300
24260;01/11/2025;t;$115.00;;2;300
24260;02/11/2025;t;$115.00;;2;300
24260;03/11/2025;t;$115.00;;2;300
24260;04/11/2025;t;$115.00;;2;300
24260;05/11/2025;t;$115.00;;2;300
24260;06/11/2025;t;$115.00;;2;300
24260;07/11/2025;t;$115.00;;2;300
24260;08/11/2025;t;$115.00;;2;300
24260;09/11/2025;t;$115.00;;2;300
24260;10/11/2025;t;$115.00;;2;300
24260;11/11/2025;t;$115.00;;2;300
24260;12/11/2025;t;$115.00;;2;300
24260;13/11/2025;t;$115.00;;2;300
24260;14/11/2025;t;$115.00;;2;300
24260;15/11/2025;t;$115.00;;2;300
24260;16/11/2025;t;$115.00;;2;300
24260;17/11/2025;t;$115.00;;2;300
24260;18/11/2025;t;$115.00;;2;300
24260;19/11/2025;t;$115.00;;2;300
24260;20/11/2025;t;$115.00;;2;300
24260;21/11/2025;t;$115.00;;2;300
24260;22/11/2025;t;$115.00;;2;300
24260;23/11/2025;t;$115.00;;2;300
24260;24/11/2025;t;$115.00;;2;300
24260;25/11/2025;t;$115.00;;2;300
24260;26/11/2025;t;$115.00;;2;300
24260;27/11/2025;t;$115.00;;2;300
24260;28/11/2025;t;$115.00;;2;300
24260;29/11/2025;t;$115.00;;2;300
24260;30/11/2025;t;$115.00;;2;300
24260;01/12/2025;t;$115.00;;2;300
24260;02/12/2025;t;$115.00;;2;300
24260;03/12/2025;t;$115.00;;2;300
24260;04/12/2025;t;$115.00;;2;300
24260;05/12/2025;t;$115.00;;2;300
24260;06/12/2025;t;$115.00;;2;300
31435;07/12/2024;t;$80.00;;4;365
31435;08/12/2024;f;$80.00;;4;365
31435;09/12/2024;t;$80.00;;4;365
31435;10/12/2024;t;$80.00;;4;365
31435;11/12/2024;t;$80.00;;4;365
31435;12/12/2024;t;$80.00;;4;365
31435;13/12/2024;t;$80.00;;4;365
31435;14/12/2024;t;$80.00;;4;365
31435;15/12/2024;t;$80.00;;4;365
31435;16/12/2024;t;$80.00;;4;365
31435;17/12/2024;t;$80.00;;4;365
31435;18/12/2024;t;$80.00;;4;365
31435;19/12/2024;t;$80.00;;4;365
31435;20/12/2024;t;$80.00;;4;365
31435;21/12/2024;t;$80.00;;4;365
31435;22/12/2024;t;$80.00;;4;365
31435;23/12/2024;t;$80.00;;4;365
31435;24/12/2024;t;$80.00;;4;365
31435;25/12/2024;t;$80.00;;4;365
31435;26/12/2024;t;$80.00;;4;365
31435;27/12/2024;t;$80.00;;4;365
31435;28/12/2024;t;$80.00;;4;365
31435;29/12/2024;t;$80.00;;4;365
31435;30/12/2024;t;$80.00;;4;365
31435;31/12/2024;t;$80.00;;4;365
31435;01/01/2025;t;$80.00;;4;365
31435;02/01/2025;t;$80.00;;4;365
31435;03/01/2025;t;$80.00;;4;365
31435;04/01/2025;t;$80.00;;4;365
31435;05/01/2025;t;$80.00;;4;365
31435;06/01/2025;t;$80.00;;4;365
31435;07/01/2025;t;$80.00;;4;365
31435;08/01/2025;t;$80.00;;4;365
31435;09/01/2025;t;$80.00;;4;365
31435;10/01/2025;t;$80.00;;4;365
31435;11/01/2025;t;$80.00;;4;365
31435;12/01/2025;t;$80.00;;4;365
31435;13/01/2025;t;$80.00;;4;365
31435;14/01/2025;t;$80.00;;4;365
31435;15/01/2025;t;$80.00;;4;365
31435;16/01/2025;t;$80.00;;4;365
31435;17/01/2025;t;$80.00;;4;365
31435;18/01/2025;t;$80.00;;4;365
31435;19/01/2025;t;$80.00;;4;365
31435;20/01/2025;t;$80.00;;4;365
31435;21/01/2025;t;$80.00;;4;365
31435;22/01/2025;t;$80.00;;4;365
31435;23/01/2025;t;$80.00;;4;365
31435;24/01/2025;t;$80.00;;4;365
31435;25/01/2025;t;$80.00;;4;365
31435;26/01/2025;t;$80.00;;4;365
31435;27/01/2025;t;$80.00;;4;365
31435;28/01/2025;t;$80.00;;4;365
31435;29/01/2025;t;$80.00;;4;365
31435;30/01/2025;t;$80.00;;4;365
31435;31/01/2025;t;$80.00;;4;365
31435;01/02/2025;t;$80.00;;4;365
31435;02/02/2025;t;$80.00;;4;365
31435;03/02/2025;t;$80.00;;4;365
31435;04/02/2025;t;$80.00;;4;365
31435;05/02/2025;t;$80.00;;4;365
31435;06/02/2025;t;$80.00;;4;365
31435;07/02/2025;t;$80.00;;4;365
31435;08/02/2025;t;$80.00;;4;365
31435;09/02/2025;t;$80.00;;4;365
31435;10/02/2025;t;$80.00;;4;365
31435;11/02/2025;t;$80.00;;4;365
31435;12/02/2025;t;$80.00;;4;365
31435;13/02/2025;t;$80.00;;4;365
31435;14/02/2025;t;$80.00;;4;365
31435;15/02/2025;t;$80.00;;4;365
31435;16/02/2025;t;$80.00;;4;365
31435;17/02/2025;t;$80.00;;4;365
31435;18/02/2025;t;$80.00;;4;365
31435;19/02/2025;t;$80.00;;4;365
31435;20/02/2025;t;$80.00;;4;365
31435;21/02/2025;t;$80.00;;4;365
31435;22/02/2025;t;$80.00;;4;365
31435;23/02/2025;t;$80.00;;4;365
31435;24/02/2025;t;$80.00;;4;365
31435;25/02/2025;t;$80.00;;4;365
31435;26/02/2025;t;$80.00;;4;365
31435;27/02/2025;t;$80.00;;4;365
31435;28/02/2025;t;$80.00;;4;365
31435;01/03/2025;t;$80.00;;4;365
31435;02/03/2025;t;$80.00;;4;365
31435;03/03/2025;t;$80.00;;4;365
31435;04/03/2025;t;$80.00;;4;365
31435;05/03/2025;t;$80.00;;4;365
31435;06/03/2025;t;$80.00;;4;365
31435;07/03/2025;t;$80.00;;4;365
31435;08/03/2025;t;$80.00;;4;365
31435;09/03/2025;t;$80.00;;4;365
31435;10/03/2025;t;$80.00;;4;365
31435;11/03/2025;t;$80.00;;4;365
31435;12/03/2025;t;$80.00;;4;365
31435;13/03/2025;t;$80.00;;4;365
31435;14/03/2025;t;$80.00;;4;365
31435;15/03/2025;t;$80.00;;4;365
31435;16/03/2025;t;$80.00;;4;365
31435;17/03/2025;t;$80.00;;4;365
31435;18/03/2025;t;$80.00;;4;365
31435;19/03/2025;t;$80.00;;4;365
31435;20/03/2025;t;$80.00;;4;365
31435;21/03/2025;t;$80.00;;4;365
31435;22/03/2025;t;$80.00;;4;365
31435;23/03/2025;t;$80.00;;4;365
31435;24/03/2025;t;$80.00;;4;365
31435;25/03/2025;t;$80.00;;4;365
31435;26/03/2025;t;$80.00;;4;365
31435;27/03/2025;t;$80.00;;4;365
31435;28/03/2025;t;$80.00;;4;365
31435;29/03/2025;t;$80.00;;4;365
31435;30/03/2025;t;$80.00;;4;365
31435;31/03/2025;t;$80.00;;4;365
31435;01/04/2025;t;$80.00;;4;365
31435;02/04/2025;t;$80.00;;4;365
31435;03/04/2025;t;$80.00;;4;365
31435;04/04/2025;t;$80.00;;4;365
31435;05/04/2025;t;$80.00;;4;365
31435;06/04/2025;t;$80.00;;4;365
31435;07/04/2025;t;$80.00;;4;365
31435;08/04/2025;t;$80.00;;4;365
31435;09/04/2025;t;$80.00;;4;365
31435;10/04/2025;t;$80.00;;4;365
31435;11/04/2025;t;$80.00;;4;365
31435;12/04/2025;t;$80.00;;4;365
31435;13/04/2025;t;$80.00;;4;365
31435;14/04/2025;t;$80.00;;4;365
31435;15/04/2025;t;$80.00;;4;365
31435;16/04/2025;t;$80.00;;4;365
31435;17/04/2025;t;$80.00;;4;365
31435;18/04/2025;t;$80.00;;4;365
31435;19/04/2025;t;$80.00;;4;365
31435;20/04/2025;t;$80.00;;4;365
31435;21/04/2025;t;$80.00;;4;365
31435;22/04/2025;t;$80.00;;4;365
31435;23/04/2025;t;$80.00;;4;365
31435;24/04/2025;t;$80.00;;4;365
31435;25/04/2025;t;$80.00;;4;365
31435;26/04/2025;t;$80.00;;4;365
31435;27/04/2025;t;$80.00;;4;365
31435;28/04/2025;t;$80.00;;4;365
31435;29/04/2025;t;$80.00;;4;365
31435;30/04/2025;t;$80.00;;4;365
31435;01/05/2025;t;$80.00;;4;365
31435;02/05/2025;t;$80.00;;4;365
31435;03/05/2025;t;$80.00;;4;365
31435;04/05/2025;t;$80.00;;4;365
31435;05/05/2025;t;$80.00;;4;365
31435;06/05/2025;t;$80.00;;4;365
31435;07/05/2025;t;$80.00;;4;365
31435;08/05/2025;t;$80.00;;4;365
31435;09/05/2025;t;$80.00;;4;365
31435;10/05/2025;t;$80.00;;4;365
31435;11/05/2025;t;$80.00;;4;365
31435;12/05/2025;t;$80.00;;4;365
31435;13/05/2025;t;$80.00;;4;365
31435;14/05/2025;t;$80.00;;4;365
31435;15/05/2025;t;$80.00;;4;365
31435;16/05/2025;t;$80.00;;4;365
31435;17/05/2025;t;$80.00;;4;365
31435;18/05/2025;t;$80.00;;4;365
31435;19/05/2025;t;$80.00;;4;365
31435;20/05/2025;t;$80.00;;4;365
31435;21/05/2025;t;$80.00;;4;365
31435;22/05/2025;t;$80.00;;4;365
31435;23/05/2025;t;$80.00;;4;365
31435;24/05/2025;t;$80.00;;4;365
31435;25/05/2025;t;$80.00;;4;365
31435;26/05/2025;t;$80.00;;4;365
31435;27/05/2025;t;$80.00;;4;365
31435;28/05/2025;t;$80.00;;4;365
31435;29/05/2025;t;$80.00;;4;365
31435;30/05/2025;t;$80.00;;4;365
31435;31/05/2025;t;$80.00;;4;365
31435;01/06/2025;t;$80.00;;4;365
31435;02/06/2025;t;$80.00;;4;365
31435;03/06/2025;t;$80.00;;4;365
31435;04/06/2025;f;$80.00;;4;365
31435;05/06/2025;f;$80.00;;4;365
31435;06/06/2025;f;$80.00;;4;365
31435;07/06/2025;f;$80.00;;4;365
31435;08/06/2025;f;$80.00;;4;365
31435;09/06/2025;f;$80.00;;4;365
31435;10/06/2025;f;$80.00;;4;365
31435;11/06/2025;f;$80.00;;4;365
31435;12/06/2025;f;$80.00;;4;365
31435;13/06/2025;f;$80.00;;4;365
31435;14/06/2025;f;$80.00;;4;365
31435;15/06/2025;f;$80.00;;4;365
31435;16/06/2025;f;$80.00;;4;365
31435;17/06/2025;f;$80.00;;4;365
31435;18/06/2025;f;$80.00;;4;365
31435;19/06/2025;f;$80.00;;4;365
31435;20/06/2025;f;$80.00;;4;365
31435;21/06/2025;f;$80.00;;4;365
31435;22/06/2025;f;$80.00;;4;365
31435;23/06/2025;f;$80.00;;4;365
31435;24/06/2025;f;$80.00;;4;365
31435;25/06/2025;f;$80.00;;4;365
31435;26/06/2025;f;$80.00;;4;365
31435;27/06/2025;f;$80.00;;4;365
31435;28/06/2025;f;$80.00;;4;365
31435;29/06/2025;f;$80.00;;4;365
31435;30/06/2025;f;$80.00;;4;365
31435;01/07/2025;f;$80.00;;4;365
31435;02/07/2025;f;$80.00;;4;365
31435;03/07/2025;f;$80.00;;4;365
31435;04/07/2025;f;$80.00;;4;365
31435;05/07/2025;f;$80.00;;4;365
31435;06/07/2025;f;$80.00;;4;365
31435;07/07/2025;f;$80.00;;4;365
31435;08/07/2025;f;$80.00;;4;365
31435;09/07/2025;f;$80.00;;4;365
31435;10/07/2025;f;$80.00;;4;365
31435;11/07/2025;f;$80.00;;4;365
31435;12/07/2025;f;$80.00;;4;365
31435;13/07/2025;f;$80.00;;4;365
31435;14/07/2025;f;$80.00;;4;365
31435;15/07/2025;f;$80.00;;4;365
31435;16/07/2025;f;$80.00;;4;365
31435;17/07/2025;f;$80.00;;4;365
31435;18/07/2025;f;$80.00;;4;365
31435;19/07/2025;f;$80.00;;4;365
31435;20/07/2025;f;$80.00;;4;365
31435;21/07/2025;f;$80.00;;4;365
31435;22/07/2025;f;$80.00;;4;365
31435;23/07/2025;f;$80.00;;4;365
31435;24/07/2025;f;$80.00;;4;365
31435;25/07/2025;f;$80.00;;4;365
31435;26/07/2025;f;$80.00;;4;365
31435;27/07/2025;f;$80.00;;4;365
31435;28/07/2025;f;$80.00;;4;365
31435;29/07/2025;f;$80.00;;4;365
31435;30/07/2025;f;$80.00;;4;365
31435;31/07/2025;f;$80.00;;4;365
31435;01/08/2025;f;$80.00;;4;365
31435;02/08/2025;f;$80.00;;4;365
31435;03/08/2025;f;$80.00;;4;365
31435;04/08/2025;f;$80.00;;4;365
31435;05/08/2025;f;$80.00;;4;365
31435;06/08/2025;f;$80.00;;4;365
31435;07/08/2025;f;$80.00;;4;365
31435;08/08/2025;f;$80.00;;4;365
31435;09/08/2025;f;$80.00;;4;365
31435;10/08/2025;f;$80.00;;4;365
31435;11/08/2025;f;$80.00;;4;365
31435;12/08/2025;f;$80.00;;4;365
31435;13/08/2025;f;$80.00;;4;365
31435;14/08/2025;f;$80.00;;4;365
31435;15/08/2025;f;$80.00;;4;365
31435;16/08/2025;f;$80.00;;4;365
31435;17/08/2025;f;$80.00;;4;365
31435;18/08/2025;f;$80.00;;4;365
31435;19/08/2025;f;$80.00;;4;365
31435;20/08/2025;f;$80.00;;4;365
31435;21/08/2025;f;$80.00;;4;365
31435;22/08/2025;f;$80.00;;4;365
31435;23/08/2025;f;$80.00;;4;365
31435;24/08/2025;f;$80.00;;4;365
31435;25/08/2025;f;$80.00;;4;365
31435;26/08/2025;f;$80.00;;4;365
31435;27/08/2025;f;$80.00;;4;365
31435;28/08/2025;f;$80.00;;4;365
31435;29/08/2025;f;$80.00;;4;365
31435;30/08/2025;f;$80.00;;4;365
31435;31/08/2025;f;$80.00;;4;365
31435;01/09/2025;f;$80.00;;4;365
31435;02/09/2025;f;$80.00;;4;365
31435;03/09/2025;f;$80.00;;4;365
31435;04/09/2025;f;$80.00;;4;365
31435;05/09/2025;f;$80.00;;4;365
31435;06/09/2025;f;$80.00;;4;365
31435;07/09/2025;f;$80.00;;4;365
31435;08/09/2025;f;$80.00;;4;365
31435;09/09/2025;f;$80.00;;4;365
31435;10/09/2025;f;$80.00;;4;365
31435;11/09/2025;f;$80.00;;4;365
31435;12/09/2025;f;$80.00;;4;365
31435;13/09/2025;f;$80.00;;4;365
31435;14/09/2025;f;$80.00;;4;365
31435;15/09/2025;f;$80.00;;4;365
31435;16/09/2025;f;$80.00;;4;365
31435;17/09/2025;f;$80.00;;4;365
31435;18/09/2025;f;$80.00;;4;365
31435;19/09/2025;f;$80.00;;4;365
31435;20/09/2025;f;$80.00;;4;365
31435;21/09/2025;f;$80.00;;4;365
31435;22/09/2025;f;$80.00;;4;365
31435;23/09/2025;f;$80.00;;4;365
31435;24/09/2025;f;$80.00;;4;365
31435;25/09/2025;f;$80.00;;4;365
31435;26/09/2025;f;$80.00;;4;365
31435;27/09/2025;f;$80.00;;4;365
31435;28/09/2025;f;$80.00;;4;365
31435;29/09/2025;f;$80.00;;4;365
31435;30/09/2025;f;$80.00;;4;365
31435;01/10/2025;f;$80.00;;4;365
31435;02/10/2025;f;$80.00;;4;365
31435;03/10/2025;f;$80.00;;4;365
31435;04/10/2025;f;$80.00;;4;365
31435;05/10/2025;f;$80.00;;4;365
31435;06/10/2025;f;$80.00;;4;365
31435;07/10/2025;f;$80.00;;4;365
31435;08/10/2025;f;$80.00;;4;365
31435;09/10/2025;f;$80.00;;4;365
31435;10/10/2025;f;$80.00;;4;365
31435;11/10/2025;f;$80.00;;4;365
31435;12/10/2025;f;$80.00;;4;365
31435;13/10/2025;f;$80.00;;4;365
31435;14/10/2025;f;$80.00;;4;365
31435;15/10/2025;f;$80.00;;4;365
31435;16/10/2025;f;$80.00;;4;365
31435;17/10/2025;f;$80.00;;4;365
31435;18/10/2025;f;$80.00;;4;365
31435;19/10/2025;f;$80.00;;4;365
31435;20/10/2025;f;$80.00;;4;365
31435;21/10/2025;f;$80.00;;4;365
31435;22/10/2025;f;$80.00;;4;365
31435;23/10/2025;f;$80.00;;4;365
31435;24/10/2025;f;$80.00;;4;365
31435;25/10/2025;f;$80.00;;4;365
31435;26/10/2025;f;$80.00;;4;365
31435;27/10/2025;f;$80.00;;4;365
31435;28/10/2025;f;$80.00;;4;365
31435;29/10/2025;f;$80.00;;4;365
31435;30/10/2025;f;$80.00;;4;365
31435;31/10/2025;f;$80.00;;4;365
31435;01/11/2025;f;$80.00;;4;365
31435;02/11/2025;f;$80.00;;4;365
31435;03/11/2025;f;$80.00;;4;365
31435;04/11/2025;f;$80.00;;4;365
31435;05/11/2025;f;$80.00;;4;365
31435;06/11/2025;f;$80.00;;4;365
31435;07/11/2025;f;$80.00;;4;365
31435;08/11/2025;f;$80.00;;4;365
31435;09/11/2025;f;$80.00;;4;365
31435;10/11/2025;f;$80.00;;4;365
31435;11/11/2025;f;$80.00;;4;365
31435;12/11/2025;f;$80.00;;4;365
31435;13/11/2025;f;$80.00;;4;365
31435;14/11/2025;f;$80.00;;4;365
31435;15/11/2025;f;$80.00;;4;365
31435;16/11/2025;f;$80.00;;4;365
31435;17/11/2025;f;$80.00;;4;365
31435;18/11/2025;f;$80.00;;4;365
31435;19/11/2025;f;$80.00;;4;365
31435;20/11/2025;f;$80.00;;4;365
31435;21/11/2025;f;$80.00;;4;365
31435;22/11/2025;f;$80.00;;4;365
31435;23/11/2025;f;$80.00;;4;365
31435;24/11/2025;f;$80.00;;4;365
31435;25/11/2025;f;$80.00;;4;365
31435;26/11/2025;f;$80.00;;4;365
31435;27/11/2025;f;$80.00;;4;365
31435;28/11/2025;f;$80.00;;4;365
31435;29/11/2025;f;$80.00;;4;365
31435;30/11/2025;f;$80.00;;4;365
31435;01/12/2025;f;$80.00;;4;365
31435;02/12/2025;f;$80.00;;4;365
31435;03/12/2025;f;$80.00;;4;365
31435;04/12/2025;f;$80.00;;4;365
31435;05/12/2025;f;$80.00;;4;365
31435;06/12/2025;f;$80.00;;4;365
39948;09/12/2024;f;$90.00;;5;20
39948;10/12/2024;f;$90.00;;5;20
39948;11/12/2024;f;$90.00;;5;20
39948;12/12/2024;f;$90.00;;5;20
39948;13/12/2024;f;$90.00;;5;20
39948;14/12/2024;f;$90.00;;5;20
39948;15/12/2024;f;$90.00;;5;20
39948;16/12/2024;f;$90.00;;5;20
39948;17/12/2024;f;$90.00;;5;20
39948;18/12/2024;f;$90.00;;5;20
39948;19/12/2024;f;$90.00;;5;20
39948;20/12/2024;f;$90.00;;5;20
39948;21/12/2024;f;$90.00;;5;20
39948;22/12/2024;f;$90.00;;5;20
39948;23/12/2024;f;$90.00;;5;20
39948;24/12/2024;f;$90.00;;5;20
39948;25/12/2024;f;$90.00;;5;20
39948;26/12/2024;f;$90.00;;5;20
39948;27/12/2024;f;$90.00;;5;20
39948;28/12/2024;f;$90.00;;5;20
39948;29/12/2024;f;$90.00;;5;20
39948;30/12/2024;f;$90.00;;5;20
39948;31/12/2024;f;$90.00;;5;20
39948;01/01/2025;f;$90.00;;5;20
39948;02/01/2025;f;$90.00;;5;20
39948;03/01/2025;f;$90.00;;5;20
39948;04/01/2025;f;$90.00;;5;20
39948;05/01/2025;f;$90.00;;5;20
39948;06/01/2025;f;$90.00;;5;20
39948;07/01/2025;f;$90.00;;5;20
39948;08/01/2025;f;$90.00;;5;20
39948;09/01/2025;f;$90.00;;5;20
39948;10/01/2025;f;$90.00;;5;20
39948;11/01/2025;f;$90.00;;5;20
39948;12/01/2025;f;$90.00;;5;20
39948;13/01/2025;f;$90.00;;5;20
39948;14/01/2025;f;$90.00;;5;20
39948;15/01/2025;f;$90.00;;5;20
39948;16/01/2025;f;$90.00;;5;20
39948;17/01/2025;f;$90.00;;5;20
39948;18/01/2025;f;$90.00;;5;20
39948;19/01/2025;t;$90.00;;5;20
39948;20/01/2025;f;$90.00;;5;20
39948;21/01/2025;f;$90.00;;5;20
39948;22/01/2025;f;$90.00;;5;20
39948;23/01/2025;f;$90.00;;5;20
39948;24/01/2025;f;$90.00;;5;20
39948;25/01/2025;f;$90.00;;5;20
39948;26/01/2025;f;$90.00;;5;20
39948;27/01/2025;f;$90.00;;5;20
39948;28/01/2025;f;$90.00;;5;20
39948;29/01/2025;f;$90.00;;5;20
39948;30/01/2025;f;$90.00;;5;20
39948;31/01/2025;f;$90.00;;5;20
39948;01/02/2025;f;$90.00;;5;20
39948;02/02/2025;f;$90.00;;5;20
39948;03/02/2025;f;$90.00;;5;20
39948;04/02/2025;f;$90.00;;5;20
39948;05/02/2025;f;$90.00;;5;20
39948;06/02/2025;f;$90.00;;5;20
39948;07/02/2025;f;$90.00;;5;20
39948;08/02/2025;f;$90.00;;5;20
39948;09/02/2025;f;$90.00;;5;20
39948;10/02/2025;f;$90.00;;5;20
39948;11/02/2025;f;$90.00;;5;20
39948;12/02/2025;f;$90.00;;5;20
39948;13/02/2025;f;$90.00;;5;20
39948;14/02/2025;f;$90.00;;5;20
39948;15/02/2025;f;$90.00;;5;20
39948;16/02/2025;f;$90.00;;5;20
39948;17/02/2025;f;$90.00;;5;20
39948;18/02/2025;f;$90.00;;5;20
39948;19/02/2025;f;$90.00;;5;20
39948;20/02/2025;f;$90.00;;5;20
39948;21/02/2025;f;$90.00;;5;20
39948;22/02/2025;f;$90.00;;5;20
39948;23/02/2025;f;$90.00;;5;20
39948;24/02/2025;f;$90.00;;5;20
39948;25/02/2025;f;$90.00;;5;20
39948;26/02/2025;f;$90.00;;5;20
39948;27/02/2025;f;$90.00;;5;20
39948;28/02/2025;f;$90.00;;5;20
39948;01/03/2025;f;$90.00;;5;20
39948;02/03/2025;f;$90.00;;5;20
39948;03/03/2025;f;$90.00;;5;20
39948;04/03/2025;f;$90.00;;5;20
39948;05/03/2025;f;$90.00;;5;20
39948;06/03/2025;f;$90.00;;5;20
39948;07/03/2025;f;$90.00;;5;20
39948;08/03/2025;f;$90.00;;5;20
39948;09/03/2025;f;$90.00;;5;20
39948;10/03/2025;f;$90.00;;5;20
39948;11/03/2025;f;$90.00;;5;20
39948;12/03/2025;f;$90.00;;5;20
39948;13/03/2025;f;$90.00;;5;20
39948;14/03/2025;f;$90.00;;5;20
39948;15/03/2025;f;$90.00;;5;20
39948;16/03/2025;f;$90.00;;5;20
39948;17/03/2025;f;$90.00;;5;20
39948;18/03/2025;f;$90.00;;5;20
39948;19/03/2025;f;$90.00;;5;20
39948;20/03/2025;t;$90.00;;5;20
39948;21/03/2025;f;$90.00;;5;20
39948;22/03/2025;f;$90.00;;5;20
39948;23/03/2025;f;$90.00;;5;20
39948;24/03/2025;f;$90.00;;5;20
39948;25/03/2025;f;$90.00;;5;20
39948;26/03/2025;f;$90.00;;5;20
39948;27/03/2025;f;$90.00;;5;20
39948;28/03/2025;f;$90.00;;5;20
39948;29/03/2025;f;$90.00;;5;20
39948;30/03/2025;f;$90.00;;5;20
39948;31/03/2025;f;$90.00;;5;20
39948;01/04/2025;f;$90.00;;5;20
39948;02/04/2025;f;$90.00;;5;20
39948;03/04/2025;f;$90.00;;5;20
39948;04/04/2025;f;$90.00;;5;20
39948;05/04/2025;f;$90.00;;5;20
39948;06/04/2025;f;$90.00;;5;20
39948;07/04/2025;f;$90.00;;5;20
39948;08/04/2025;f;$90.00;;5;20
39948;09/04/2025;f;$90.00;;5;20
39948;10/04/2025;t;$90.00;;5;20
39948;11/04/2025;f;$90.00;;5;20
39948;12/04/2025;f;$90.00;;5;20
39948;13/04/2025;f;$90.00;;5;20
39948;14/04/2025;f;$90.00;;5;20
39948;15/04/2025;f;$90.00;;5;20
39948;16/04/2025;f;$90.00;;5;20
39948;17/04/2025;f;$90.00;;5;20
39948;18/04/2025;f;$90.00;;5;20
39948;19/04/2025;f;$90.00;;5;20
39948;20/04/2025;f;$90.00;;5;20
39948;21/04/2025;f;$90.00;;5;20
39948;22/04/2025;f;$90.00;;5;20
39948;23/04/2025;f;$90.00;;5;20
39948;24/04/2025;f;$90.00;;5;20
39948;25/04/2025;f;$90.00;;5;20
39948;26/04/2025;f;$90.00;;5;20
39948;27/04/2025;f;$90.00;;5;20
39948;28/04/2025;f;$90.00;;5;20
39948;29/04/2025;f;$90.00;;5;20
39948;30/04/2025;f;$90.00;;5;20
39948;01/05/2025;f;$90.00;;5;20
39948;02/05/2025;f;$90.00;;5;20
39948;03/05/2025;f;$90.00;;5;20
39948;04/05/2025;f;$90.00;;5;20
39948;05/05/2025;f;$90.00;;5;20
39948;06/05/2025;f;$90.00;;5;20
39948;07/05/2025;f;$90.00;;5;20
39948;08/05/2025;f;$90.00;;5;20
39948;09/05/2025;f;$90.00;;5;20
39948;10/05/2025;f;$90.00;;5;20
39948;11/05/2025;f;$90.00;;5;20
39948;12/05/2025;f;$90.00;;5;20
39948;13/05/2025;f;$90.00;;5;20
39948;14/05/2025;f;$90.00;;5;20
39948;15/05/2025;f;$90.00;;5;20
39948;16/05/2025;f;$90.00;;5;20
39948;17/05/2025;f;$90.00;;5;20
39948;18/05/2025;f;$90.00;;5;20
39948;19/05/2025;f;$90.00;;5;20
39948;20/05/2025;f;$90.00;;5;20
39948;21/05/2025;f;$90.00;;5;20
39948;22/05/2025;f;$90.00;;5;20
39948;23/05/2025;f;$90.00;;5;20
39948;24/05/2025;f;$90.00;;5;20
39948;25/05/2025;f;$90.00;;5;20
39948;26/05/2025;f;$90.00;;5;20
39948;27/05/2025;f;$90.00;;5;20
39948;28/05/2025;f;$90.00;;5;20
39948;29/05/2025;f;$90.00;;5;20
39948;30/05/2025;f;$90.00;;5;20
39948;31/05/2025;f;$90.00;;5;20
39948;01/06/2025;f;$90.00;;5;20
39948;02/06/2025;f;$90.00;;5;20
39948;03/06/2025;f;$90.00;;5;20
39948;04/06/2025;f;$90.00;;5;20
39948;05/06/2025;f;$90.00;;5;20
39948;06/06/2025;f;$90.00;;5;20
39948;07/06/2025;f;$90.00;;5;20
39948;08/06/2025;f;$90.00;;5;20
39948;09/06/2025;f;$90.00;;5;20
39948;10/06/2025;f;$90.00;;5;20
39948;11/06/2025;f;$90.00;;5;20
39948;12/06/2025;f;$90.00;;5;20
39948;13/06/2025;f;$90.00;;5;20
39948;14/06/2025;f;$90.00;;5;20
39948;15/06/2025;f;$90.00;;5;20
39948;16/06/2025;f;$90.00;;5;20
39948;17/06/2025;f;$90.00;;5;20
39948;18/06/2025;f;$90.00;;5;20
39948;19/06/2025;f;$90.00;;5;20
39948;20/06/2025;f;$90.00;;5;20
39948;21/06/2025;f;$90.00;;5;20
39948;22/06/2025;f;$90.00;;5;20
39948;23/06/2025;f;$90.00;;5;20
39948;24/06/2025;f;$90.00;;5;20
39948;25/06/2025;f;$90.00;;5;20
39948;26/06/2025;f;$90.00;;5;20
39948;27/06/2025;f;$90.00;;5;20
39948;28/06/2025;f;$90.00;;5;20
39948;29/06/2025;f;$90.00;;5;20
39948;30/06/2025;f;$90.00;;5;20
39948;01/07/2025;f;$90.00;;5;20
39948;02/07/2025;f;$90.00;;5;20
39948;03/07/2025;f;$90.00;;5;20
39948;04/07/2025;f;$90.00;;5;20
39948;05/07/2025;f;$90.00;;5;20
39948;06/07/2025;f;$90.00;;5;20
39948;07/07/2025;f;$90.00;;5;20
39948;08/07/2025;f;$90.00;;5;20
39948;09/07/2025;f;$90.00;;5;20
39948;10/07/2025;f;$90.00;;5;20
39948;11/07/2025;f;$90.00;;5;20
39948;12/07/2025;f;$90.00;;5;20
39948;13/07/2025;f;$90.00;;5;20
39948;14/07/2025;f;$90.00;;5;20
39948;15/07/2025;f;$90.00;;5;20
39948;16/07/2025;f;$90.00;;5;20
39948;17/07/2025;f;$90.00;;5;20
39948;18/07/2025;f;$90.00;;5;20
39948;19/07/2025;f;$90.00;;5;20
39948;20/07/2025;f;$90.00;;5;20
39948;21/07/2025;f;$90.00;;5;20
39948;22/07/2025;f;$90.00;;5;20
39948;23/07/2025;f;$90.00;;5;20
39948;24/07/2025;f;$90.00;;5;20
39948;25/07/2025;f;$90.00;;5;20
39948;26/07/2025;f;$90.00;;5;20
39948;27/07/2025;f;$90.00;;5;20
39948;28/07/2025;f;$90.00;;5;20
39948;29/07/2025;f;$90.00;;5;20
39948;30/07/2025;f;$90.00;;5;20
39948;31/07/2025;f;$90.00;;5;20
39948;01/08/2025;f;$90.00;;5;20
39948;02/08/2025;f;$90.00;;5;20
39948;03/08/2025;f;$90.00;;5;20
39948;04/08/2025;f;$90.00;;5;20
39948;05/08/2025;f;$90.00;;5;20
39948;06/08/2025;f;$90.00;;5;20
39948;07/08/2025;f;$90.00;;5;20
39948;08/08/2025;f;$90.00;;5;20
39948;09/08/2025;f;$90.00;;5;20
39948;10/08/2025;f;$90.00;;5;20
39948;11/08/2025;f;$90.00;;5;20
39948;12/08/2025;f;$90.00;;5;20
39948;13/08/2025;f;$90.00;;5;20
39948;14/08/2025;f;$90.00;;5;20
39948;15/08/2025;f;$90.00;;5;20
39948;16/08/2025;f;$90.00;;5;20
39948;17/08/2025;f;$90.00;;5;20
39948;18/08/2025;f;$90.00;;5;20
39948;19/08/2025;f;$90.00;;5;20
39948;20/08/2025;f;$90.00;;5;20
39948;21/08/2025;f;$90.00;;5;20
39948;22/08/2025;f;$90.00;;5;20
39948;23/08/2025;f;$90.00;;5;20
39948;24/08/2025;f;$90.00;;5;20
39948;25/08/2025;f;$90.00;;5;20
39948;26/08/2025;f;$90.00;;5;20
39948;27/08/2025;f;$90.00;;5;20
39948;28/08/2025;f;$90.00;;5;20
39948;29/08/2025;f;$90.00;;5;20
39948;30/08/2025;f;$90.00;;5;20
39948;31/08/2025;f;$90.00;;5;20
39948;01/09/2025;f;$90.00;;5;20
39948;02/09/2025;f;$90.00;;5;20
39948;03/09/2025;f;$90.00;;5;20
39948;04/09/2025;f;$90.00;;5;20
39948;05/09/2025;f;$90.00;;5;20
39948;06/09/2025;f;$90.00;;5;20
39948;07/09/2025;f;$90.00;;5;20
39948;08/09/2025;f;$90.00;;5;20
39948;09/09/2025;f;$90.00;;5;20
39948;10/09/2025;f;$90.00;;5;20
39948;11/09/2025;f;$90.00;;5;20
39948;12/09/2025;f;$90.00;;5;20
39948;13/09/2025;f;$90.00;;5;20
39948;14/09/2025;f;$90.00;;5;20
39948;15/09/2025;f;$90.00;;5;20
39948;16/09/2025;f;$90.00;;5;20
39948;17/09/2025;f;$90.00;;5;20
39948;18/09/2025;f;$90.00;;5;20
39948;19/09/2025;f;$90.00;;5;20
39948;20/09/2025;f;$90.00;;5;20
39948;21/09/2025;f;$90.00;;5;20
39948;22/09/2025;f;$90.00;;5;20
39948;23/09/2025;f;$90.00;;5;20
39948;24/09/2025;f;$90.00;;5;20
39948;25/09/2025;f;$90.00;;5;20
39948;26/09/2025;f;$90.00;;5;20
39948;27/09/2025;f;$90.00;;5;20
39948;28/09/2025;f;$90.00;;5;20
39948;29/09/2025;f;$90.00;;5;20
39948;30/09/2025;f;$90.00;;5;20
39948;01/10/2025;f;$90.00;;5;20
39948;02/10/2025;f;$90.00;;5;20
39948;03/10/2025;f;$90.00;;5;20
39948;04/10/2025;f;$90.00;;5;20
39948;05/10/2025;f;$90.00;;5;20
39948;06/10/2025;f;$90.00;;5;20
39948;07/10/2025;f;$90.00;;5;20
39948;08/10/2025;f;$90.00;;5;20
39948;09/10/2025;f;$90.00;;5;20
39948;10/10/2025;f;$90.00;;5;20
39948;11/10/2025;f;$90.00;;5;20
39948;12/10/2025;f;$90.00;;5;20
39948;13/10/2025;f;$90.00;;5;20
39948;14/10/2025;f;$90.00;;5;20
39948;15/10/2025;f;$90.00;;5;20
39948;16/10/2025;f;$90.00;;5;20
39948;17/10/2025;f;$90.00;;5;20
39948;18/10/2025;f;$90.00;;5;20
39948;19/10/2025;f;$90.00;;5;20
39948;20/10/2025;f;$90.00;;5;20
39948;21/10/2025;f;$90.00;;5;20
39948;22/10/2025;f;$90.00;;5;20
39948;23/10/2025;f;$90.00;;5;20
39948;24/10/2025;f;$90.00;;5;20
39948;25/10/2025;f;$90.00;;5;20
39948;26/10/2025;f;$90.00;;5;20
39948;27/10/2025;f;$90.00;;5;20
39948;28/10/2025;f;$90.00;;5;20
39948;29/10/2025;f;$90.00;;5;20
39948;30/10/2025;f;$90.00;;5;20
39948;31/10/2025;f;$90.00;;5;20
39948;01/11/2025;f;$90.00;;5;20
39948;02/11/2025;f;$90.00;;5;20
39948;03/11/2025;f;$90.00;;5;20
39948;04/11/2025;f;$90.00;;5;20
39948;05/11/2025;f;$90.00;;5;20
39948;06/11/2025;f;$90.00;;5;20
39948;07/11/2025;f;$90.00;;5;20
39948;08/11/2025;f;$90.00;;5;20
39948;09/11/2025;f;$90.00;;5;20
39948;10/11/2025;f;$90.00;;5;20
39948;11/11/2025;f;$90.00;;5;20
39948;12/11/2025;f;$90.00;;5;20
39948;13/11/2025;f;$90.00;;5;20
39948;14/11/2025;f;$90.00;;5;20
39948;15/11/2025;f;$90.00;;5;20
39948;16/11/2025;f;$90.00;;5;20
39948;17/11/2025;f;$90.00;;5;20
39948;18/11/2025;f;$90.00;;5;20
39948;19/11/2025;f;$90.00;;5;20
39948;20/11/2025;f;$90.00;;5;20
39948;21/11/2025;f;$90.00;;5;20
39948;22/11/2025;f;$90.00;;5;20
39948;23/11/2025;f;$90.00;;5;20
39948;24/11/2025;f;$90.00;;5;20
39948;25/11/2025;f;$90.00;;5;20
39948;26/11/2025;f;$90.00;;5;20
39948;27/11/2025;f;$90.00;;5;20
39948;28/11/2025;f;$90.00;;5;20
39948;29/11/2025;f;$90.00;;5;20
39948;30/11/2025;f;$90.00;;5;20
39948;01/12/2025;f;$90.00;;5;20
39948;02/12/2025;f;$90.00;;5;20
39948;03/12/2025;f;$90.00;;5;20
39948;04/12/2025;f;$90.00;;5;20
39948;05/12/2025;f;$90.00;;5;20
39948;06/12/2025;f;$90.00;;5;20
39948;07/12/2025;f;$90.00;;5;20
39948;08/12/2025;f;$90.00;;5;20
48584;08/12/2024;f;$155.00;;30;365
48584;09/12/2024;f;$155.00;;30;365
48584;10/12/2024;f;$155.00;;30;365
48584;11/12/2024;f;$155.00;;30;365
48584;12/12/2024;f;$155.00;;30;365
48584;13/12/2024;f;$155.00;;30;365
48584;14/12/2024;f;$155.00;;30;365
48584;15/12/2024;f;$155.00;;30;365
48584;16/12/2024;f;$155.00;;30;365
48584;17/12/2024;f;$155.00;;30;365
48584;18/12/2024;f;$155.00;;30;365
48584;19/12/2024;f;$155.00;;30;365
48584;20/12/2024;f;$155.00;;30;365
48584;21/12/2024;f;$155.00;;30;365
48584;22/12/2024;f;$155.00;;30;365
48584;23/12/2024;f;$155.00;;30;365
48584;24/12/2024;f;$155.00;;30;365
48584;25/12/2024;t;$155.00;;30;365
48584;26/12/2024;t;$155.00;;30;365
48584;27/12/2024;t;$155.00;;30;365
48584;28/12/2024;t;$155.00;;30;365
48584;29/12/2024;t;$155.00;;30;365
48584;30/12/2024;t;$155.00;;30;365
48584;31/12/2024;t;$155.00;;30;365
48584;01/01/2025;t;$155.00;;30;365
48584;02/01/2025;t;$155.00;;30;365
48584;03/01/2025;t;$155.00;;30;365
48584;04/01/2025;t;$155.00;;30;365
48584;05/01/2025;t;$155.00;;30;365
48584;06/01/2025;t;$155.00;;30;365
48584;07/01/2025;t;$155.00;;30;365
48584;08/01/2025;t;$155.00;;30;365
48584;09/01/2025;t;$155.00;;30;365
48584;10/01/2025;t;$155.00;;30;365
48584;11/01/2025;t;$155.00;;30;365
48584;12/01/2025;t;$155.00;;30;365
48584;13/01/2025;t;$155.00;;30;365
48584;14/01/2025;t;$155.00;;30;365
48584;15/01/2025;t;$155.00;;30;365
48584;16/01/2025;t;$155.00;;30;365
48584;17/01/2025;t;$155.00;;30;365
48584;18/01/2025;t;$155.00;;30;365
48584;19/01/2025;t;$155.00;;30;365
48584;20/01/2025;t;$155.00;;30;365
48584;21/01/2025;t;$155.00;;30;365
48584;22/01/2025;t;$155.00;;30;365
48584;23/01/2025;t;$155.00;;30;365
48584;24/01/2025;t;$155.00;;30;365
48584;25/01/2025;t;$155.00;;30;365
48584;26/01/2025;t;$155.00;;30;365
48584;27/01/2025;t;$155.00;;30;365
48584;28/01/2025;t;$155.00;;30;365
48584;29/01/2025;t;$155.00;;30;365
48584;30/01/2025;t;$155.00;;30;365
48584;31/01/2025;t;$155.00;;30;365
48584;01/02/2025;t;$155.00;;30;365
48584;02/02/2025;t;$155.00;;30;365
48584;03/02/2025;t;$155.00;;30;365
48584;04/02/2025;t;$155.00;;30;365
48584;05/02/2025;t;$155.00;;30;365
48584;06/02/2025;t;$155.00;;30;365
48584;07/02/2025;t;$155.00;;30;365
48584;08/02/2025;t;$155.00;;30;365
48584;09/02/2025;t;$155.00;;30;365
48584;10/02/2025;t;$155.00;;30;365
48584;11/02/2025;t;$155.00;;30;365
48584;12/02/2025;t;$155.00;;30;365
48584;13/02/2025;t;$155.00;;30;365
48584;14/02/2025;t;$155.00;;30;365
48584;15/02/2025;t;$155.00;;30;365
48584;16/02/2025;t;$155.00;;30;365
48584;17/02/2025;t;$155.00;;30;365
48584;18/02/2025;t;$155.00;;30;365
48584;19/02/2025;t;$155.00;;30;365
48584;20/02/2025;t;$155.00;;30;365
48584;21/02/2025;t;$155.00;;30;365
48584;22/02/2025;t;$155.00;;30;365
48584;23/02/2025;t;$155.00;;30;365
48584;24/02/2025;t;$155.00;;30;365
48584;25/02/2025;t;$155.00;;30;365
48584;26/02/2025;t;$155.00;;30;365
48584;27/02/2025;t;$155.00;;30;365
48584;28/02/2025;t;$155.00;;30;365
48584;01/03/2025;t;$155.00;;30;365
48584;02/03/2025;t;$155.00;;30;365
48584;03/03/2025;t;$155.00;;30;365
48584;04/03/2025;t;$155.00;;30;365
48584;05/03/2025;t;$155.00;;30;365
48584;06/03/2025;t;$155.00;;30;365
48584;07/03/2025;t;$155.00;;30;365
48584;08/03/2025;t;$155.00;;30;365
48584;09/03/2025;t;$155.00;;30;365
48584;10/03/2025;t;$155.00;;30;365
48584;11/03/2025;t;$155.00;;30;365
48584;12/03/2025;t;$155.00;;30;365
48584;13/03/2025;t;$155.00;;30;365
48584;14/03/2025;t;$155.00;;30;365
48584;15/03/2025;t;$155.00;;30;365
48584;16/03/2025;t;$155.00;;30;365
48584;17/03/2025;t;$155.00;;30;365
48584;18/03/2025;t;$155.00;;30;365
48584;19/03/2025;t;$155.00;;30;365
48584;20/03/2025;t;$155.00;;30;365
48584;21/03/2025;t;$155.00;;30;365
48584;22/03/2025;t;$155.00;;30;365
48584;23/03/2025;t;$155.00;;30;365
48584;24/03/2025;t;$155.00;;30;365
48584;25/03/2025;t;$155.00;;30;365
48584;26/03/2025;t;$155.00;;30;365
48584;27/03/2025;t;$155.00;;30;365
48584;28/03/2025;t;$155.00;;30;365
48584;29/03/2025;t;$155.00;;30;365
48584;30/03/2025;t;$155.00;;30;365
48584;31/03/2025;t;$155.00;;30;365
48584;01/04/2025;t;$155.00;;30;365
48584;02/04/2025;t;$155.00;;30;365
48584;03/04/2025;t;$155.00;;30;365
48584;04/04/2025;t;$155.00;;30;365
48584;05/04/2025;t;$155.00;;30;365
48584;06/04/2025;t;$155.00;;30;365
48584;07/04/2025;t;$155.00;;30;365
48584;08/04/2025;t;$155.00;;30;365
48584;09/04/2025;t;$155.00;;30;365
48584;10/04/2025;t;$155.00;;30;365
48584;11/04/2025;t;$155.00;;30;365
48584;12/04/2025;t;$155.00;;30;365
48584;13/04/2025;t;$155.00;;30;365
48584;14/04/2025;t;$155.00;;30;365
48584;15/04/2025;t;$155.00;;30;365
48584;16/04/2025;t;$155.00;;30;365
48584;17/04/2025;t;$155.00;;30;365
48584;18/04/2025;t;$155.00;;30;365
48584;19/04/2025;t;$155.00;;30;365
48584;20/04/2025;t;$155.00;;30;365
48584;21/04/2025;t;$155.00;;30;365
48584;22/04/2025;t;$155.00;;30;365
48584;23/04/2025;t;$155.00;;30;365
48584;24/04/2025;t;$155.00;;30;365
48584;25/04/2025;t;$155.00;;30;365
48584;26/04/2025;t;$155.00;;30;365
48584;27/04/2025;t;$155.00;;30;365
48584;28/04/2025;t;$155.00;;30;365
48584;29/04/2025;t;$155.00;;30;365
48584;30/04/2025;t;$155.00;;30;365
48584;01/05/2025;t;$155.00;;30;365
48584;02/05/2025;t;$155.00;;30;365
48584;03/05/2025;t;$155.00;;30;365
48584;04/05/2025;t;$155.00;;30;365
48584;05/05/2025;t;$155.00;;30;365
48584;06/05/2025;t;$155.00;;30;365
48584;07/05/2025;t;$155.00;;30;365
48584;08/05/2025;t;$155.00;;30;365
48584;09/05/2025;t;$155.00;;30;365
48584;10/05/2025;t;$155.00;;30;365
48584;11/05/2025;t;$155.00;;30;365
48584;12/05/2025;t;$155.00;;30;365
48584;13/05/2025;t;$155.00;;30;365
48584;14/05/2025;t;$155.00;;30;365
48584;15/05/2025;t;$155.00;;30;365
48584;16/05/2025;t;$155.00;;30;365
48584;17/05/2025;t;$155.00;;30;365
48584;18/05/2025;t;$155.00;;30;365
48584;19/05/2025;t;$155.00;;30;365
48584;20/05/2025;t;$155.00;;30;365
48584;21/05/2025;t;$155.00;;30;365
48584;22/05/2025;t;$155.00;;30;365
48584;23/05/2025;t;$155.00;;30;365
48584;24/05/2025;t;$155.00;;30;365
48584;25/05/2025;t;$155.00;;30;365
48584;26/05/2025;t;$155.00;;30;365
48584;27/05/2025;t;$155.00;;30;365
48584;28/05/2025;t;$155.00;;30;365
48584;29/05/2025;t;$155.00;;30;365
48584;30/05/2025;t;$155.00;;30;365
48584;31/05/2025;t;$155.00;;30;365
48584;01/06/2025;t;$155.00;;30;365
48584;02/06/2025;t;$155.00;;30;365
48584;03/06/2025;t;$155.00;;30;365
48584;04/06/2025;t;$155.00;;30;365
48584;05/06/2025;t;$155.00;;30;365
48584;06/06/2025;t;$155.00;;30;365
48584;07/06/2025;t;$155.00;;30;365
48584;08/06/2025;t;$155.00;;30;365
48584;09/06/2025;t;$155.00;;30;365
48584;10/06/2025;t;$155.00;;30;365
48584;11/06/2025;t;$155.00;;30;365
48584;12/06/2025;t;$155.00;;30;365
48584;13/06/2025;t;$155.00;;30;365
48584;14/06/2025;t;$155.00;;30;365
48584;15/06/2025;t;$155.00;;30;365
48584;16/06/2025;t;$155.00;;30;365
48584;17/06/2025;t;$155.00;;30;365
48584;18/06/2025;t;$155.00;;30;365
48584;19/06/2025;t;$155.00;;30;365
48584;20/06/2025;t;$155.00;;30;365
48584;21/06/2025;t;$155.00;;30;365
48584;22/06/2025;t;$155.00;;30;365
48584;23/06/2025;t;$155.00;;30;365
48584;24/06/2025;t;$155.00;;30;365
48584;25/06/2025;t;$155.00;;30;365
48584;26/06/2025;t;$155.00;;30;365
48584;27/06/2025;t;$155.00;;30;365
48584;28/06/2025;t;$155.00;;30;365
48584;29/06/2025;t;$155.00;;30;365
48584;30/06/2025;t;$155.00;;30;365
48584;01/07/2025;t;$155.00;;30;365
48584;02/07/2025;t;$155.00;;30;365
48584;03/07/2025;t;$155.00;;30;365
48584;04/07/2025;t;$155.00;;30;365
48584;05/07/2025;t;$155.00;;30;365
48584;06/07/2025;t;$155.00;;30;365
48584;07/07/2025;t;$155.00;;30;365
48584;08/07/2025;t;$155.00;;30;365
48584;09/07/2025;t;$155.00;;30;365
48584;10/07/2025;t;$155.00;;30;365
48584;11/07/2025;t;$155.00;;30;365
48584;12/07/2025;t;$155.00;;30;365
48584;13/07/2025;t;$155.00;;30;365
48584;14/07/2025;t;$155.00;;30;365
48584;15/07/2025;t;$155.00;;30;365
48584;16/07/2025;t;$155.00;;30;365
48584;17/07/2025;t;$155.00;;30;365
48584;18/07/2025;t;$155.00;;30;365
48584;19/07/2025;t;$155.00;;30;365
48584;20/07/2025;t;$155.00;;30;365
48584;21/07/2025;t;$155.00;;30;365
48584;22/07/2025;t;$155.00;;30;365
48584;23/07/2025;t;$155.00;;30;365
48584;24/07/2025;t;$155.00;;30;365
48584;25/07/2025;t;$155.00;;30;365
48584;26/07/2025;t;$155.00;;30;365
48584;27/07/2025;t;$155.00;;30;365
48584;28/07/2025;t;$155.00;;30;365
48584;29/07/2025;t;$155.00;;30;365
48584;30/07/2025;t;$155.00;;30;365
48584;31/07/2025;t;$155.00;;30;365
48584;01/08/2025;t;$155.00;;30;365
48584;02/08/2025;t;$155.00;;30;365
48584;03/08/2025;t;$155.00;;30;365
48584;04/08/2025;t;$155.00;;30;365
48584;05/08/2025;t;$155.00;;30;365
48584;06/08/2025;t;$155.00;;30;365
48584;07/08/2025;t;$155.00;;30;365
48584;08/08/2025;t;$155.00;;30;365
48584;09/08/2025;t;$155.00;;30;365
48584;10/08/2025;t;$155.00;;30;365
48584;11/08/2025;t;$155.00;;30;365
48584;12/08/2025;t;$155.00;;30;365
48584;13/08/2025;t;$155.00;;30;365
48584;14/08/2025;t;$155.00;;30;365
48584;15/08/2025;t;$155.00;;30;365
48584;16/08/2025;t;$155.00;;30;365
48584;17/08/2025;t;$155.00;;30;365
48584;18/08/2025;t;$155.00;;30;365
48584;19/08/2025;t;$155.00;;30;365
48584;20/08/2025;t;$155.00;;30;365
48584;21/08/2025;t;$155.00;;30;365
48584;22/08/2025;t;$155.00;;30;365
48584;23/08/2025;t;$155.00;;30;365
48584;24/08/2025;t;$155.00;;30;365
48584;25/08/2025;t;$155.00;;30;365
48584;26/08/2025;t;$155.00;;30;365
48584;27/08/2025;t;$155.00;;30;365
48584;28/08/2025;t;$155.00;;30;365
48584;29/08/2025;t;$155.00;;30;365
48584;30/08/2025;t;$155.00;;30;365
48584;31/08/2025;t;$155.00;;30;365
48584;01/09/2025;t;$155.00;;30;365
48584;02/09/2025;t;$155.00;;30;365
48584;03/09/2025;t;$155.00;;30;365
48584;04/09/2025;t;$155.00;;30;365
48584;05/09/2025;t;$155.00;;30;365
48584;06/09/2025;t;$155.00;;30;365
48584;07/09/2025;t;$155.00;;30;365
48584;08/09/2025;t;$155.00;;30;365
48584;09/09/2025;t;$155.00;;30;365
48584;10/09/2025;t;$155.00;;30;365
48584;11/09/2025;t;$155.00;;30;365
48584;12/09/2025;t;$155.00;;30;365
48584;13/09/2025;t;$155.00;;30;365
48584;14/09/2025;t;$155.00;;30;365
48584;15/09/2025;t;$155.00;;30;365
48584;16/09/2025;t;$155.00;;30;365
48584;17/09/2025;t;$155.00;;30;365
48584;18/09/2025;t;$155.00;;30;365
48584;19/09/2025;t;$155.00;;30;365
48584;20/09/2025;t;$155.00;;30;365
48584;21/09/2025;t;$155.00;;30;365
48584;22/09/2025;t;$155.00;;30;365
48584;23/09/2025;t;$155.00;;30;365
48584;24/09/2025;t;$155.00;;30;365
48584;25/09/2025;t;$155.00;;30;365
48584;26/09/2025;t;$155.00;;30;365
48584;27/09/2025;t;$155.00;;30;365
48584;28/09/2025;t;$155.00;;30;365
48584;29/09/2025;t;$155.00;;30;365
48584;30/09/2025;t;$155.00;;30;365
48584;01/10/2025;t;$155.00;;30;365
48584;02/10/2025;t;$155.00;;30;365
48584;03/10/2025;t;$155.00;;30;365
48584;04/10/2025;t;$155.00;;30;365
48584;05/10/2025;t;$155.00;;30;365
48584;06/10/2025;t;$155.00;;30;365
48584;07/10/2025;t;$155.00;;30;365
48584;08/10/2025;t;$155.00;;30;365
48584;09/10/2025;t;$155.00;;30;365
48584;10/10/2025;t;$155.00;;30;365
48584;11/10/2025;t;$155.00;;30;365
48584;12/10/2025;t;$155.00;;30;365
48584;13/10/2025;t;$155.00;;30;365
48584;14/10/2025;t;$155.00;;30;365
48584;15/10/2025;t;$155.00;;30;365
48584;16/10/2025;t;$155.00;;30;365
48584;17/10/2025;t;$155.00;;30;365
48584;18/10/2025;t;$155.00;;30;365
48584;19/10/2025;t;$155.00;;30;365
48584;20/10/2025;t;$155.00;;30;365
48584;21/10/2025;t;$155.00;;30;365
48584;22/10/2025;t;$155.00;;30;365
48584;23/10/2025;t;$155.00;;30;365
48584;24/10/2025;t;$155.00;;30;365
48584;25/10/2025;t;$155.00;;30;365
48584;26/10/2025;t;$155.00;;30;365
48584;27/10/2025;t;$155.00;;30;365
48584;28/10/2025;t;$155.00;;30;365
48584;29/10/2025;t;$155.00;;30;365
48584;30/10/2025;t;$155.00;;30;365
48584;31/10/2025;t;$155.00;;30;365
48584;01/11/2025;t;$155.00;;30;365
48584;02/11/2025;t;$155.00;;30;365
48584;03/11/2025;t;$155.00;;30;365
48584;04/11/2025;t;$155.00;;30;365
48584;05/11/2025;t;$155.00;;30;365
48584;06/11/2025;t;$155.00;;30;365
48584;07/11/2025;t;$155.00;;30;365
48584;08/11/2025;t;$155.00;;30;365
48584;09/11/2025;t;$155.00;;30;365
48584;10/11/2025;t;$155.00;;30;365
48584;11/11/2025;t;$155.00;;30;365
48584;12/11/2025;t;$155.00;;30;365
48584;13/11/2025;t;$155.00;;30;365
48584;14/11/2025;t;$155.00;;30;365
48584;15/11/2025;t;$155.00;;30;365
48584;16/11/2025;t;$155.00;;30;365
48584;17/11/2025;t;$155.00;;30;365
48584;18/11/2025;t;$155.00;;30;365
48584;19/11/2025;t;$155.00;;30;365
48584;20/11/2025;t;$155.00;;30;365
48584;21/11/2025;t;$155.00;;30;365
48584;22/11/2025;t;$155.00;;30;365
48584;23/11/2025;t;$155.00;;30;365
48584;24/11/2025;t;$155.00;;30;365
48584;25/11/2025;t;$155.00;;30;365
48584;26/11/2025;t;$155.00;;30;365
48584;27/11/2025;t;$155.00;;30;365
48584;28/11/2025;t;$155.00;;30;365
48584;29/11/2025;t;$155.00;;30;365
48584;30/11/2025;t;$155.00;;30;365
48584;01/12/2025;t;$155.00;;30;365
48584;02/12/2025;t;$155.00;;30;365
48584;03/12/2025;t;$155.00;;30;365
48584;04/12/2025;t;$155.00;;30;365
48584;05/12/2025;t;$155.00;;30;365
48584;06/12/2025;t;$155.00;;30;365
48584;07/12/2025;t;$155.00;;30;365
59959;06/12/2024;f;$130.00;;21;120
59959;07/12/2024;f;$130.00;;21;120
59959;08/12/2024;f;$130.00;;21;120
59959;09/12/2024;f;$130.00;;21;120
59959;10/12/2024;f;$130.00;;21;120
59959;11/12/2024;f;$130.00;;21;120
59959;12/12/2024;f;$130.00;;21;120
59959;13/12/2024;f;$130.00;;21;120
59959;14/12/2024;f;$130.00;;21;120
59959;15/12/2024;f;$130.00;;21;120
59959;16/12/2024;t;$130.00;;21;120
59959;17/12/2024;t;$130.00;;21;120
59959;18/12/2024;t;$130.00;;21;120
59959;19/12/2024;t;$130.00;;21;120
59959;20/12/2024;t;$130.00;;21;120
59959;21/12/2024;t;$130.00;;21;120
59959;22/12/2024;t;$130.00;;21;120
59959;23/12/2024;t;$130.00;;21;120
59959;24/12/2024;t;$130.00;;21;120
59959;25/12/2024;t;$130.00;;21;120
59959;26/12/2024;t;$130.00;;21;120
59959;27/12/2024;t;$130.00;;21;120
59959;28/12/2024;t;$130.00;;21;120
59959;29/12/2024;t;$130.00;;21;120
59959;30/12/2024;t;$130.00;;21;120
59959;31/12/2024;t;$130.00;;21;120
59959;01/01/2025;t;$130.00;;21;120
59959;02/01/2025;t;$130.00;;21;120
59959;03/01/2025;t;$130.00;;21;120
59959;04/01/2025;t;$130.00;;21;120
59959;05/01/2025;t;$130.00;;21;120
59959;06/01/2025;t;$130.00;;21;120
59959;07/01/2025;t;$130.00;;21;120
59959;08/01/2025;t;$130.00;;21;120
59959;09/01/2025;t;$130.00;;21;120
59959;10/01/2025;t;$130.00;;21;120
59959;11/01/2025;t;$130.00;;21;120
59959;12/01/2025;t;$130.00;;21;120
59959;13/01/2025;t;$130.00;;21;120
59959;14/01/2025;t;$130.00;;21;120
59959;15/01/2025;t;$130.00;;21;120
59959;16/01/2025;t;$130.00;;21;120
59959;17/01/2025;t;$130.00;;21;120
59959;18/01/2025;t;$130.00;;21;120
59959;19/01/2025;t;$130.00;;21;120
59959;20/01/2025;t;$130.00;;21;120
59959;21/01/2025;t;$130.00;;21;120
59959;22/01/2025;t;$130.00;;21;120
59959;23/01/2025;t;$130.00;;21;120
59959;24/01/2025;t;$130.00;;21;120
59959;25/01/2025;t;$130.00;;21;120
59959;26/01/2025;t;$130.00;;21;120
59959;27/01/2025;t;$130.00;;21;120
59959;28/01/2025;t;$130.00;;21;120
59959;29/01/2025;t;$130.00;;21;120
59959;30/01/2025;t;$130.00;;21;120
59959;31/01/2025;t;$130.00;;21;120
59959;01/02/2025;t;$130.00;;21;120
59959;02/02/2025;t;$130.00;;21;120
59959;03/02/2025;t;$130.00;;21;120
59959;04/02/2025;t;$130.00;;21;120
59959;05/02/2025;t;$130.00;;21;120
59959;06/02/2025;t;$130.00;;21;120
59959;07/02/2025;t;$130.00;;21;120
59959;08/02/2025;t;$130.00;;21;120
59959;09/02/2025;t;$130.00;;21;120
59959;10/02/2025;t;$130.00;;21;120
59959;11/02/2025;t;$130.00;;21;120
59959;12/02/2025;t;$130.00;;21;120
59959;13/02/2025;t;$130.00;;21;120
59959;14/02/2025;t;$130.00;;21;120
59959;15/02/2025;t;$130.00;;21;120
59959;16/02/2025;t;$130.00;;21;120
59959;17/02/2025;t;$130.00;;21;120
59959;18/02/2025;t;$130.00;;21;120
59959;19/02/2025;t;$130.00;;21;120
59959;20/02/2025;t;$130.00;;21;120
59959;21/02/2025;t;$130.00;;21;120
59959;22/02/2025;t;$130.00;;21;120
59959;23/02/2025;t;$130.00;;21;120
59959;24/02/2025;t;$130.00;;21;120
59959;25/02/2025;t;$130.00;;21;120
59959;26/02/2025;t;$130.00;;21;120
59959;27/02/2025;t;$130.00;;21;120
59959;28/02/2025;t;$130.00;;21;120
59959;01/03/2025;t;$130.00;;21;120
59959;02/03/2025;t;$130.00;;21;120
59959;03/03/2025;t;$130.00;;21;120
59959;04/03/2025;t;$130.00;;21;120
59959;05/03/2025;t;$130.00;;21;120
59959;06/03/2025;t;$130.00;;21;120
59959;07/03/2025;t;$130.00;;21;120
59959;08/03/2025;t;$130.00;;21;120
59959;09/03/2025;t;$130.00;;21;120
59959;10/03/2025;t;$130.00;;21;120
59959;11/03/2025;t;$130.00;;21;120
59959;12/03/2025;t;$130.00;;21;120
59959;13/03/2025;t;$130.00;;21;120
59959;14/03/2025;t;$130.00;;21;120
59959;15/03/2025;t;$130.00;;21;120
59959;16/03/2025;t;$130.00;;21;120
59959;17/03/2025;t;$130.00;;21;120
59959;18/03/2025;t;$130.00;;21;120
59959;19/03/2025;t;$130.00;;21;120
59959;20/03/2025;t;$130.00;;21;120
59959;21/03/2025;t;$130.00;;21;120
59959;22/03/2025;t;$130.00;;21;120
59959;23/03/2025;t;$130.00;;21;120
59959;24/03/2025;t;$130.00;;21;120
59959;25/03/2025;t;$130.00;;21;120
59959;26/03/2025;t;$130.00;;21;120
59959;27/03/2025;t;$130.00;;21;120
59959;28/03/2025;t;$130.00;;21;120
59959;29/03/2025;t;$130.00;;21;120
59959;30/03/2025;t;$130.00;;21;120
59959;31/03/2025;t;$130.00;;21;120
59959;01/04/2025;t;$130.00;;21;120
59959;02/04/2025;t;$130.00;;21;120
59959;03/04/2025;t;$130.00;;21;120
59959;04/04/2025;t;$130.00;;21;120
59959;05/04/2025;t;$130.00;;21;120
59959;06/04/2025;t;$130.00;;21;120
59959;07/04/2025;t;$130.00;;21;120
59959;08/04/2025;t;$130.00;;21;120
59959;09/04/2025;t;$130.00;;21;120
59959;10/04/2025;t;$130.00;;21;120
59959;11/04/2025;t;$130.00;;21;120
59959;12/04/2025;t;$130.00;;21;120
59959;13/04/2025;t;$130.00;;21;120
59959;14/04/2025;t;$130.00;;21;120
59959;15/04/2025;t;$130.00;;21;120
59959;16/04/2025;t;$130.00;;21;120
59959;17/04/2025;t;$130.00;;21;120
59959;18/04/2025;t;$130.00;;21;120
59959;19/04/2025;t;$130.00;;21;120
59959;20/04/2025;t;$130.00;;21;120
59959;21/04/2025;t;$130.00;;21;120
59959;22/04/2025;t;$130.00;;21;120
59959;23/04/2025;t;$130.00;;21;120
59959;24/04/2025;t;$130.00;;21;120
59959;25/04/2025;t;$130.00;;21;120
59959;26/04/2025;t;$130.00;;21;120
59959;27/04/2025;t;$130.00;;21;120
59959;28/04/2025;t;$130.00;;21;120
59959;29/04/2025;t;$130.00;;21;120
59959;30/04/2025;t;$130.00;;21;120
59959;01/05/2025;t;$130.00;;21;120
59959;02/05/2025;t;$130.00;;21;120
59959;03/05/2025;t;$130.00;;21;120
59959;04/05/2025;t;$130.00;;21;120
59959;05/05/2025;t;$130.00;;21;120
59959;06/05/2025;t;$130.00;;21;120
59959;07/05/2025;t;$130.00;;21;120
59959;08/05/2025;t;$130.00;;21;120
59959;09/05/2025;t;$130.00;;21;120
59959;10/05/2025;t;$130.00;;21;120
59959;11/05/2025;t;$130.00;;21;120
59959;12/05/2025;t;$130.00;;21;120
59959;13/05/2025;t;$130.00;;21;120
59959;14/05/2025;t;$130.00;;21;120
59959;15/05/2025;t;$130.00;;21;120
59959;16/05/2025;t;$130.00;;21;120
59959;17/05/2025;t;$130.00;;21;120
59959;18/05/2025;t;$130.00;;21;120
59959;19/05/2025;t;$130.00;;21;120
59959;20/05/2025;t;$130.00;;21;120
59959;21/05/2025;t;$130.00;;21;120
59959;22/05/2025;t;$130.00;;21;120
59959;23/05/2025;t;$130.00;;21;120
59959;24/05/2025;t;$130.00;;21;120
59959;25/05/2025;t;$130.00;;21;120
59959;26/05/2025;t;$130.00;;21;120
59959;27/05/2025;t;$130.00;;21;120
59959;28/05/2025;t;$130.00;;21;120
59959;29/05/2025;t;$130.00;;21;120
59959;30/05/2025;t;$130.00;;21;120
59959;31/05/2025;t;$130.00;;21;120
59959;01/06/2025;t;$130.00;;21;120
59959;02/06/2025;t;$130.00;;21;120
59959;03/06/2025;t;$130.00;;21;120
59959;04/06/2025;t;$130.00;;21;120
59959;05/06/2025;t;$130.00;;21;120
59959;06/06/2025;t;$130.00;;21;120
59959;07/06/2025;t;$130.00;;21;120
59959;08/06/2025;t;$130.00;;21;120
59959;09/06/2025;t;$130.00;;21;120
59959;10/06/2025;t;$130.00;;21;120
59959;11/06/2025;t;$130.00;;21;120
59959;12/06/2025;t;$130.00;;21;120
59959;13/06/2025;t;$130.00;;21;120
59959;14/06/2025;t;$130.00;;21;120
59959;15/06/2025;t;$130.00;;21;120
59959;16/06/2025;t;$130.00;;21;120
59959;17/06/2025;t;$130.00;;21;120
59959;18/06/2025;t;$130.00;;21;120
59959;19/06/2025;t;$130.00;;21;120
59959;20/06/2025;t;$130.00;;21;120
59959;21/06/2025;t;$130.00;;21;120
59959;22/06/2025;t;$130.00;;21;120
59959;23/06/2025;t;$130.00;;21;120
59959;24/06/2025;t;$130.00;;21;120
59959;25/06/2025;t;$130.00;;21;120
59959;26/06/2025;t;$130.00;;21;120
59959;27/06/2025;t;$130.00;;21;120
59959;28/06/2025;t;$130.00;;21;120
59959;29/06/2025;t;$130.00;;21;120
59959;30/06/2025;t;$130.00;;21;120
59959;01/07/2025;t;$130.00;;21;120
59959;02/07/2025;t;$130.00;;21;120
59959;03/07/2025;t;$130.00;;21;120
59959;04/07/2025;t;$130.00;;21;120
59959;05/07/2025;t;$130.00;;21;120
59959;06/07/2025;t;$130.00;;21;120
59959;07/07/2025;t;$130.00;;21;120
59959;08/07/2025;t;$130.00;;21;120
59959;09/07/2025;t;$130.00;;21;120
59959;10/07/2025;t;$130.00;;21;120
59959;11/07/2025;t;$130.00;;21;120
59959;12/07/2025;t;$130.00;;21;120
59959;13/07/2025;t;$130.00;;21;120
59959;14/07/2025;t;$130.00;;21;120
59959;15/07/2025;t;$130.00;;21;120
59959;16/07/2025;t;$130.00;;21;120
59959;17/07/2025;t;$130.00;;21;120
59959;18/07/2025;t;$130.00;;21;120
59959;19/07/2025;t;$130.00;;21;120
59959;20/07/2025;t;$130.00;;21;120
59959;21/07/2025;t;$130.00;;21;120
59959;22/07/2025;t;$130.00;;21;120
59959;23/07/2025;t;$130.00;;21;120
59959;24/07/2025;t;$130.00;;21;120
59959;25/07/2025;t;$130.00;;21;120
59959;26/07/2025;t;$130.00;;21;120
59959;27/07/2025;t;$130.00;;21;120
59959;28/07/2025;t;$130.00;;21;120
59959;29/07/2025;t;$130.00;;21;120
59959;30/07/2025;t;$130.00;;21;120
59959;31/07/2025;t;$130.00;;21;120
59959;01/08/2025;t;$130.00;;21;120
59959;02/08/2025;t;$130.00;;21;120
59959;03/08/2025;t;$130.00;;21;120
59959;04/08/2025;t;$130.00;;21;120
59959;05/08/2025;t;$130.00;;21;120
59959;06/08/2025;t;$130.00;;21;120
59959;07/08/2025;t;$130.00;;21;120
59959;08/08/2025;t;$130.00;;21;120
59959;09/08/2025;t;$130.00;;21;120
59959;10/08/2025;t;$130.00;;21;120
59959;11/08/2025;t;$130.00;;21;120
59959;12/08/2025;t;$130.00;;21;120
59959;13/08/2025;t;$130.00;;21;120
59959;14/08/2025;t;$130.00;;21;120
59959;15/08/2025;t;$130.00;;21;120
59959;16/08/2025;t;$130.00;;21;120
59959;17/08/2025;t;$130.00;;21;120
59959;18/08/2025;t;$130.00;;21;120
59959;19/08/2025;t;$130.00;;21;120
59959;20/08/2025;t;$130.00;;21;120
59959;21/08/2025;t;$130.00;;21;120
59959;22/08/2025;t;$130.00;;21;120
59959;23/08/2025;t;$130.00;;21;120
59959;24/08/2025;t;$130.00;;21;120
59959;25/08/2025;t;$130.00;;21;120
59959;26/08/2025;t;$130.00;;21;120
59959;27/08/2025;t;$130.00;;21;120
59959;28/08/2025;t;$130.00;;21;120
59959;29/08/2025;t;$130.00;;21;120
59959;30/08/2025;t;$130.00;;21;120
59959;31/08/2025;t;$130.00;;21;120
59959;01/09/2025;t;$130.00;;21;120
59959;02/09/2025;t;$130.00;;21;120
59959;03/09/2025;t;$130.00;;21;120
59959;04/09/2025;t;$130.00;;21;120
59959;05/09/2025;t;$130.00;;21;120
59959;06/09/2025;t;$130.00;;21;120
59959;07/09/2025;t;$130.00;;21;120
59959;08/09/2025;t;$130.00;;21;120
59959;09/09/2025;t;$130.00;;21;120
59959;10/09/2025;t;$130.00;;21;120
59959;11/09/2025;t;$130.00;;21;120
59959;12/09/2025;t;$130.00;;21;120
59959;13/09/2025;t;$130.00;;21;120
59959;14/09/2025;t;$130.00;;21;120
59959;15/09/2025;t;$130.00;;21;120
59959;16/09/2025;t;$130.00;;21;120
59959;17/09/2025;t;$130.00;;21;120
59959;18/09/2025;t;$130.00;;21;120
59959;19/09/2025;t;$130.00;;21;120
59959;20/09/2025;t;$130.00;;21;120
59959;21/09/2025;t;$130.00;;21;120
59959;22/09/2025;t;$130.00;;21;120
59959;23/09/2025;t;$130.00;;21;120
59959;24/09/2025;t;$130.00;;21;120
59959;25/09/2025;t;$130.00;;21;120
59959;26/09/2025;t;$130.00;;21;120
59959;27/09/2025;t;$130.00;;21;120
59959;28/09/2025;t;$130.00;;21;120
59959;29/09/2025;t;$130.00;;21;120
59959;30/09/2025;t;$130.00;;21;120
59959;01/10/2025;t;$130.00;;21;120
59959;02/10/2025;t;$130.00;;21;120
59959;03/10/2025;t;$130.00;;21;120
59959;04/10/2025;t;$130.00;;21;120
59959;05/10/2025;t;$130.00;;21;120
59959;06/10/2025;t;$130.00;;21;120
59959;07/10/2025;t;$130.00;;21;120
59959;08/10/2025;t;$130.00;;21;120
59959;09/10/2025;t;$130.00;;21;120
59959;10/10/2025;t;$130.00;;21;120
59959;11/10/2025;t;$130.00;;21;120
59959;12/10/2025;t;$130.00;;21;120
59959;13/10/2025;t;$130.00;;21;120
59959;14/10/2025;t;$130.00;;21;120
59959;15/10/2025;t;$130.00;;21;120
59959;16/10/2025;t;$130.00;;21;120
59959;17/10/2025;t;$130.00;;21;120
59959;18/10/2025;t;$130.00;;21;120
59959;19/10/2025;t;$130.00;;21;120
59959;20/10/2025;t;$130.00;;21;120
59959;21/10/2025;t;$130.00;;21;120
59959;22/10/2025;t;$130.00;;21;120
59959;23/10/2025;t;$130.00;;21;120
59959;24/10/2025;t;$130.00;;21;120
59959;25/10/2025;t;$130.00;;21;120
59959;26/10/2025;t;$130.00;;21;120
59959;27/10/2025;t;$130.00;;21;120
59959;28/10/2025;t;$130.00;;21;120
59959;29/10/2025;t;$130.00;;21;120
59959;30/10/2025;t;$130.00;;21;120
59959;31/10/2025;t;$130.00;;21;120
59959;01/11/2025;t;$130.00;;21;120
59959;02/11/2025;t;$130.00;;21;120
59959;03/11/2025;t;$130.00;;21;120
59959;04/11/2025;t;$130.00;;21;120
59959;05/11/2025;t;$130.00;;21;120
59959;06/11/2025;t;$130.00;;21;120
59959;07/11/2025;t;$130.00;;21;120
59959;08/11/2025;t;$130.00;;21;120
59959;09/11/2025;t;$130.00;;21;120
59959;10/11/2025;t;$130.00;;21;120
59959;11/11/2025;t;$130.00;;21;120
59959;12/11/2025;t;$130.00;;21;120
59959;13/11/2025;t;$130.00;;21;120
59959;14/11/2025;t;$130.00;;21;120
59959;15/11/2025;t;$130.00;;21;120
59959;16/11/2025;t;$130.00;;21;120
59959;17/11/2025;t;$130.00;;21;120
59959;18/11/2025;t;$130.00;;21;120
59959;19/11/2025;t;$130.00;;21;120
59959;20/11/2025;t;$130.00;;21;120
59959;21/11/2025;t;$130.00;;21;120
59959;22/11/2025;t;$130.00;;21;120
59959;23/11/2025;t;$130.00;;21;120
59959;24/11/2025;t;$130.00;;21;120
59959;25/11/2025;t;$130.00;;21;120
59959;26/11/2025;t;$130.00;;21;120
59959;27/11/2025;t;$130.00;;21;120
59959;28/11/2025;t;$130.00;;21;120
59959;29/11/2025;t;$130.00;;21;120
59959;30/11/2025;t;$130.00;;21;120
59959;01/12/2025;t;$130.00;;21;120
59959;02/12/2025;t;$130.00;;21;120
59959;03/12/2025;t;$130.00;;21;120
59959;04/12/2025;t;$130.00;;21;120
59959;05/12/2025;t;$130.00;;21;120
72427;08/12/2024;f;$50.00;;6;1125
72427;09/12/2024;f;$50.00;;6;1125
72427;10/12/2024;f;$50.00;;6;1125
72427;11/12/2024;f;$50.00;;6;1125
72427;12/12/2024;f;$50.00;;6;1125
72427;13/12/2024;f;$50.00;;6;1125
72427;14/12/2024;f;$50.00;;6;1125
72427;15/12/2024;f;$50.00;;6;1125
72427;16/12/2024;f;$50.00;;6;1125
72427;17/12/2024;f;$50.00;;6;1125
72427;18/12/2024;f;$50.00;;6;1125
72427;19/12/2024;f;$50.00;;6;1125
72427;20/12/2024;f;$50.00;;6;1125
72427;21/12/2024;f;$50.00;;6;1125
72427;22/12/2024;f;$50.00;;6;1125
72427;23/12/2024;f;$50.00;;6;1125
72427;24/12/2024;f;$50.00;;6;1125
72427;25/12/2024;f;$50.00;;6;1125
72427;26/12/2024;f;$50.00;;6;1125
72427;27/12/2024;f;$50.00;;6;1125
72427;28/12/2024;f;$50.00;;6;1125
72427;29/12/2024;f;$50.00;;6;1125
72427;30/12/2024;f;$50.00;;6;1125
72427;31/12/2024;f;$50.00;;6;1125
72427;01/01/2025;f;$50.00;;6;1125
72427;02/01/2025;f;$50.00;;6;1125
72427;03/01/2025;f;$50.00;;6;1125
72427;04/01/2025;f;$50.00;;6;1125
72427;05/01/2025;f;$50.00;;6;1125
72427;06/01/2025;f;$50.00;;6;1125
72427;07/01/2025;f;$50.00;;6;1125
72427;08/01/2025;f;$50.00;;6;1125
72427;09/01/2025;f;$50.00;;6;1125
72427;10/01/2025;f;$50.00;;6;1125
72427;11/01/2025;f;$50.00;;6;1125
72427;12/01/2025;f;$50.00;;6;1125
72427;13/01/2025;f;$50.00;;6;1125
72427;14/01/2025;f;$50.00;;6;1125
72427;15/01/2025;f;$50.00;;6;1125
72427;16/01/2025;f;$50.00;;6;1125
72427;17/01/2025;f;$50.00;;6;1125
72427;18/01/2025;f;$50.00;;6;1125
72427;19/01/2025;f;$50.00;;6;1125
72427;20/01/2025;f;$50.00;;6;1125
72427;21/01/2025;f;$50.00;;6;1125
72427;22/01/2025;f;$50.00;;6;1125
72427;23/01/2025;f;$50.00;;6;1125
72427;24/01/2025;f;$50.00;;6;1125
72427;25/01/2025;f;$50.00;;6;1125
72427;26/01/2025;f;$50.00;;6;1125
72427;27/01/2025;f;$50.00;;6;1125
72427;28/01/2025;f;$50.00;;6;1125
72427;29/01/2025;f;$50.00;;6;1125
72427;30/01/2025;f;$50.00;;6;1125
72427;31/01/2025;f;$50.00;;6;1125
72427;01/02/2025;f;$50.00;;6;1125
72427;02/02/2025;f;$50.00;;6;1125
72427;03/02/2025;f;$50.00;;6;1125
72427;04/02/2025;f;$50.00;;6;1125
72427;05/02/2025;f;$50.00;;6;1125
72427;06/02/2025;f;$50.00;;6;1125
72427;07/02/2025;f;$50.00;;6;1125
72427;08/02/2025;f;$50.00;;6;1125
72427;09/02/2025;f;$50.00;;6;1125
72427;10/02/2025;f;$50.00;;6;1125
72427;11/02/2025;f;$50.00;;6;1125
72427;12/02/2025;f;$50.00;;6;1125
72427;13/02/2025;f;$50.00;;6;1125
72427;14/02/2025;f;$50.00;;6;1125
72427;15/02/2025;f;$50.00;;6;1125
72427;16/02/2025;f;$50.00;;6;1125
72427;17/02/2025;f;$50.00;;6;1125
72427;18/02/2025;f;$50.00;;6;1125
72427;19/02/2025;f;$50.00;;6;1125
72427;20/02/2025;f;$50.00;;6;1125
72427;21/02/2025;f;$50.00;;6;1125
72427;22/02/2025;f;$50.00;;6;1125
72427;23/02/2025;f;$50.00;;6;1125
72427;24/02/2025;f;$50.00;;6;1125
72427;25/02/2025;f;$50.00;;6;1125
72427;26/02/2025;f;$50.00;;6;1125
72427;27/02/2025;f;$50.00;;6;1125
72427;28/02/2025;f;$50.00;;6;1125
72427;01/03/2025;f;$50.00;;6;1125
72427;02/03/2025;f;$50.00;;6;1125
72427;03/03/2025;f;$50.00;;6;1125
72427;04/03/2025;f;$50.00;;6;1125
72427;05/03/2025;f;$50.00;;6;1125
72427;06/03/2025;f;$50.00;;6;1125
72427;07/03/2025;f;$50.00;;6;1125
72427;08/03/2025;f;$50.00;;6;1125
72427;09/03/2025;f;$50.00;;6;1125
72427;10/03/2025;f;$50.00;;6;1125
72427;11/03/2025;f;$50.00;;6;1125
72427;12/03/2025;f;$50.00;;6;1125
72427;13/03/2025;f;$50.00;;6;1125
72427;14/03/2025;f;$50.00;;6;1125
72427;15/03/2025;f;$50.00;;6;1125
72427;16/03/2025;f;$50.00;;6;1125
72427;17/03/2025;f;$50.00;;6;1125
72427;18/03/2025;f;$50.00;;6;1125
72427;19/03/2025;f;$50.00;;6;1125
72427;20/03/2025;f;$50.00;;6;1125
72427;21/03/2025;f;$50.00;;6;1125
72427;22/03/2025;f;$50.00;;6;1125
72427;23/03/2025;f;$50.00;;6;1125
72427;24/03/2025;f;$50.00;;6;1125
72427;25/03/2025;f;$50.00;;6;1125
72427;26/03/2025;f;$50.00;;6;1125
72427;27/03/2025;f;$50.00;;6;1125
72427;28/03/2025;f;$50.00;;6;1125
72427;29/03/2025;f;$50.00;;6;1125
72427;30/03/2025;f;$50.00;;6;1125
72427;31/03/2025;f;$50.00;;6;1125
72427;01/04/2025;f;$50.00;;6;1125
72427;02/04/2025;f;$50.00;;6;1125
72427;03/04/2025;f;$50.00;;6;1125
72427;04/04/2025;f;$50.00;;6;1125
72427;05/04/2025;f;$50.00;;6;1125
72427;06/04/2025;f;$50.00;;6;1125
72427;07/04/2025;f;$50.00;;6;1125
72427;08/04/2025;f;$50.00;;6;1125
72427;09/04/2025;f;$50.00;;6;1125
72427;10/04/2025;f;$50.00;;6;1125
72427;11/04/2025;f;$50.00;;6;1125
72427;12/04/2025;f;$50.00;;6;1125
72427;13/04/2025;f;$50.00;;6;1125
72427;14/04/2025;f;$50.00;;6;1125
72427;15/04/2025;f;$50.00;;6;1125
72427;16/04/2025;f;$50.00;;6;1125
72427;17/04/2025;f;$50.00;;6;1125
72427;18/04/2025;f;$50.00;;6;1125
72427;19/04/2025;f;$50.00;;6;1125
72427;20/04/2025;f;$50.00;;6;1125
72427;21/04/2025;f;$50.00;;6;1125
72427;22/04/2025;f;$50.00;;6;1125
72427;23/04/2025;f;$50.00;;6;1125
72427;24/04/2025;f;$50.00;;6;1125
72427;25/04/2025;f;$50.00;;6;1125
72427;26/04/2025;f;$50.00;;6;1125
72427;27/04/2025;f;$50.00;;6;1125
72427;28/04/2025;f;$50.00;;6;1125
72427;29/04/2025;f;$50.00;;6;1125
72427;30/04/2025;f;$50.00;;6;1125
72427;01/05/2025;f;$50.00;;6;1125
72427;02/05/2025;f;$50.00;;6;1125
72427;03/05/2025;f;$50.00;;6;1125
72427;04/05/2025;f;$50.00;;6;1125
72427;05/05/2025;f;$50.00;;6;1125
72427;06/05/2025;f;$50.00;;6;1125
72427;07/05/2025;f;$50.00;;6;1125
72427;08/05/2025;f;$50.00;;6;1125
72427;09/05/2025;f;$50.00;;6;1125
72427;10/05/2025;t;$50.00;;6;1125
72427;11/05/2025;t;$50.00;;6;1125
72427;12/05/2025;t;$50.00;;6;1125
72427;13/05/2025;t;$50.00;;6;1125
72427;14/05/2025;t;$50.00;;6;1125
72427;15/05/2025;t;$50.00;;6;1125
72427;16/05/2025;t;$50.00;;6;1125
72427;17/05/2025;t;$50.00;;6;1125
72427;18/05/2025;t;$50.00;;6;1125
72427;19/05/2025;t;$50.00;;6;1125
72427;20/05/2025;t;$50.00;;6;1125
72427;21/05/2025;t;$50.00;;6;1125
72427;22/05/2025;t;$50.00;;6;1125
72427;23/05/2025;t;$50.00;;6;1125
72427;24/05/2025;t;$50.00;;6;1125
72427;25/05/2025;t;$50.00;;6;1125
72427;26/05/2025;t;$50.00;;6;1125
72427;27/05/2025;t;$50.00;;6;1125
72427;28/05/2025;t;$50.00;;6;1125
72427;29/05/2025;t;$50.00;;6;1125
72427;30/05/2025;t;$50.00;;6;1125
72427;31/05/2025;t;$50.00;;6;1125
72427;01/06/2025;t;$50.00;;6;1125
72427;02/06/2025;t;$50.00;;6;1125
72427;03/06/2025;t;$50.00;;6;1125
72427;04/06/2025;t;$50.00;;6;1125
72427;05/06/2025;t;$50.00;;6;1125
72427;06/06/2025;t;$50.00;;6;1125
72427;07/06/2025;t;$50.00;;6;1125
72427;08/06/2025;t;$50.00;;6;1125
72427;09/06/2025;t;$50.00;;6;1125
72427;10/06/2025;t;$50.00;;6;1125
72427;11/06/2025;t;$50.00;;6;1125
72427;12/06/2025;t;$50.00;;6;1125
72427;13/06/2025;t;$50.00;;6;1125
72427;14/06/2025;t;$50.00;;6;1125
72427;15/06/2025;t;$50.00;;6;1125
72427;16/06/2025;t;$50.00;;6;1125
72427;17/06/2025;t;$50.00;;6;1125
72427;18/06/2025;t;$50.00;;6;1125
72427;19/06/2025;t;$50.00;;6;1125
72427;20/06/2025;t;$50.00;;6;1125
72427;21/06/2025;t;$50.00;;6;1125
72427;22/06/2025;t;$50.00;;6;1125
72427;23/06/2025;t;$50.00;;6;1125
72427;24/06/2025;t;$50.00;;6;1125
72427;25/06/2025;t;$50.00;;6;1125
72427;26/06/2025;t;$50.00;;6;1125
72427;27/06/2025;t;$50.00;;6;1125
72427;28/06/2025;t;$50.00;;6;1125
72427;29/06/2025;t;$50.00;;6;1125
72427;30/06/2025;t;$50.00;;6;1125
72427;01/07/2025;t;$50.00;;6;1125
72427;02/07/2025;t;$50.00;;6;1125
72427;03/07/2025;t;$50.00;;6;1125
72427;04/07/2025;t;$50.00;;6;1125
72427;05/07/2025;t;$50.00;;6;1125
72427;06/07/2025;t;$50.00;;6;1125
72427;07/07/2025;t;$50.00;;6;1125
72427;08/07/2025;t;$50.00;;6;1125
72427;09/07/2025;t;$50.00;;6;1125
72427;10/07/2025;t;$50.00;;6;1125
72427;11/07/2025;t;$50.00;;6;1125
72427;12/07/2025;t;$50.00;;6;1125
72427;13/07/2025;t;$50.00;;6;1125
72427;14/07/2025;t;$50.00;;6;1125
72427;15/07/2025;t;$50.00;;6;1125
72427;16/07/2025;t;$50.00;;6;1125
72427;17/07/2025;t;$50.00;;6;1125
72427;18/07/2025;t;$50.00;;6;1125
72427;19/07/2025;t;$50.00;;6;1125
72427;20/07/2025;t;$50.00;;6;1125
72427;21/07/2025;t;$50.00;;6;1125
72427;22/07/2025;t;$50.00;;6;1125
72427;23/07/2025;t;$50.00;;6;1125
72427;24/07/2025;t;$50.00;;6;1125
72427;25/07/2025;t;$50.00;;6;1125
72427;26/07/2025;t;$50.00;;6;1125
72427;27/07/2025;t;$50.00;;6;1125
72427;28/07/2025;t;$50.00;;6;1125
72427;29/07/2025;t;$50.00;;6;1125
72427;30/07/2025;t;$50.00;;6;1125
72427;31/07/2025;t;$50.00;;6;1125
72427;01/08/2025;t;$50.00;;6;1125
72427;02/08/2025;t;$50.00;;6;1125
72427;03/08/2025;t;$50.00;;6;1125
72427;04/08/2025;t;$50.00;;6;1125
72427;05/08/2025;t;$50.00;;6;1125
72427;06/08/2025;t;$50.00;;6;1125
72427;07/08/2025;t;$50.00;;6;1125
72427;08/08/2025;t;$50.00;;6;1125
72427;09/08/2025;t;$50.00;;6;1125
72427;10/08/2025;t;$50.00;;6;1125
72427;11/08/2025;t;$50.00;;6;1125
72427;12/08/2025;t;$50.00;;6;1125
72427;13/08/2025;t;$50.00;;6;1125
72427;14/08/2025;t;$50.00;;6;1125
72427;15/08/2025;t;$50.00;;6;1125
72427;16/08/2025;t;$50.00;;6;1125
72427;17/08/2025;t;$50.00;;6;1125
72427;18/08/2025;t;$50.00;;6;1125
72427;19/08/2025;t;$50.00;;6;1125
72427;20/08/2025;t;$50.00;;6;1125
72427;21/08/2025;t;$50.00;;6;1125
72427;22/08/2025;t;$50.00;;6;1125
72427;23/08/2025;t;$50.00;;6;1125
72427;24/08/2025;t;$50.00;;6;1125
72427;25/08/2025;t;$50.00;;6;1125
72427;26/08/2025;t;$50.00;;6;1125
72427;27/08/2025;t;$50.00;;6;1125
72427;28/08/2025;t;$50.00;;6;1125
72427;29/08/2025;t;$50.00;;6;1125
72427;30/08/2025;t;$50.00;;6;1125
72427;31/08/2025;t;$50.00;;6;1125
72427;01/09/2025;t;$50.00;;6;1125
72427;02/09/2025;t;$50.00;;6;1125
72427;03/09/2025;t;$50.00;;6;1125
72427;04/09/2025;f;$50.00;;6;1125
72427;05/09/2025;f;$50.00;;6;1125
72427;06/09/2025;f;$50.00;;6;1125
72427;07/09/2025;f;$50.00;;6;1125
72427;08/09/2025;f;$50.00;;6;1125
72427;09/09/2025;f;$50.00;;6;1125
72427;10/09/2025;f;$50.00;;6;1125
72427;11/09/2025;f;$50.00;;6;1125
72427;12/09/2025;f;$50.00;;6;1125
72427;13/09/2025;f;$50.00;;6;1125
72427;14/09/2025;f;$50.00;;6;1125
72427;15/09/2025;f;$50.00;;6;1125
72427;16/09/2025;f;$50.00;;6;1125
72427;17/09/2025;f;$50.00;;6;1125
72427;18/09/2025;f;$50.00;;6;1125
72427;19/09/2025;f;$50.00;;6;1125
72427;20/09/2025;f;$50.00;;6;1125
72427;21/09/2025;f;$50.00;;6;1125
72427;22/09/2025;f;$50.00;;6;1125
72427;23/09/2025;f;$50.00;;6;1125
72427;24/09/2025;f;$50.00;;6;1125
72427;25/09/2025;f;$50.00;;6;1125
72427;26/09/2025;f;$50.00;;6;1125
72427;27/09/2025;f;$50.00;;6;1125
72427;28/09/2025;f;$50.00;;6;1125
72427;29/09/2025;f;$50.00;;6;1125
72427;30/09/2025;f;$50.00;;6;1125
72427;01/10/2025;f;$50.00;;6;1125
72427;02/10/2025;f;$50.00;;6;1125
72427;03/10/2025;f;$50.00;;6;1125
72427;04/10/2025;f;$50.00;;6;1125
72427;05/10/2025;f;$50.00;;6;1125
72427;06/10/2025;f;$50.00;;6;1125
72427;07/10/2025;f;$50.00;;6;1125
72427;08/10/2025;f;$50.00;;6;1125
72427;09/10/2025;f;$50.00;;6;1125
72427;10/10/2025;f;$50.00;;6;1125
72427;11/10/2025;f;$50.00;;6;1125
72427;12/10/2025;f;$50.00;;6;1125
72427;13/10/2025;f;$50.00;;6;1125
72427;14/10/2025;f;$50.00;;6;1125
72427;15/10/2025;f;$50.00;;6;1125
72427;16/10/2025;f;$50.00;;6;1125
72427;17/10/2025;f;$50.00;;6;1125
72427;18/10/2025;f;$50.00;;6;1125
72427;19/10/2025;f;$50.00;;6;1125
72427;20/10/2025;f;$50.00;;6;1125
72427;21/10/2025;f;$50.00;;6;1125
72427;22/10/2025;f;$50.00;;6;1125
72427;23/10/2025;f;$50.00;;6;1125
72427;24/10/2025;f;$50.00;;6;1125
72427;25/10/2025;f;$50.00;;6;1125
72427;26/10/2025;f;$50.00;;6;1125
72427;27/10/2025;f;$50.00;;6;1125
72427;28/10/2025;f;$50.00;;6;1125
72427;29/10/2025;f;$50.00;;6;1125
72427;30/10/2025;f;$50.00;;6;1125
72427;31/10/2025;f;$50.00;;6;1125
72427;01/11/2025;f;$50.00;;6;1125
72427;02/11/2025;f;$50.00;;6;1125
72427;03/11/2025;f;$50.00;;6;1125
72427;04/11/2025;f;$50.00;;6;1125
72427;05/11/2025;f;$50.00;;6;1125
72427;06/11/2025;f;$50.00;;6;1125
72427;07/11/2025;f;$50.00;;6;1125
72427;08/11/2025;f;$50.00;;6;1125
72427;09/11/2025;f;$50.00;;6;1125
72427;10/11/2025;f;$50.00;;6;1125
72427;11/11/2025;f;$50.00;;6;1125
72427;12/11/2025;f;$50.00;;6;1125
72427;13/11/2025;f;$50.00;;6;1125
72427;14/11/2025;f;$50.00;;6;1125
72427;15/11/2025;f;$50.00;;6;1125
72427;16/11/2025;f;$50.00;;6;1125
72427;17/11/2025;f;$50.00;;6;1125
72427;18/11/2025;f;$50.00;;6;1125
72427;19/11/2025;f;$50.00;;6;1125
72427;20/11/2025;f;$50.00;;6;1125
72427;21/11/2025;f;$50.00;;6;1125
72427;22/11/2025;f;$50.00;;6;1125
72427;23/11/2025;f;$50.00;;6;1125
72427;24/11/2025;f;$50.00;;6;1125
72427;25/11/2025;f;$50.00;;6;1125
72427;26/11/2025;f;$50.00;;6;1125
72427;27/11/2025;f;$50.00;;6;1125
72427;28/11/2025;f;$50.00;;6;1125
72427;29/11/2025;f;$50.00;;6;1125
72427;30/11/2025;f;$50.00;;6;1125
72427;01/12/2025;f;$50.00;;6;1125
72427;02/12/2025;f;$50.00;;6;1125
72427;03/12/2025;f;$50.00;;6;1125
72427;04/12/2025;f;$50.00;;6;1125
72427;05/12/2025;f;$50.00;;6;1125
72427;06/12/2025;f;$50.00;;6;1125
72427;07/12/2025;f;$50.00;;6;1125
81106;07/12/2024;f;$115.00;;7;8
81106;08/12/2024;f;$115.00;;7;8
81106;09/12/2024;f;$115.00;;7;8
81106;10/12/2024;f;$115.00;;7;8
81106;11/12/2024;f;$115.00;;7;8
81106;12/12/2024;f;$115.00;;7;8
81106;13/12/2024;f;$115.00;;7;8
81106;14/12/2024;f;$115.00;;7;8
81106;15/12/2024;f;$115.00;;7;8
81106;16/12/2024;f;$115.00;;7;8
81106;17/12/2024;f;$115.00;;7;8
81106;18/12/2024;f;$115.00;;7;8
81106;19/12/2024;f;$115.00;;7;8
81106;20/12/2024;f;$115.00;;7;8
81106;21/12/2024;f;$115.00;;7;8
81106;22/12/2024;f;$115.00;;7;8
81106;23/12/2024;f;$115.00;;7;8
81106;24/12/2024;f;$115.00;;7;8
81106;25/12/2024;f;$115.00;;7;8
81106;26/12/2024;f;$115.00;;7;8
81106;27/12/2024;f;$115.00;;7;8
81106;28/12/2024;f;$115.00;;7;8
81106;29/12/2024;f;$115.00;;7;8
81106;30/12/2024;f;$115.00;;7;8
81106;31/12/2024;f;$115.00;;7;8
81106;01/01/2025;f;$115.00;;7;8
81106;02/01/2025;f;$115.00;;7;8
81106;03/01/2025;t;$115.00;;7;8
81106;04/01/2025;t;$115.00;;7;8
81106;05/01/2025;t;$115.00;;7;8
81106;06/01/2025;t;$115.00;;7;8
81106;07/01/2025;t;$115.00;;7;8
81106;08/01/2025;t;$115.00;;7;8
81106;09/01/2025;t;$115.00;;7;8
81106;10/01/2025;t;$115.00;;7;8
81106;11/01/2025;t;$115.00;;7;8
81106;12/01/2025;t;$115.00;;7;8
81106;13/01/2025;t;$115.00;;7;8
81106;14/01/2025;t;$115.00;;7;8
81106;15/01/2025;t;$115.00;;7;8
81106;16/01/2025;t;$115.00;;7;8
81106;17/01/2025;t;$115.00;;7;8
81106;18/01/2025;t;$115.00;;7;8
81106;19/01/2025;t;$115.00;;7;8
81106;20/01/2025;t;$115.00;;7;8
81106;21/01/2025;t;$115.00;;7;8
81106;22/01/2025;t;$115.00;;7;8
81106;23/01/2025;t;$115.00;;7;8
81106;24/01/2025;t;$115.00;;7;8
81106;25/01/2025;t;$115.00;;7;8
81106;26/01/2025;t;$115.00;;7;8
81106;27/01/2025;t;$115.00;;7;8
81106;28/01/2025;t;$115.00;;7;8
81106;29/01/2025;t;$115.00;;7;8
81106;30/01/2025;t;$115.00;;7;8
81106;31/01/2025;t;$115.00;;7;8
81106;01/02/2025;t;$115.00;;7;8
81106;02/02/2025;t;$115.00;;7;8
81106;03/02/2025;t;$115.00;;7;8
81106;04/02/2025;t;$115.00;;7;8
81106;05/02/2025;t;$115.00;;7;8
81106;06/02/2025;t;$115.00;;7;8
81106;07/02/2025;t;$115.00;;7;8
81106;08/02/2025;t;$115.00;;7;8
81106;09/02/2025;t;$115.00;;7;8
81106;10/02/2025;t;$115.00;;7;8
81106;11/02/2025;t;$115.00;;7;8
81106;12/02/2025;t;$115.00;;7;8
81106;13/02/2025;t;$115.00;;7;8
81106;14/02/2025;t;$115.00;;7;8
81106;15/02/2025;t;$115.00;;7;8
81106;16/02/2025;t;$115.00;;7;8
81106;17/02/2025;t;$115.00;;7;8
81106;18/02/2025;t;$115.00;;7;8
81106;19/02/2025;t;$115.00;;7;8
81106;20/02/2025;t;$115.00;;7;8
81106;21/02/2025;t;$115.00;;7;8
81106;22/02/2025;t;$115.00;;7;8
81106;23/02/2025;t;$115.00;;7;8
81106;24/02/2025;t;$115.00;;7;8
81106;25/02/2025;t;$115.00;;7;8
81106;26/02/2025;t;$115.00;;7;8
81106;27/02/2025;t;$115.00;;7;8
81106;28/02/2025;t;$115.00;;7;8
81106;01/03/2025;t;$115.00;;7;8
81106;02/03/2025;t;$115.00;;7;8
81106;03/03/2025;t;$115.00;;7;8
81106;04/03/2025;t;$115.00;;7;8
81106;05/03/2025;t;$115.00;;7;8
81106;06/03/2025;t;$115.00;;7;8
81106;07/03/2025;t;$115.00;;7;8
81106;08/03/2025;t;$115.00;;7;8
81106;09/03/2025;t;$115.00;;7;8
81106;10/03/2025;t;$115.00;;7;8
81106;11/03/2025;t;$115.00;;7;8
81106;12/03/2025;t;$115.00;;7;8
81106;13/03/2025;t;$115.00;;7;8
81106;14/03/2025;t;$115.00;;7;8
81106;15/03/2025;t;$115.00;;7;8
81106;16/03/2025;t;$115.00;;7;8
81106;17/03/2025;t;$115.00;;7;8
81106;18/03/2025;t;$115.00;;7;8
81106;19/03/2025;t;$115.00;;7;8
81106;20/03/2025;t;$115.00;;7;8
81106;21/03/2025;t;$115.00;;7;8
81106;22/03/2025;t;$115.00;;7;8
81106;23/03/2025;t;$115.00;;7;8
81106;24/03/2025;t;$115.00;;7;8
81106;25/03/2025;t;$115.00;;7;8
81106;26/03/2025;t;$115.00;;7;8
81106;27/03/2025;t;$115.00;;7;8
81106;28/03/2025;t;$115.00;;7;8
81106;29/03/2025;t;$115.00;;7;8
81106;30/03/2025;t;$115.00;;7;8
81106;31/03/2025;t;$115.00;;7;8
81106;01/04/2025;t;$115.00;;7;8
81106;02/04/2025;t;$115.00;;7;8
81106;03/04/2025;t;$115.00;;7;8
81106;04/04/2025;t;$115.00;;7;8
81106;05/04/2025;t;$115.00;;7;8
81106;06/04/2025;t;$115.00;;7;8
81106;07/04/2025;t;$115.00;;7;8
81106;08/04/2025;t;$115.00;;7;8
81106;09/04/2025;t;$115.00;;7;8
81106;10/04/2025;t;$115.00;;7;8
81106;11/04/2025;t;$115.00;;7;8
81106;12/04/2025;t;$115.00;;7;8
81106;13/04/2025;t;$115.00;;7;8
81106;14/04/2025;t;$115.00;;7;8
81106;15/04/2025;t;$115.00;;7;8
81106;16/04/2025;t;$115.00;;7;8
81106;17/04/2025;t;$115.00;;7;8
81106;18/04/2025;t;$115.00;;7;8
81106;19/04/2025;t;$115.00;;7;8
81106;20/04/2025;t;$115.00;;7;8
81106;21/04/2025;t;$115.00;;7;8
81106;22/04/2025;t;$115.00;;7;8
81106;23/04/2025;t;$115.00;;7;8
81106;24/04/2025;t;$115.00;;7;8
81106;25/04/2025;t;$115.00;;7;8
81106;26/04/2025;t;$115.00;;7;8
81106;27/04/2025;t;$115.00;;7;8
81106;28/04/2025;t;$115.00;;7;8
81106;29/04/2025;t;$115.00;;7;8
81106;30/04/2025;t;$115.00;;7;8
81106;01/05/2025;f;$115.00;;7;8
81106;02/05/2025;f;$115.00;;7;8
81106;03/05/2025;f;$115.00;;7;8
81106;04/05/2025;f;$115.00;;7;8
81106;05/05/2025;f;$115.00;;7;8
81106;06/05/2025;f;$115.00;;7;8
81106;07/05/2025;f;$115.00;;7;8
81106;08/05/2025;f;$115.00;;7;8
81106;09/05/2025;f;$115.00;;7;8
81106;10/05/2025;f;$115.00;;7;8
81106;11/05/2025;f;$115.00;;7;8
81106;12/05/2025;f;$115.00;;7;8
81106;13/05/2025;f;$115.00;;7;8
81106;14/05/2025;f;$115.00;;7;8
81106;15/05/2025;f;$115.00;;7;8
81106;16/05/2025;f;$115.00;;7;8
81106;17/05/2025;f;$115.00;;7;8
81106;18/05/2025;f;$115.00;;7;8
81106;19/05/2025;f;$115.00;;7;8
81106;20/05/2025;f;$115.00;;7;8
81106;21/05/2025;f;$115.00;;7;8
81106;22/05/2025;f;$115.00;;7;8
81106;23/05/2025;f;$115.00;;7;8
81106;24/05/2025;f;$115.00;;7;8
81106;25/05/2025;f;$115.00;;7;8
81106;26/05/2025;f;$115.00;;7;8
81106;27/05/2025;f;$115.00;;7;8
81106;28/05/2025;f;$115.00;;7;8
81106;29/05/2025;f;$115.00;;7;8
81106;30/05/2025;f;$115.00;;7;8
81106;31/05/2025;f;$115.00;;7;8
81106;01/06/2025;f;$115.00;;7;8
81106;02/06/2025;f;$115.00;;7;8
81106;03/06/2025;f;$115.00;;7;8
81106;04/06/2025;f;$115.00;;7;8
81106;05/06/2025;f;$115.00;;7;8
81106;06/06/2025;f;$115.00;;7;8
81106;07/06/2025;f;$115.00;;7;8
81106;08/06/2025;f;$115.00;;7;8
81106;09/06/2025;f;$115.00;;7;8
81106;10/06/2025;f;$115.00;;7;8
81106;11/06/2025;f;$115.00;;7;8
81106;12/06/2025;f;$115.00;;7;8
81106;13/06/2025;f;$115.00;;7;8
81106;14/06/2025;f;$115.00;;7;8
81106;15/06/2025;f;$115.00;;7;8
81106;16/06/2025;f;$115.00;;7;8
81106;17/06/2025;f;$115.00;;7;8
81106;18/06/2025;f;$115.00;;7;8
81106;19/06/2025;f;$115.00;;7;8
81106;20/06/2025;f;$115.00;;7;8
81106;21/06/2025;f;$115.00;;7;8
81106;22/06/2025;f;$115.00;;7;8
81106;23/06/2025;f;$115.00;;7;8
81106;24/06/2025;f;$115.00;;7;8
81106;25/06/2025;f;$115.00;;7;8
81106;26/06/2025;f;$115.00;;7;8
81106;27/06/2025;f;$115.00;;7;8
81106;28/06/2025;f;$115.00;;7;8
81106;29/06/2025;f;$115.00;;7;8
81106;30/06/2025;f;$115.00;;7;8
81106;01/07/2025;f;$115.00;;7;8
81106;02/07/2025;f;$115.00;;7;8
81106;03/07/2025;f;$115.00;;7;8
81106;04/07/2025;f;$115.00;;7;8
81106;05/07/2025;f;$115.00;;7;8
81106;06/07/2025;f;$115.00;;7;8
81106;07/07/2025;f;$115.00;;7;8
81106;08/07/2025;f;$115.00;;7;8
81106;09/07/2025;f;$115.00;;7;8
81106;10/07/2025;f;$115.00;;7;8
81106;11/07/2025;f;$115.00;;7;8
81106;12/07/2025;f;$115.00;;7;8
81106;13/07/2025;f;$115.00;;7;8
81106;14/07/2025;f;$115.00;;7;8
81106;15/07/2025;f;$115.00;;7;8
81106;16/07/2025;f;$115.00;;7;8
81106;17/07/2025;f;$115.00;;7;8
81106;18/07/2025;f;$115.00;;7;8
81106;19/07/2025;f;$115.00;;7;8
81106;20/07/2025;f;$115.00;;7;8
81106;21/07/2025;f;$115.00;;7;8
81106;22/07/2025;f;$115.00;;7;8
81106;23/07/2025;f;$115.00;;7;8
81106;24/07/2025;f;$115.00;;7;8
81106;25/07/2025;f;$115.00;;7;8
81106;26/07/2025;f;$115.00;;7;8
81106;27/07/2025;f;$115.00;;7;8
81106;28/07/2025;f;$115.00;;7;8
81106;29/07/2025;f;$115.00;;7;8
81106;30/07/2025;f;$115.00;;7;8
81106;31/07/2025;f;$115.00;;7;8
81106;01/08/2025;f;$115.00;;7;8
81106;02/08/2025;f;$115.00;;7;8
81106;03/08/2025;f;$115.00;;7;8
81106;04/08/2025;f;$115.00;;7;8
81106;05/08/2025;f;$115.00;;7;8
81106;06/08/2025;f;$115.00;;7;8
81106;07/08/2025;f;$115.00;;7;8
81106;08/08/2025;f;$115.00;;7;8
81106;09/08/2025;f;$115.00;;7;8
81106;10/08/2025;f;$115.00;;7;8
81106;11/08/2025;f;$115.00;;7;8
81106;12/08/2025;f;$115.00;;7;8
81106;13/08/2025;f;$115.00;;7;8
81106;14/08/2025;f;$115.00;;7;8
81106;15/08/2025;f;$115.00;;7;8
81106;16/08/2025;f;$115.00;;7;8
81106;17/08/2025;f;$115.00;;7;8
81106;18/08/2025;f;$115.00;;7;8
81106;19/08/2025;f;$115.00;;7;8
81106;20/08/2025;f;$115.00;;7;8
81106;21/08/2025;f;$115.00;;7;8
81106;22/08/2025;f;$115.00;;7;8
81106;23/08/2025;f;$115.00;;7;8
81106;24/08/2025;f;$115.00;;7;8
81106;25/08/2025;f;$115.00;;7;8
81106;26/08/2025;f;$115.00;;7;8
81106;27/08/2025;f;$115.00;;7;8
81106;28/08/2025;f;$115.00;;7;8
81106;29/08/2025;f;$115.00;;7;8
81106;30/08/2025;f;$115.00;;7;8
81106;31/08/2025;f;$115.00;;7;8
81106;01/09/2025;f;$115.00;;7;8
81106;02/09/2025;f;$115.00;;7;8
81106;03/09/2025;f;$115.00;;7;8
81106;04/09/2025;f;$115.00;;7;8
81106;05/09/2025;f;$115.00;;7;8
81106;06/09/2025;f;$115.00;;7;8
81106;07/09/2025;f;$115.00;;7;8
81106;08/09/2025;f;$115.00;;7;8
81106;09/09/2025;f;$115.00;;7;8
81106;10/09/2025;f;$115.00;;7;8
81106;11/09/2025;f;$115.00;;7;8
81106;12/09/2025;f;$115.00;;7;8
81106;13/09/2025;f;$115.00;;7;8
81106;14/09/2025;f;$115.00;;7;8
81106;15/09/2025;f;$115.00;;7;8
81106;16/09/2025;f;$115.00;;7;8
81106;17/09/2025;f;$115.00;;7;8
81106;18/09/2025;f;$115.00;;7;8
81106;19/09/2025;f;$115.00;;7;8
81106;20/09/2025;f;$115.00;;7;8
81106;21/09/2025;f;$115.00;;7;8
81106;22/09/2025;f;$115.00;;7;8
81106;23/09/2025;f;$115.00;;7;8
81106;24/09/2025;f;$115.00;;7;8
81106;25/09/2025;f;$115.00;;7;8
81106;26/09/2025;f;$115.00;;7;8
81106;27/09/2025;f;$115.00;;7;8
81106;28/09/2025;f;$115.00;;7;8
81106;29/09/2025;f;$115.00;;7;8
81106;30/09/2025;f;$115.00;;7;8
81106;01/10/2025;f;$115.00;;7;8
81106;02/10/2025;f;$115.00;;7;8
81106;03/10/2025;f;$115.00;;7;8
81106;04/10/2025;f;$115.00;;7;8
81106;05/10/2025;f;$115.00;;7;8
81106;06/10/2025;f;$115.00;;7;8
81106;07/10/2025;f;$115.00;;7;8
81106;08/10/2025;f;$115.00;;7;8
81106;09/10/2025;f;$115.00;;7;8
81106;10/10/2025;f;$115.00;;7;8
81106;11/10/2025;f;$115.00;;7;8
81106;12/10/2025;f;$115.00;;7;8
81106;13/10/2025;f;$115.00;;7;8
81106;14/10/2025;f;$115.00;;7;8
81106;15/10/2025;f;$115.00;;7;8
81106;16/10/2025;f;$115.00;;7;8
81106;17/10/2025;f;$115.00;;7;8
81106;18/10/2025;f;$115.00;;7;8
81106;19/10/2025;f;$115.00;;7;8
81106;20/10/2025;f;$115.00;;7;8
81106;21/10/2025;f;$115.00;;7;8
81106;22/10/2025;f;$115.00;;7;8
81106;23/10/2025;f;$115.00;;7;8
81106;24/10/2025;f;$115.00;;7;8
81106;25/10/2025;f;$115.00;;7;8
81106;26/10/2025;f;$115.00;;7;8
81106;27/10/2025;f;$115.00;;7;8
81106;28/10/2025;f;$115.00;;7;8
81106;29/10/2025;f;$115.00;;7;8
81106;30/10/2025;f;$115.00;;7;8
81106;31/10/2025;f;$115.00;;7;8
81106;01/11/2025;f;$115.00;;7;8
81106;02/11/2025;f;$115.00;;7;8
81106;03/11/2025;f;$115.00;;7;8
81106;04/11/2025;f;$115.00;;7;8
81106;05/11/2025;f;$115.00;;7;8
81106;06/11/2025;f;$115.00;;7;8
81106;07/11/2025;f;$115.00;;7;8
81106;08/11/2025;f;$115.00;;7;8
81106;09/11/2025;f;$115.00;;7;8
81106;10/11/2025;f;$115.00;;7;8
81106;11/11/2025;f;$115.00;;7;8
81106;12/11/2025;f;$115.00;;7;8
81106;13/11/2025;f;$115.00;;7;8
81106;14/11/2025;f;$115.00;;7;8
81106;15/11/2025;f;$115.00;;7;8
81106;16/11/2025;f;$115.00;;7;8
81106;17/11/2025;f;$115.00;;7;8
81106;18/11/2025;f;$115.00;;7;8
81106;19/11/2025;f;$115.00;;7;8
81106;20/11/2025;f;$115.00;;7;8
81106;21/11/2025;f;$115.00;;7;8
81106;22/11/2025;f;$115.00;;7;8
81106;23/11/2025;f;$115.00;;7;8
81106;24/11/2025;f;$115.00;;7;8
81106;25/11/2025;f;$115.00;;7;8
81106;26/11/2025;f;$115.00;;7;8
81106;27/11/2025;f;$115.00;;7;8
81106;28/11/2025;f;$115.00;;7;8
81106;29/11/2025;f;$115.00;;7;8
81106;30/11/2025;f;$115.00;;7;8
81106;01/12/2025;f;$115.00;;7;8
81106;02/12/2025;f;$115.00;;7;8
81106;03/12/2025;f;$115.00;;7;8
81106;04/12/2025;f;$115.00;;7;8
81106;05/12/2025;f;$115.00;;7;8
81106;06/12/2025;f;$115.00;;7;8
87481;08/12/2024;f;$175.00;;4;365
87481;09/12/2024;f;$175.00;;4;365
87481;10/12/2024;f;$175.00;;10;365
87481;11/12/2024;f;$175.00;;10;365
87481;12/12/2024;f;$175.00;;10;365
87481;13/12/2024;t;$175.00;;4;365
87481;14/12/2024;f;$175.00;;4;365
87481;15/12/2024;t;$175.00;;4;365
87481;16/12/2024;t;$175.00;;4;365
87481;17/12/2024;f;$175.00;;10;365
87481;18/12/2024;t;$175.00;;10;365
87481;19/12/2024;f;$175.00;;10;365
87481;20/12/2024;f;$175.00;;4;365
87481;21/12/2024;f;$175.00;;4;365
87481;22/12/2024;f;$175.00;;4;365
87481;23/12/2024;f;$175.00;;4;365
87481;24/12/2024;f;$175.00;;10;365
87481;25/12/2024;f;$175.00;;10;365
87481;26/12/2024;f;$175.00;;10;365
87481;27/12/2024;f;$175.00;;10;365
87481;28/12/2024;f;$175.00;;10;365
87481;29/12/2024;f;$175.00;;10;365
87481;30/12/2024;f;$175.00;;10;365
87481;31/12/2024;t;$175.00;;10;365
87481;01/01/2025;t;$175.00;;10;365
87481;02/01/2025;t;$175.00;;10;365
87481;03/01/2025;t;$175.00;;10;365
87481;04/01/2025;t;$175.00;;10;365
87481;05/01/2025;t;$175.00;;10;365
87481;06/01/2025;t;$175.00;;10;365
87481;07/01/2025;t;$175.00;;10;365
87481;08/01/2025;t;$175.00;;10;365
87481;09/01/2025;f;$175.00;;10;365
87481;10/01/2025;f;$175.00;;10;365
87481;11/01/2025;f;$175.00;;10;365
87481;12/01/2025;f;$175.00;;10;365
87481;13/01/2025;f;$175.00;;10;365
87481;14/01/2025;f;$175.00;;10;365
87481;15/01/2025;f;$175.00;;10;365
87481;16/01/2025;f;$175.00;;10;365
87481;17/01/2025;f;$175.00;;10;365
87481;18/01/2025;f;$175.00;;10;365
87481;19/01/2025;f;$175.00;;10;365
87481;20/01/2025;f;$175.00;;10;365
87481;21/01/2025;f;$175.00;;10;365
87481;22/01/2025;t;$175.00;;10;365
87481;23/01/2025;f;$175.00;;10;365
87481;24/01/2025;t;$175.00;;10;365
87481;25/01/2025;t;$175.00;;10;365
87481;26/01/2025;t;$175.00;;10;365
87481;27/01/2025;t;$175.00;;10;365
87481;28/01/2025;t;$175.00;;10;365
87481;29/01/2025;t;$175.00;;10;365
87481;30/01/2025;f;$175.00;;10;365
87481;31/01/2025;t;$175.00;;10;365
87481;01/02/2025;t;$175.00;;10;365
87481;02/02/2025;t;$175.00;;10;365
87481;03/02/2025;t;$175.00;;10;365
87481;04/02/2025;t;$175.00;;10;365
87481;05/02/2025;t;$175.00;;10;365
87481;06/02/2025;f;$175.00;;10;365
87481;07/02/2025;t;$175.00;;10;365
87481;08/02/2025;t;$175.00;;10;365
87481;09/02/2025;t;$175.00;;10;365
87481;10/02/2025;t;$175.00;;10;365
87481;11/02/2025;t;$175.00;;10;365
87481;12/02/2025;t;$175.00;;10;365
87481;13/02/2025;f;$175.00;;10;365
87481;14/02/2025;t;$175.00;;10;365
87481;15/02/2025;t;$175.00;;10;365
87481;16/02/2025;t;$175.00;;10;365
87481;17/02/2025;t;$175.00;;10;365
87481;18/02/2025;t;$175.00;;10;365
87481;19/02/2025;t;$175.00;;10;365
87481;20/02/2025;f;$175.00;;10;365
87481;21/02/2025;t;$175.00;;10;365
87481;22/02/2025;t;$175.00;;10;365
87481;23/02/2025;t;$175.00;;10;365
87481;24/02/2025;t;$175.00;;10;365
87481;25/02/2025;t;$175.00;;10;365
87481;26/02/2025;t;$175.00;;10;365
87481;27/02/2025;f;$175.00;;10;365
87481;28/02/2025;t;$175.00;;10;365
87481;01/03/2025;t;$175.00;;10;365
87481;02/03/2025;t;$175.00;;10;365
87481;03/03/2025;t;$175.00;;10;365
87481;04/03/2025;t;$175.00;;10;365
87481;05/03/2025;t;$175.00;;10;365
87481;06/03/2025;f;$175.00;;10;365
87481;07/03/2025;t;$175.00;;10;365
87481;08/03/2025;t;$175.00;;10;365
87481;09/03/2025;t;$175.00;;10;365
87481;10/03/2025;t;$175.00;;10;365
87481;11/03/2025;t;$175.00;;10;365
87481;12/03/2025;t;$175.00;;10;365
87481;13/03/2025;f;$175.00;;10;365
87481;14/03/2025;t;$175.00;;10;365
87481;15/03/2025;t;$175.00;;10;365
87481;16/03/2025;t;$175.00;;10;365
87481;17/03/2025;t;$175.00;;10;365
87481;18/03/2025;t;$175.00;;10;365
87481;19/03/2025;t;$175.00;;10;365
87481;20/03/2025;f;$175.00;;10;365
87481;21/03/2025;t;$175.00;;10;365
87481;22/03/2025;t;$175.00;;10;365
87481;23/03/2025;t;$175.00;;10;365
87481;24/03/2025;t;$175.00;;10;365
87481;25/03/2025;t;$175.00;;10;365
87481;26/03/2025;t;$175.00;;10;365
87481;27/03/2025;f;$175.00;;10;365
87481;28/03/2025;t;$175.00;;10;365
87481;29/03/2025;t;$175.00;;10;365
87481;30/03/2025;t;$175.00;;10;365
87481;31/03/2025;t;$175.00;;10;365
87481;01/04/2025;t;$175.00;;10;365
87481;02/04/2025;t;$175.00;;10;365
87481;03/04/2025;f;$175.00;;10;365
87481;04/04/2025;t;$175.00;;10;365
87481;05/04/2025;t;$175.00;;10;365
87481;06/04/2025;t;$175.00;;10;365
87481;07/04/2025;t;$175.00;;10;365
87481;08/04/2025;f;$175.00;;10;365
87481;09/04/2025;f;$175.00;;10;365
87481;10/04/2025;f;$175.00;;10;365
87481;11/04/2025;f;$175.00;;10;365
87481;12/04/2025;f;$175.00;;10;365
87481;13/04/2025;f;$175.00;;10;365
87481;14/04/2025;f;$175.00;;10;365
87481;15/04/2025;f;$175.00;;10;365
87481;16/04/2025;f;$175.00;;10;365
87481;17/04/2025;f;$175.00;;10;365
87481;18/04/2025;f;$175.00;;10;365
87481;19/04/2025;f;$175.00;;10;365
87481;20/04/2025;f;$175.00;;10;365
87481;21/04/2025;f;$175.00;;10;365
87481;22/04/2025;f;$175.00;;10;365
87481;23/04/2025;f;$175.00;;10;365
87481;24/04/2025;f;$175.00;;10;365
87481;25/04/2025;f;$175.00;;10;365
87481;26/04/2025;f;$175.00;;10;365
87481;27/04/2025;f;$175.00;;10;365
87481;28/04/2025;f;$175.00;;10;365
87481;29/04/2025;f;$175.00;;10;365
87481;30/04/2025;f;$175.00;;10;365
87481;01/05/2025;f;$175.00;;10;365
87481;02/05/2025;f;$175.00;;10;365
87481;03/05/2025;f;$175.00;;10;365
87481;04/05/2025;f;$175.00;;10;365
87481;05/05/2025;f;$175.00;;10;365
87481;06/05/2025;f;$175.00;;10;365
87481;07/05/2025;f;$175.00;;10;365
87481;08/05/2025;t;$175.00;;10;365
87481;09/05/2025;t;$175.00;;10;365
87481;10/05/2025;t;$175.00;;10;365
87481;11/05/2025;t;$175.00;;10;365
87481;12/05/2025;t;$175.00;;10;365
87481;13/05/2025;f;$175.00;;10;365
87481;14/05/2025;f;$175.00;;10;365
87481;15/05/2025;f;$175.00;;10;365
87481;16/05/2025;f;$175.00;;10;365
87481;17/05/2025;f;$175.00;;10;365
87481;18/05/2025;f;$175.00;;10;365
87481;19/05/2025;f;$175.00;;10;365
87481;20/05/2025;f;$175.00;;10;365
87481;21/05/2025;f;$175.00;;10;365
87481;22/05/2025;f;$175.00;;10;365
87481;23/05/2025;f;$175.00;;10;365
87481;24/05/2025;f;$175.00;;10;365
87481;25/05/2025;f;$175.00;;10;365
87481;26/05/2025;f;$175.00;;10;365
87481;27/05/2025;f;$175.00;;10;365
87481;28/05/2025;f;$175.00;;10;365
87481;29/05/2025;f;$175.00;;10;365
87481;30/05/2025;f;$175.00;;10;365
87481;31/05/2025;f;$175.00;;10;365
87481;01/06/2025;f;$175.00;;10;365
87481;02/06/2025;f;$175.00;;10;365
87481;03/06/2025;f;$175.00;;10;365
87481;04/06/2025;f;$175.00;;10;365
87481;05/06/2025;f;$175.00;;10;365
87481;06/06/2025;f;$175.00;;10;365
87481;07/06/2025;f;$175.00;;10;365
87481;08/06/2025;f;$175.00;;10;365
87481;09/06/2025;f;$175.00;;10;365
87481;10/06/2025;t;$175.00;;10;365
87481;11/06/2025;t;$175.00;;10;365
87481;12/06/2025;t;$175.00;;10;365
87481;13/06/2025;t;$175.00;;10;365
87481;14/06/2025;t;$175.00;;10;365
87481;15/06/2025;t;$175.00;;10;365
87481;16/06/2025;t;$175.00;;10;365
87481;17/06/2025;t;$175.00;;10;365
87481;18/06/2025;t;$175.00;;10;365
87481;19/06/2025;t;$175.00;;10;365
87481;20/06/2025;t;$175.00;;10;365
87481;21/06/2025;t;$175.00;;10;365
87481;22/06/2025;t;$175.00;;10;365
87481;23/06/2025;t;$175.00;;10;365
87481;24/06/2025;t;$175.00;;10;365
87481;25/06/2025;t;$175.00;;10;365
87481;26/06/2025;t;$175.00;;10;365
87481;27/06/2025;t;$175.00;;10;365
87481;28/06/2025;t;$175.00;;10;365
87481;29/06/2025;t;$175.00;;10;365
87481;30/06/2025;t;$175.00;;10;365
87481;01/07/2025;t;$175.00;;10;365
87481;02/07/2025;t;$175.00;;10;365
87481;03/07/2025;t;$175.00;;10;365
87481;04/07/2025;t;$175.00;;10;365
87481;05/07/2025;t;$175.00;;10;365
87481;06/07/2025;t;$175.00;;10;365
87481;07/07/2025;t;$175.00;;10;365
87481;08/07/2025;t;$175.00;;10;365
87481;09/07/2025;t;$175.00;;10;365
87481;10/07/2025;t;$175.00;;10;365
87481;11/07/2025;t;$175.00;;10;365
87481;12/07/2025;t;$175.00;;10;365
87481;13/07/2025;t;$175.00;;10;365
87481;14/07/2025;t;$175.00;;10;365
87481;15/07/2025;t;$175.00;;10;365
87481;16/07/2025;t;$175.00;;10;365
87481;17/07/2025;t;$175.00;;10;365
87481;18/07/2025;t;$175.00;;10;365
87481;19/07/2025;t;$175.00;;10;365
87481;20/07/2025;t;$175.00;;10;365
87481;21/07/2025;t;$175.00;;10;365
87481;22/07/2025;t;$175.00;;10;365
87481;23/07/2025;t;$175.00;;10;365
87481;24/07/2025;t;$175.00;;10;365
87481;25/07/2025;t;$175.00;;10;365
87481;26/07/2025;t;$175.00;;10;365
87481;27/07/2025;t;$175.00;;10;365
87481;28/07/2025;t;$175.00;;10;365
87481;29/07/2025;t;$175.00;;10;365
87481;30/07/2025;t;$175.00;;10;365
87481;31/07/2025;t;$175.00;;10;365
87481;01/08/2025;t;$175.00;;10;365
87481;02/08/2025;t;$175.00;;10;365
87481;03/08/2025;t;$175.00;;10;365
87481;04/08/2025;t;$175.00;;10;365
87481;05/08/2025;t;$175.00;;10;365
87481;06/08/2025;t;$175.00;;10;365
87481;07/08/2025;t;$175.00;;10;365
87481;08/08/2025;t;$175.00;;10;365
87481;09/08/2025;t;$175.00;;10;365
87481;10/08/2025;t;$175.00;;10;365
87481;11/08/2025;t;$175.00;;10;365
87481;12/08/2025;t;$175.00;;10;365
87481;13/08/2025;t;$175.00;;10;365
87481;14/08/2025;t;$175.00;;10;365
87481;15/08/2025;t;$175.00;;10;365
87481;16/08/2025;t;$175.00;;10;365
87481;17/08/2025;t;$175.00;;10;365
87481;18/08/2025;t;$175.00;;10;365
87481;19/08/2025;t;$175.00;;10;365
87481;20/08/2025;t;$175.00;;10;365
87481;21/08/2025;t;$175.00;;10;365
87481;22/08/2025;t;$175.00;;10;365
87481;23/08/2025;t;$175.00;;10;365
87481;24/08/2025;t;$175.00;;10;365
87481;25/08/2025;t;$175.00;;10;365
87481;26/08/2025;t;$175.00;;10;365
87481;27/08/2025;t;$175.00;;10;365
87481;28/08/2025;t;$175.00;;10;365
87481;29/08/2025;t;$175.00;;10;365
87481;30/08/2025;t;$175.00;;10;365
87481;31/08/2025;t;$175.00;;10;365
87481;01/09/2025;t;$175.00;;10;365
87481;02/09/2025;t;$175.00;;10;365
87481;03/09/2025;t;$175.00;;10;365
87481;04/09/2025;t;$175.00;;10;365
87481;05/09/2025;t;$175.00;;10;365
87481;06/09/2025;t;$175.00;;10;365
87481;07/09/2025;t;$175.00;;10;365
87481;08/09/2025;t;$175.00;;10;365
87481;09/09/2025;t;$175.00;;10;365
87481;10/09/2025;t;$175.00;;10;365
87481;11/09/2025;t;$175.00;;10;365
87481;12/09/2025;t;$175.00;;10;365
87481;13/09/2025;t;$175.00;;10;365
87481;14/09/2025;t;$175.00;;10;365
87481;15/09/2025;t;$175.00;;10;365
87481;16/09/2025;t;$175.00;;10;365
87481;17/09/2025;t;$175.00;;10;365
87481;18/09/2025;t;$175.00;;10;365
87481;19/09/2025;t;$175.00;;10;365
87481;20/09/2025;t;$175.00;;10;365
87481;21/09/2025;t;$175.00;;10;365
87481;22/09/2025;t;$175.00;;10;365
87481;23/09/2025;t;$175.00;;10;365
87481;24/09/2025;t;$175.00;;10;365
87481;25/09/2025;t;$175.00;;10;365
87481;26/09/2025;t;$175.00;;10;365
87481;27/09/2025;t;$175.00;;10;365
87481;28/09/2025;t;$175.00;;10;365
87481;29/09/2025;t;$175.00;;10;365
87481;30/09/2025;t;$175.00;;10;365
87481;01/10/2025;t;$175.00;;10;365
87481;02/10/2025;t;$175.00;;10;365
87481;03/10/2025;t;$175.00;;10;365
87481;04/10/2025;t;$175.00;;10;365
87481;05/10/2025;t;$175.00;;10;365
87481;06/10/2025;t;$175.00;;10;365
87481;07/10/2025;t;$175.00;;10;365
87481;08/10/2025;t;$175.00;;10;365
87481;09/10/2025;t;$175.00;;10;365
87481;10/10/2025;t;$175.00;;10;365
87481;11/10/2025;t;$175.00;;10;365
87481;12/10/2025;t;$175.00;;10;365
87481;13/10/2025;t;$175.00;;10;365
87481;14/10/2025;t;$175.00;;10;365
87481;15/10/2025;t;$175.00;;10;365
87481;16/10/2025;t;$175.00;;10;365
87481;17/10/2025;t;$175.00;;10;365
87481;18/10/2025;t;$175.00;;10;365
87481;19/10/2025;t;$175.00;;10;365
87481;20/10/2025;t;$175.00;;10;365
87481;21/10/2025;t;$175.00;;10;365
87481;22/10/2025;t;$175.00;;10;365
87481;23/10/2025;t;$175.00;;10;365
87481;24/10/2025;t;$175.00;;10;365
87481;25/10/2025;t;$175.00;;10;365
87481;26/10/2025;t;$175.00;;10;365
87481;27/10/2025;t;$175.00;;10;365
87481;28/10/2025;t;$175.00;;10;365
87481;29/10/2025;t;$175.00;;10;365
87481;30/10/2025;t;$175.00;;10;365
87481;31/10/2025;t;$175.00;;10;365
87481;01/11/2025;t;$175.00;;10;365
87481;02/11/2025;t;$175.00;;10;365
87481;03/11/2025;t;$175.00;;10;365
87481;04/11/2025;t;$175.00;;10;365
87481;05/11/2025;t;$175.00;;10;365
87481;06/11/2025;t;$175.00;;10;365
87481;07/11/2025;t;$175.00;;10;365
87481;08/11/2025;t;$175.00;;10;365
87481;09/11/2025;t;$175.00;;10;365
87481;10/11/2025;t;$175.00;;10;365
87481;11/11/2025;t;$175.00;;10;365
87481;12/11/2025;t;$175.00;;10;365
87481;13/11/2025;t;$175.00;;10;365
87481;14/11/2025;t;$175.00;;10;365
87481;15/11/2025;t;$175.00;;10;365
87481;16/11/2025;t;$175.00;;10;365
87481;17/11/2025;t;$175.00;;10;365
87481;18/11/2025;t;$175.00;;10;365
87481;19/11/2025;t;$175.00;;10;365
87481;20/11/2025;t;$175.00;;10;365
87481;21/11/2025;t;$175.00;;10;365
87481;22/11/2025;t;$175.00;;10;365
87481;23/11/2025;t;$175.00;;10;365
87481;24/11/2025;t;$175.00;;10;365
87481;25/11/2025;t;$175.00;;10;365
87481;26/11/2025;t;$175.00;;10;365
87481;27/11/2025;t;$175.00;;10;365
87481;28/11/2025;t;$175.00;;10;365
87481;29/11/2025;t;$175.00;;10;365
87481;30/11/2025;t;$175.00;;10;365
87481;01/12/2025;t;$175.00;;10;365
87481;02/12/2025;t;$175.00;;10;365
87481;03/12/2025;t;$175.00;;10;365
87481;04/12/2025;t;$175.00;;10;365
87481;05/12/2025;t;$175.00;;10;365
87481;06/12/2025;t;$175.00;;10;365
87481;07/12/2025;t;$175.00;;10;365
101682;06/12/2024;t;$100.00;;365;365
101682;07/12/2024;f;$100.00;;365;365
101682;08/12/2024;t;$100.00;;365;365
101682;09/12/2024;t;$100.00;;365;365
101682;10/12/2024;t;$100.00;;365;365
101682;11/12/2024;t;$100.00;;365;365
101682;12/12/2024;t;$100.00;;365;365
101682;13/12/2024;t;$100.00;;365;365
101682;14/12/2024;t;$100.00;;365;365
101682;15/12/2024;t;$100.00;;365;365
101682;16/12/2024;t;$100.00;;365;365
101682;17/12/2024;t;$100.00;;365;365
101682;18/12/2024;t;$100.00;;365;365
101682;19/12/2024;t;$100.00;;365;365
101682;20/12/2024;t;$100.00;;365;365
101682;21/12/2024;t;$100.00;;365;365
101682;22/12/2024;t;$100.00;;365;365
101682;23/12/2024;t;$100.00;;365;365
101682;24/12/2024;t;$100.00;;365;365
101682;25/12/2024;t;$100.00;;365;365
101682;26/12/2024;t;$100.00;;365;365
101682;27/12/2024;t;$100.00;;365;365
101682;28/12/2024;t;$100.00;;365;365
101682;29/12/2024;t;$100.00;;365;365
101682;30/12/2024;t;$100.00;;365;365
101682;31/12/2024;t;$100.00;;365;365
101682;01/01/2025;t;$100.00;;365;365
101682;02/01/2025;t;$100.00;;365;365
101682;03/01/2025;t;$100.00;;365;365
101682;04/01/2025;t;$100.00;;365;365
101682;05/01/2025;t;$100.00;;365;365
101682;06/01/2025;t;$100.00;;365;365
101682;07/01/2025;t;$100.00;;365;365
101682;08/01/2025;t;$100.00;;365;365
101682;09/01/2025;t;$100.00;;365;365
101682;10/01/2025;t;$100.00;;365;365
101682;11/01/2025;t;$100.00;;365;365
101682;12/01/2025;t;$100.00;;365;365
101682;13/01/2025;t;$100.00;;365;365
101682;14/01/2025;t;$100.00;;365;365
101682;15/01/2025;t;$100.00;;365;365
101682;16/01/2025;t;$100.00;;365;365
101682;17/01/2025;t;$100.00;;365;365
101682;18/01/2025;t;$100.00;;365;365
101682;19/01/2025;t;$100.00;;365;365
101682;20/01/2025;t;$100.00;;365;365
101682;21/01/2025;t;$100.00;;365;365
101682;22/01/2025;t;$100.00;;365;365
101682;23/01/2025;t;$100.00;;365;365
101682;24/01/2025;t;$100.00;;365;365
101682;25/01/2025;t;$100.00;;365;365
101682;26/01/2025;t;$100.00;;365;365
101682;27/01/2025;t;$100.00;;365;365
101682;28/01/2025;t;$100.00;;365;365
101682;29/01/2025;t;$100.00;;365;365
101682;30/01/2025;t;$100.00;;365;365
101682;31/01/2025;t;$100.00;;365;365
101682;01/02/2025;t;$100.00;;365;365
101682;02/02/2025;t;$100.00;;365;365
101682;03/02/2025;t;$100.00;;365;365
101682;04/02/2025;t;$100.00;;365;365
101682;05/02/2025;t;$100.00;;365;365
101682;06/02/2025;t;$100.00;;365;365
101682;07/02/2025;t;$100.00;;365;365
101682;08/02/2025;t;$100.00;;365;365
101682;09/02/2025;t;$100.00;;365;365
101682;10/02/2025;t;$100.00;;365;365
101682;11/02/2025;t;$100.00;;365;365
101682;12/02/2025;t;$100.00;;365;365
101682;13/02/2025;t;$100.00;;365;365
101682;14/02/2025;t;$100.00;;365;365
101682;15/02/2025;t;$100.00;;365;365
101682;16/02/2025;t;$100.00;;365;365
101682;17/02/2025;t;$100.00;;365;365
101682;18/02/2025;t;$100.00;;365;365
101682;19/02/2025;t;$100.00;;365;365
101682;20/02/2025;t;$100.00;;365;365
101682;21/02/2025;t;$100.00;;365;365
101682;22/02/2025;t;$100.00;;365;365
101682;23/02/2025;t;$100.00;;365;365
101682;24/02/2025;t;$100.00;;365;365
101682;25/02/2025;t;$100.00;;365;365
101682;26/02/2025;t;$100.00;;365;365
101682;27/02/2025;t;$100.00;;365;365
101682;28/02/2025;t;$100.00;;365;365
101682;01/03/2025;t;$100.00;;365;365
101682;02/03/2025;t;$100.00;;365;365
101682;03/03/2025;t;$100.00;;365;365
101682;04/03/2025;t;$100.00;;365;365
101682;05/03/2025;t;$100.00;;365;365
101682;06/03/2025;t;$100.00;;365;365
101682;07/03/2025;t;$100.00;;365;365
101682;08/03/2025;t;$100.00;;365;365
101682;09/03/2025;t;$100.00;;365;365
101682;10/03/2025;t;$100.00;;365;365
101682;11/03/2025;t;$100.00;;365;365
101682;12/03/2025;t;$100.00;;365;365
101682;13/03/2025;t;$100.00;;365;365
101682;14/03/2025;t;$100.00;;365;365
101682;15/03/2025;t;$100.00;;365;365
101682;16/03/2025;t;$100.00;;365;365
101682;17/03/2025;t;$100.00;;365;365
101682;18/03/2025;t;$100.00;;365;365
101682;19/03/2025;t;$100.00;;365;365
101682;20/03/2025;t;$100.00;;365;365
101682;21/03/2025;t;$100.00;;365;365
101682;22/03/2025;t;$100.00;;365;365
101682;23/03/2025;t;$100.00;;365;365
101682;24/03/2025;t;$100.00;;365;365
101682;25/03/2025;t;$100.00;;365;365
101682;26/03/2025;t;$100.00;;365;365
101682;27/03/2025;t;$100.00;;365;365
101682;28/03/2025;t;$100.00;;365;365
101682;29/03/2025;t;$100.00;;365;365
101682;30/03/2025;t;$100.00;;365;365
101682;31/03/2025;t;$100.00;;365;365
101682;01/04/2025;t;$100.00;;365;365
101682;02/04/2025;t;$100.00;;365;365
101682;03/04/2025;t;$100.00;;365;365
101682;04/04/2025;t;$100.00;;365;365
101682;05/04/2025;t;$100.00;;365;365
101682;06/04/2025;t;$100.00;;365;365
101682;07/04/2025;t;$100.00;;365;365
101682;08/04/2025;t;$100.00;;365;365
101682;09/04/2025;t;$100.00;;365;365
101682;10/04/2025;t;$100.00;;365;365
101682;11/04/2025;t;$100.00;;365;365
101682;12/04/2025;t;$100.00;;365;365
101682;13/04/2025;t;$100.00;;365;365
101682;14/04/2025;t;$100.00;;365;365
101682;15/04/2025;t;$100.00;;365;365
101682;16/04/2025;t;$100.00;;365;365
101682;17/04/2025;t;$100.00;;365;365
101682;18/04/2025;t;$100.00;;365;365
101682;19/04/2025;t;$100.00;;365;365
101682;20/04/2025;t;$100.00;;365;365
101682;21/04/2025;t;$100.00;;365;365
101682;22/04/2025;t;$100.00;;365;365
101682;23/04/2025;t;$100.00;;365;365
101682;24/04/2025;t;$100.00;;365;365
101682;25/04/2025;t;$100.00;;365;365
101682;26/04/2025;t;$100.00;;365;365
101682;27/04/2025;t;$100.00;;365;365
101682;28/04/2025;t;$100.00;;365;365
101682;29/04/2025;t;$100.00;;365;365
101682;30/04/2025;t;$100.00;;365;365
101682;01/05/2025;t;$100.00;;365;365
101682;02/05/2025;t;$100.00;;365;365
101682;03/05/2025;t;$100.00;;365;365
101682;04/05/2025;t;$100.00;;365;365
101682;05/05/2025;t;$100.00;;365;365
101682;06/05/2025;t;$100.00;;365;365
101682;07/05/2025;t;$100.00;;365;365
101682;08/05/2025;t;$100.00;;365;365
101682;09/05/2025;t;$100.00;;365;365
101682;10/05/2025;t;$100.00;;365;365
101682;11/05/2025;t;$100.00;;365;365
101682;12/05/2025;t;$100.00;;365;365
101682;13/05/2025;t;$100.00;;365;365
101682;14/05/2025;t;$100.00;;365;365
101682;15/05/2025;t;$100.00;;365;365
101682;16/05/2025;t;$100.00;;365;365
101682;17/05/2025;t;$100.00;;365;365
101682;18/05/2025;t;$100.00;;365;365
101682;19/05/2025;t;$100.00;;365;365
101682;20/05/2025;t;$100.00;;365;365
101682;21/05/2025;t;$100.00;;365;365
101682;22/05/2025;t;$100.00;;365;365
101682;23/05/2025;t;$100.00;;365;365
101682;24/05/2025;t;$100.00;;365;365
101682;25/05/2025;t;$100.00;;365;365
101682;26/05/2025;t;$100.00;;365;365
101682;27/05/2025;t;$100.00;;365;365
101682;28/05/2025;t;$100.00;;365;365
101682;29/05/2025;t;$100.00;;365;365
101682;30/05/2025;t;$100.00;;365;365
101682;31/05/2025;t;$100.00;;365;365
101682;01/06/2025;t;$100.00;;365;365
101682;02/06/2025;t;$100.00;;365;365
101682;03/06/2025;t;$100.00;;365;365
101682;04/06/2025;t;$100.00;;365;365
101682;05/06/2025;t;$100.00;;365;365
101682;06/06/2025;t;$100.00;;365;365
101682;07/06/2025;t;$100.00;;365;365
101682;08/06/2025;t;$100.00;;365;365
101682;09/06/2025;t;$100.00;;365;365
101682;10/06/2025;t;$100.00;;365;365
101682;11/06/2025;t;$100.00;;365;365
101682;12/06/2025;t;$100.00;;365;365
101682;13/06/2025;t;$100.00;;365;365
101682;14/06/2025;t;$100.00;;365;365
101682;15/06/2025;t;$100.00;;365;365
101682;16/06/2025;t;$100.00;;365;365
101682;17/06/2025;t;$100.00;;365;365
101682;18/06/2025;t;$100.00;;365;365
101682;19/06/2025;t;$100.00;;365;365
101682;20/06/2025;t;$100.00;;365;365
101682;21/06/2025;t;$100.00;;365;365
101682;22/06/2025;t;$100.00;;365;365
101682;23/06/2025;t;$100.00;;365;365
101682;24/06/2025;t;$100.00;;365;365
101682;25/06/2025;t;$100.00;;365;365
101682;26/06/2025;t;$100.00;;365;365
101682;27/06/2025;t;$100.00;;365;365
101682;28/06/2025;t;$100.00;;365;365
101682;29/06/2025;t;$100.00;;365;365
101682;30/06/2025;t;$100.00;;365;365
101682;01/07/2025;t;$100.00;;365;365
101682;02/07/2025;t;$100.00;;365;365
101682;03/07/2025;t;$100.00;;365;365
101682;04/07/2025;t;$100.00;;365;365
101682;05/07/2025;t;$100.00;;365;365
101682;06/07/2025;t;$100.00;;365;365
101682;07/07/2025;t;$100.00;;365;365
101682;08/07/2025;t;$100.00;;365;365
101682;09/07/2025;t;$100.00;;365;365
101682;10/07/2025;t;$100.00;;365;365
101682;11/07/2025;t;$100.00;;365;365
101682;12/07/2025;t;$100.00;;365;365
101682;13/07/2025;t;$100.00;;365;365
101682;14/07/2025;t;$100.00;;365;365
101682;15/07/2025;t;$100.00;;365;365
101682;16/07/2025;t;$100.00;;365;365
101682;17/07/2025;t;$100.00;;365;365
101682;18/07/2025;t;$100.00;;365;365
101682;19/07/2025;t;$100.00;;365;365
101682;20/07/2025;t;$100.00;;365;365
101682;21/07/2025;t;$100.00;;365;365
101682;22/07/2025;t;$100.00;;365;365
101682;23/07/2025;t;$100.00;;365;365
101682;24/07/2025;t;$100.00;;365;365
101682;25/07/2025;t;$100.00;;365;365
101682;26/07/2025;t;$100.00;;365;365
101682;27/07/2025;t;$100.00;;365;365
101682;28/07/2025;t;$100.00;;365;365
101682;29/07/2025;t;$100.00;;365;365
101682;30/07/2025;t;$100.00;;365;365
101682;31/07/2025;t;$100.00;;365;365
101682;01/08/2025;t;$100.00;;365;365
101682;02/08/2025;t;$100.00;;365;365
101682;03/08/2025;t;$100.00;;365;365
101682;04/08/2025;t;$100.00;;365;365
101682;05/08/2025;t;$100.00;;365;365
101682;06/08/2025;t;$100.00;;365;365
101682;07/08/2025;t;$100.00;;365;365
101682;08/08/2025;t;$100.00;;365;365
101682;09/08/2025;t;$100.00;;365;365
101682;10/08/2025;t;$100.00;;365;365
101682;11/08/2025;t;$100.00;;365;365
101682;12/08/2025;t;$100.00;;365;365
101682;13/08/2025;t;$100.00;;365;365
101682;14/08/2025;t;$100.00;;365;365
101682;15/08/2025;t;$100.00;;365;365
101682;16/08/2025;t;$100.00;;365;365
101682;17/08/2025;t;$100.00;;365;365
101682;18/08/2025;t;$100.00;;365;365
101682;19/08/2025;t;$100.00;;365;365
101682;20/08/2025;t;$100.00;;365;365
101682;21/08/2025;t;$100.00;;365;365
101682;22/08/2025;t;$100.00;;365;365
101682;23/08/2025;t;$100.00;;365;365
101682;24/08/2025;t;$100.00;;365;365
101682;25/08/2025;t;$100.00;;365;365
101682;26/08/2025;t;$100.00;;365;365
101682;27/08/2025;t;$100.00;;365;365
101682;28/08/2025;t;$100.00;;365;365
101682;29/08/2025;t;$100.00;;365;365
101682;30/08/2025;t;$100.00;;365;365
101682;31/08/2025;t;$100.00;;365;365
101682;01/09/2025;t;$100.00;;365;365
101682;02/09/2025;t;$100.00;;365;365
101682;03/09/2025;t;$100.00;;365;365
101682;04/09/2025;t;$100.00;;365;365
101682;05/09/2025;t;$100.00;;365;365
101682;06/09/2025;t;$100.00;;365;365
101682;07/09/2025;t;$100.00;;365;365
101682;08/09/2025;t;$100.00;;365;365
101682;09/09/2025;t;$100.00;;365;365
101682;10/09/2025;t;$100.00;;365;365
101682;11/09/2025;t;$100.00;;365;365
101682;12/09/2025;t;$100.00;;365;365
101682;13/09/2025;t;$100.00;;365;365
101682;14/09/2025;t;$100.00;;365;365
101682;15/09/2025;t;$100.00;;365;365
101682;16/09/2025;t;$100.00;;365;365
101682;17/09/2025;t;$100.00;;365;365
101682;18/09/2025;t;$100.00;;365;365
101682;19/09/2025;t;$100.00;;365;365
101682;20/09/2025;t;$100.00;;365;365
101682;21/09/2025;t;$100.00;;365;365
101682;22/09/2025;t;$100.00;;365;365
101682;23/09/2025;t;$100.00;;365;365
101682;24/09/2025;t;$100.00;;365;365
101682;25/09/2025;t;$100.00;;365;365
101682;26/09/2025;t;$100.00;;365;365
101682;27/09/2025;t;$100.00;;365;365
101682;28/09/2025;t;$100.00;;365;365
101682;29/09/2025;t;$100.00;;365;365
101682;30/09/2025;t;$100.00;;365;365
101682;01/10/2025;t;$100.00;;365;365
101682;02/10/2025;t;$100.00;;365;365
101682;03/10/2025;t;$100.00;;365;365
101682;04/10/2025;t;$100.00;;365;365
101682;05/10/2025;t;$100.00;;365;365
101682;06/10/2025;t;$100.00;;365;365
101682;07/10/2025;t;$100.00;;365;365
101682;08/10/2025;t;$100.00;;365;365
101682;09/10/2025;t;$100.00;;365;365
101682;10/10/2025;t;$100.00;;365;365
101682;11/10/2025;t;$100.00;;365;365
101682;12/10/2025;t;$100.00;;365;365
101682;13/10/2025;t;$100.00;;365;365
101682;14/10/2025;t;$100.00;;365;365
101682;15/10/2025;t;$100.00;;365;365
101682;16/10/2025;t;$100.00;;365;365
101682;17/10/2025;t;$100.00;;365;365
101682;18/10/2025;t;$100.00;;365;365
101682;19/10/2025;t;$100.00;;365;365
101682;20/10/2025;t;$100.00;;365;365
101682;21/10/2025;t;$100.00;;365;365
101682;22/10/2025;t;$100.00;;365;365
101682;23/10/2025;t;$100.00;;365;365
101682;24/10/2025;t;$100.00;;365;365
101682;25/10/2025;t;$100.00;;365;365
101682;26/10/2025;t;$100.00;;365;365
101682;27/10/2025;t;$100.00;;365;365
101682;28/10/2025;t;$100.00;;365;365
101682;29/10/2025;t;$100.00;;365;365
101682;30/10/2025;t;$100.00;;365;365
101682;31/10/2025;t;$100.00;;365;365
101682;01/11/2025;t;$100.00;;365;365
101682;02/11/2025;t;$100.00;;365;365
101682;03/11/2025;t;$100.00;;365;365
101682;04/11/2025;t;$100.00;;365;365
101682;05/11/2025;t;$100.00;;365;365
101682;06/11/2025;t;$100.00;;365;365
101682;07/11/2025;t;$100.00;;365;365
101682;08/11/2025;t;$100.00;;365;365
101682;09/11/2025;t;$100.00;;365;365
101682;10/11/2025;t;$100.00;;365;365
101682;11/11/2025;t;$100.00;;365;365
101682;12/11/2025;t;$100.00;;365;365
101682;13/11/2025;t;$100.00;;365;365
101682;14/11/2025;t;$100.00;;365;365
101682;15/11/2025;t;$100.00;;365;365
101682;16/11/2025;t;$100.00;;365;365
101682;17/11/2025;t;$100.00;;365;365
101682;18/11/2025;t;$100.00;;365;365
101682;19/11/2025;t;$100.00;;365;365
101682;20/11/2025;t;$100.00;;365;365
101682;21/11/2025;t;$100.00;;365;365
101682;22/11/2025;t;$100.00;;365;365
101682;23/11/2025;t;$100.00;;365;365
101682;24/11/2025;t;$100.00;;365;365
101682;25/11/2025;t;$100.00;;365;365
101682;26/11/2025;t;$100.00;;365;365
101682;27/11/2025;t;$100.00;;365;365
101682;28/11/2025;t;$100.00;;365;365
101682;29/11/2025;t;$100.00;;365;365
101682;30/11/2025;t;$100.00;;365;365
101682;01/12/2025;t;$100.00;;365;365
101682;02/12/2025;t;$100.00;;365;365
101682;03/12/2025;t;$100.00;;365;365
101682;04/12/2025;t;$100.00;;365;365
101682;05/12/2025;t;$100.00;;365;365
111270;09/12/2024;f;$60.00;;3;30
111270;10/12/2024;f;$60.00;;3;30
111270;11/12/2024;f;$60.00;;3;30
111270;12/12/2024;f;$60.00;;3;30
111270;13/12/2024;f;$60.00;;3;30
111270;14/12/2024;f;$60.00;;3;30
111270;15/12/2024;f;$60.00;;3;30
111270;16/12/2024;f;$60.00;;3;30
111270;17/12/2024;f;$60.00;;3;30
111270;18/12/2024;f;$60.00;;3;30
111270;19/12/2024;f;$60.00;;3;30
111270;20/12/2024;f;$60.00;;3;30
111270;21/12/2024;f;$60.00;;3;30
111270;22/12/2024;f;$60.00;;3;30
111270;23/12/2024;f;$60.00;;3;30
111270;24/12/2024;f;$60.00;;3;30
111270;25/12/2024;f;$60.00;;3;30
111270;26/12/2024;f;$60.00;;3;30
111270;27/12/2024;f;$60.00;;3;30
111270;28/12/2024;f;$60.00;;3;30
111270;29/12/2024;f;$60.00;;3;30
111270;30/12/2024;f;$60.00;;3;30
111270;31/12/2024;f;$60.00;;3;30
111270;01/01/2025;f;$60.00;;3;30
111270;02/01/2025;f;$60.00;;3;30
111270;03/01/2025;f;$60.00;;3;30
111270;04/01/2025;f;$60.00;;3;30
111270;05/01/2025;f;$60.00;;3;30
111270;06/01/2025;f;$60.00;;3;30
111270;07/01/2025;f;$60.00;;3;30
111270;08/01/2025;f;$60.00;;3;30
111270;09/01/2025;f;$60.00;;3;30
111270;10/01/2025;f;$60.00;;3;30
111270;11/01/2025;f;$60.00;;3;30
111270;12/01/2025;f;$60.00;;3;30
111270;13/01/2025;f;$60.00;;3;30
111270;14/01/2025;f;$60.00;;3;30
111270;15/01/2025;f;$60.00;;3;30
111270;16/01/2025;f;$60.00;;3;30
111270;17/01/2025;f;$60.00;;3;30
111270;18/01/2025;f;$60.00;;3;30
111270;19/01/2025;f;$60.00;;3;30
111270;20/01/2025;f;$60.00;;3;30
111270;21/01/2025;f;$60.00;;3;30
111270;22/01/2025;f;$60.00;;3;30
111270;23/01/2025;f;$60.00;;3;30
111270;24/01/2025;f;$60.00;;3;30
111270;25/01/2025;f;$60.00;;3;30
111270;26/01/2025;f;$60.00;;3;30
111270;27/01/2025;f;$60.00;;3;30
111270;28/01/2025;f;$60.00;;3;30
111270;29/01/2025;f;$60.00;;3;30
111270;30/01/2025;f;$60.00;;3;30
111270;31/01/2025;f;$60.00;;3;30
111270;01/02/2025;f;$60.00;;3;30
111270;02/02/2025;f;$60.00;;3;30
111270;03/02/2025;f;$60.00;;3;30
111270;04/02/2025;f;$60.00;;3;30
111270;05/02/2025;f;$60.00;;3;30
111270;06/02/2025;f;$60.00;;3;30
111270;07/02/2025;f;$60.00;;3;30
111270;08/02/2025;f;$60.00;;3;30
111270;09/02/2025;f;$60.00;;3;30
111270;10/02/2025;f;$60.00;;3;30
111270;11/02/2025;f;$60.00;;3;30
111270;12/02/2025;f;$60.00;;3;30
111270;13/02/2025;f;$60.00;;3;30
111270;14/02/2025;f;$60.00;;3;30
111270;15/02/2025;f;$60.00;;3;30
111270;16/02/2025;f;$60.00;;3;30
111270;17/02/2025;f;$60.00;;3;30
111270;18/02/2025;f;$60.00;;3;30
111270;19/02/2025;f;$60.00;;3;30
111270;20/02/2025;f;$60.00;;3;30
111270;21/02/2025;f;$60.00;;3;30
111270;22/02/2025;f;$60.00;;3;30
111270;23/02/2025;f;$60.00;;3;30
111270;24/02/2025;f;$60.00;;3;30
111270;25/02/2025;f;$60.00;;3;30
111270;26/02/2025;f;$60.00;;3;30
111270;27/02/2025;f;$60.00;;3;30
111270;28/02/2025;f;$60.00;;3;30
111270;01/03/2025;f;$60.00;;3;30
111270;02/03/2025;f;$60.00;;3;30
111270;03/03/2025;f;$60.00;;3;30
111270;04/03/2025;f;$60.00;;3;30
111270;05/03/2025;f;$60.00;;3;30
111270;06/03/2025;f;$60.00;;3;30
111270;07/03/2025;f;$60.00;;3;30
111270;08/03/2025;f;$60.00;;3;30
111270;09/03/2025;f;$60.00;;3;30
111270;10/03/2025;f;$60.00;;3;30
111270;11/03/2025;f;$60.00;;3;30
111270;12/03/2025;f;$60.00;;3;30
111270;13/03/2025;f;$60.00;;3;30
111270;14/03/2025;f;$60.00;;3;30
111270;15/03/2025;f;$60.00;;3;30
111270;16/03/2025;f;$60.00;;3;30
111270;17/03/2025;f;$60.00;;3;30
111270;18/03/2025;f;$60.00;;3;30
111270;19/03/2025;f;$60.00;;3;30
111270;20/03/2025;f;$60.00;;3;30
111270;21/03/2025;f;$60.00;;3;30
111270;22/03/2025;f;$60.00;;3;30
111270;23/03/2025;f;$60.00;;3;30
111270;24/03/2025;f;$60.00;;3;30
111270;25/03/2025;f;$60.00;;3;30
111270;26/03/2025;f;$60.00;;3;30
111270;27/03/2025;f;$60.00;;3;30
111270;28/03/2025;f;$60.00;;3;30
111270;29/03/2025;f;$60.00;;3;30
111270;30/03/2025;f;$60.00;;3;30
111270;31/03/2025;f;$60.00;;3;30
111270;01/04/2025;f;$60.00;;3;30
111270;02/04/2025;f;$60.00;;3;30
111270;03/04/2025;f;$60.00;;3;30
111270;04/04/2025;f;$60.00;;3;30
111270;05/04/2025;f;$60.00;;3;30
111270;06/04/2025;f;$60.00;;3;30
111270;07/04/2025;f;$60.00;;3;30
111270;08/04/2025;f;$60.00;;3;30
111270;09/04/2025;f;$60.00;;3;30
111270;10/04/2025;f;$60.00;;3;30
111270;11/04/2025;f;$60.00;;3;30
111270;12/04/2025;f;$60.00;;3;30
111270;13/04/2025;f;$60.00;;3;30
111270;14/04/2025;f;$60.00;;3;30
111270;15/04/2025;f;$60.00;;3;30
111270;16/04/2025;f;$60.00;;3;30
111270;17/04/2025;f;$60.00;;3;30
111270;18/04/2025;f;$60.00;;3;30
111270;19/04/2025;f;$60.00;;3;30
111270;20/04/2025;f;$60.00;;3;30
111270;21/04/2025;f;$60.00;;3;30
111270;22/04/2025;f;$60.00;;3;30
111270;23/04/2025;f;$60.00;;3;30
111270;24/04/2025;f;$60.00;;3;30
111270;25/04/2025;f;$60.00;;3;30
111270;26/04/2025;f;$60.00;;3;30
111270;27/04/2025;f;$60.00;;3;30
111270;28/04/2025;f;$60.00;;3;30
111270;29/04/2025;f;$60.00;;3;30
111270;30/04/2025;f;$60.00;;3;30
111270;01/05/2025;f;$60.00;;3;30
111270;02/05/2025;f;$60.00;;3;30
111270;03/05/2025;f;$60.00;;3;30
111270;04/05/2025;f;$60.00;;3;30
111270;05/05/2025;f;$60.00;;3;30
111270;06/05/2025;f;$60.00;;3;30
111270;07/05/2025;f;$60.00;;3;30
111270;08/05/2025;f;$60.00;;3;30
111270;09/05/2025;f;$60.00;;3;30
111270;10/05/2025;f;$60.00;;3;30
111270;11/05/2025;f;$60.00;;3;30
111270;12/05/2025;f;$60.00;;3;30
111270;13/05/2025;f;$60.00;;3;30
111270;14/05/2025;f;$60.00;;3;30
111270;15/05/2025;f;$60.00;;3;30
111270;16/05/2025;f;$60.00;;3;30
111270;17/05/2025;f;$60.00;;3;30
111270;18/05/2025;f;$60.00;;3;30
111270;19/05/2025;f;$60.00;;3;30
111270;20/05/2025;f;$60.00;;3;30
111270;21/05/2025;f;$60.00;;3;30
111270;22/05/2025;f;$60.00;;3;30
111270;23/05/2025;f;$60.00;;3;30
111270;24/05/2025;f;$60.00;;3;30
111270;25/05/2025;f;$60.00;;3;30
111270;26/05/2025;f;$60.00;;3;30
111270;27/05/2025;f;$60.00;;3;30
111270;28/05/2025;f;$60.00;;3;30
111270;29/05/2025;f;$60.00;;3;30
111270;30/05/2025;f;$60.00;;3;30
111270;31/05/2025;f;$60.00;;3;30
111270;01/06/2025;f;$60.00;;3;30
111270;02/06/2025;f;$60.00;;3;30
111270;03/06/2025;f;$60.00;;3;30
111270;04/06/2025;f;$60.00;;3;30
111270;05/06/2025;f;$60.00;;3;30
111270;06/06/2025;f;$60.00;;3;30
111270;07/06/2025;f;$60.00;;3;30
111270;08/06/2025;f;$60.00;;3;30
111270;09/06/2025;f;$60.00;;3;30
111270;10/06/2025;f;$60.00;;3;30
111270;11/06/2025;f;$60.00;;3;30
111270;12/06/2025;f;$60.00;;3;30
111270;13/06/2025;f;$60.00;;3;30
111270;14/06/2025;f;$60.00;;3;30
111270;15/06/2025;f;$60.00;;3;30
111270;16/06/2025;f;$60.00;;3;30
111270;17/06/2025;f;$60.00;;3;30
111270;18/06/2025;f;$60.00;;3;30
111270;19/06/2025;f;$60.00;;3;30
111270;20/06/2025;f;$60.00;;3;30
111270;21/06/2025;f;$60.00;;3;30
111270;22/06/2025;f;$60.00;;3;30
111270;23/06/2025;f;$60.00;;3;30
111270;24/06/2025;f;$60.00;;3;30
111270;25/06/2025;f;$60.00;;3;30
111270;26/06/2025;f;$60.00;;3;30
111270;27/06/2025;f;$60.00;;3;30
111270;28/06/2025;f;$60.00;;3;30
111270;29/06/2025;f;$60.00;;3;30
111270;30/06/2025;f;$60.00;;3;30
111270;01/07/2025;f;$60.00;;3;30
111270;02/07/2025;f;$60.00;;3;30
111270;03/07/2025;f;$60.00;;3;30
111270;04/07/2025;f;$60.00;;3;30
111270;05/07/2025;f;$60.00;;3;30
111270;06/07/2025;f;$60.00;;3;30
111270;07/07/2025;f;$60.00;;3;30
111270;08/07/2025;f;$60.00;;3;30
111270;09/07/2025;f;$60.00;;3;30
111270;10/07/2025;f;$60.00;;3;30
111270;11/07/2025;f;$60.00;;3;30
111270;12/07/2025;f;$60.00;;3;30
111270;13/07/2025;f;$60.00;;3;30
111270;14/07/2025;f;$60.00;;3;30
111270;15/07/2025;f;$60.00;;3;30
111270;16/07/2025;f;$60.00;;3;30
111270;17/07/2025;f;$60.00;;3;30
111270;18/07/2025;f;$60.00;;3;30
111270;19/07/2025;f;$60.00;;3;30
111270;20/07/2025;f;$60.00;;3;30
111270;21/07/2025;f;$60.00;;3;30
111270;22/07/2025;f;$60.00;;3;30
111270;23/07/2025;f;$60.00;;3;30
111270;24/07/2025;f;$60.00;;3;30
111270;25/07/2025;f;$60.00;;3;30
111270;26/07/2025;f;$60.00;;3;30
111270;27/07/2025;f;$60.00;;3;30
111270;28/07/2025;f;$60.00;;3;30
111270;29/07/2025;f;$60.00;;3;30
111270;30/07/2025;f;$60.00;;3;30
111270;31/07/2025;f;$60.00;;3;30
111270;01/08/2025;f;$60.00;;3;30
111270;02/08/2025;f;$60.00;;3;30
111270;03/08/2025;f;$60.00;;3;30
111270;04/08/2025;f;$60.00;;3;30
111270;05/08/2025;f;$60.00;;3;30
111270;06/08/2025;f;$60.00;;3;30
111270;07/08/2025;f;$60.00;;3;30
111270;08/08/2025;f;$60.00;;3;30
111270;09/08/2025;f;$60.00;;3;30
111270;10/08/2025;f;$60.00;;3;30
111270;11/08/2025;f;$60.00;;3;30
111270;12/08/2025;f;$60.00;;3;30
111270;13/08/2025;f;$60.00;;3;30
111270;14/08/2025;f;$60.00;;3;30
111270;15/08/2025;f;$60.00;;3;30
111270;16/08/2025;f;$60.00;;3;30
111270;17/08/2025;f;$60.00;;3;30
111270;18/08/2025;f;$60.00;;3;30
111270;19/08/2025;f;$60.00;;3;30
111270;20/08/2025;f;$60.00;;3;30
111270;21/08/2025;f;$60.00;;3;30
111270;22/08/2025;f;$60.00;;3;30
111270;23/08/2025;f;$60.00;;3;30
111270;24/08/2025;f;$60.00;;3;30
111270;25/08/2025;f;$60.00;;3;30
111270;26/08/2025;f;$60.00;;3;30
111270;27/08/2025;f;$60.00;;3;30
111270;28/08/2025;f;$60.00;;3;30
111270;29/08/2025;f;$60.00;;3;30
111270;30/08/2025;f;$60.00;;3;30
111270;31/08/2025;f;$60.00;;3;30
111270;01/09/2025;f;$60.00;;3;30
111270;02/09/2025;f;$60.00;;3;30
111270;03/09/2025;f;$60.00;;3;30
111270;04/09/2025;f;$60.00;;3;30
111270;05/09/2025;f;$60.00;;3;30
111270;06/09/2025;f;$60.00;;3;30
111270;07/09/2025;f;$60.00;;3;30
111270;08/09/2025;f;$60.00;;3;30
111270;09/09/2025;f;$60.00;;3;30
111270;10/09/2025;f;$60.00;;3;30
111270;11/09/2025;f;$60.00;;3;30
111270;12/09/2025;f;$60.00;;3;30
111270;13/09/2025;f;$60.00;;3;30
111270;14/09/2025;f;$60.00;;3;30
111270;15/09/2025;f;$60.00;;3;30
111270;16/09/2025;f;$60.00;;3;30
111270;17/09/2025;f;$60.00;;3;30
111270;18/09/2025;f;$60.00;;3;30
111270;19/09/2025;f;$60.00;;3;30
111270;20/09/2025;f;$60.00;;3;30
111270;21/09/2025;f;$60.00;;3;30
111270;22/09/2025;f;$60.00;;3;30
111270;23/09/2025;f;$60.00;;3;30
111270;24/09/2025;f;$60.00;;3;30
111270;25/09/2025;f;$60.00;;3;30
111270;26/09/2025;f;$60.00;;3;30
111270;27/09/2025;f;$60.00;;3;30
111270;28/09/2025;f;$60.00;;3;30
111270;29/09/2025;f;$60.00;;3;30
111270;30/09/2025;f;$60.00;;3;30
111270;01/10/2025;f;$60.00;;3;30
111270;02/10/2025;f;$60.00;;3;30
111270;03/10/2025;f;$60.00;;3;30
111270;04/10/2025;f;$60.00;;3;30
111270;05/10/2025;f;$60.00;;3;30
111270;06/10/2025;f;$60.00;;3;30
111270;07/10/2025;f;$60.00;;3;30
111270;08/10/2025;f;$60.00;;3;30
111270;09/10/2025;f;$60.00;;3;30
111270;10/10/2025;f;$60.00;;3;30
111270;11/10/2025;f;$60.00;;3;30
111270;12/10/2025;f;$60.00;;3;30
111270;13/10/2025;f;$60.00;;3;30
111270;14/10/2025;f;$60.00;;3;30
111270;15/10/2025;f;$60.00;;3;30
111270;16/10/2025;f;$60.00;;3;30
111270;17/10/2025;f;$60.00;;3;30
111270;18/10/2025;f;$60.00;;3;30
111270;19/10/2025;f;$60.00;;3;30
111270;20/10/2025;f;$60.00;;3;30
111270;21/10/2025;f;$60.00;;3;30
111270;22/10/2025;f;$60.00;;3;30
111270;23/10/2025;f;$60.00;;3;30
111270;24/10/2025;f;$60.00;;3;30
111270;25/10/2025;f;$60.00;;3;30
111270;26/10/2025;f;$60.00;;3;30
111270;27/10/2025;f;$60.00;;3;30
111270;28/10/2025;f;$60.00;;3;30
111270;29/10/2025;f;$60.00;;3;30
111270;30/10/2025;f;$60.00;;3;30
111270;31/10/2025;f;$60.00;;3;30
111270;01/11/2025;f;$60.00;;3;30
111270;02/11/2025;f;$60.00;;3;30
111270;03/11/2025;f;$60.00;;3;30
111270;04/11/2025;f;$60.00;;3;30
111270;05/11/2025;f;$60.00;;3;30
111270;06/11/2025;f;$60.00;;3;30
111270;07/11/2025;f;$60.00;;3;30
111270;08/11/2025;f;$60.00;;3;30
111270;09/11/2025;f;$60.00;;3;30
111270;10/11/2025;f;$60.00;;3;30
111270;11/11/2025;f;$60.00;;3;30
111270;12/11/2025;f;$60.00;;3;30
111270;13/11/2025;f;$60.00;;3;30
111270;14/11/2025;f;$60.00;;3;30
111270;15/11/2025;f;$60.00;;3;30
111270;16/11/2025;f;$60.00;;3;30
111270;17/11/2025;f;$60.00;;3;30
111270;18/11/2025;f;$60.00;;3;30
111270;19/11/2025;f;$60.00;;3;30
111270;20/11/2025;f;$60.00;;3;30
111270;21/11/2025;f;$60.00;;3;30
111270;22/11/2025;f;$60.00;;3;30
111270;23/11/2025;f;$60.00;;3;30
111270;24/11/2025;f;$60.00;;3;30
111270;25/11/2025;f;$60.00;;3;30
111270;26/11/2025;f;$60.00;;3;30
111270;27/11/2025;f;$60.00;;3;30
111270;28/11/2025;f;$60.00;;3;30
111270;29/11/2025;f;$60.00;;3;30
111270;30/11/2025;f;$60.00;;3;30
111270;01/12/2025;f;$60.00;;3;30
111270;02/12/2025;f;$60.00;;3;30
111270;03/12/2025;f;$60.00;;3;30
111270;04/12/2025;f;$60.00;;3;30
111270;05/12/2025;f;$60.00;;3;30
111270;06/12/2025;f;$60.00;;3;30
111270;07/12/2025;f;$60.00;;3;30
111270;08/12/2025;f;$60.00;;3;30
180950;09/12/2024;f;$55.00;;30;1125
180950;10/12/2024;f;$55.00;;30;1125
180950;11/12/2024;f;$55.00;;30;1125
180950;12/12/2024;f;$55.00;;30;1125
180950;13/12/2024;f;$55.00;;30;1125
180950;14/12/2024;f;$55.00;;30;1125
180950;15/12/2024;f;$55.00;;30;1125
180950;16/12/2024;t;$55.00;;30;1125
180950;17/12/2024;t;$55.00;;30;1125
180950;18/12/2024;t;$55.00;;30;1125
180950;19/12/2024;t;$55.00;;30;1125
180950;20/12/2024;t;$55.00;;30;1125
180950;21/12/2024;t;$55.00;;30;1125
180950;22/12/2024;t;$55.00;;30;1125
180950;23/12/2024;t;$55.00;;30;1125
180950;24/12/2024;t;$55.00;;30;1125
180950;25/12/2024;t;$55.00;;30;1125
180950;26/12/2024;t;$55.00;;30;1125
180950;27/12/2024;t;$55.00;;30;1125
180950;28/12/2024;t;$55.00;;30;1125
180950;29/12/2024;t;$55.00;;30;1125
180950;30/12/2024;t;$55.00;;30;1125
180950;31/12/2024;t;$55.00;;30;1125
180950;01/01/2025;t;$55.00;;30;1125
180950;02/01/2025;t;$55.00;;30;1125
180950;03/01/2025;f;$55.00;;30;1125
180950;04/01/2025;f;$55.00;;30;1125
180950;05/01/2025;f;$55.00;;30;1125
180950;06/01/2025;f;$55.00;;30;1125
180950;07/01/2025;f;$55.00;;30;1125
180950;08/01/2025;f;$55.00;;30;1125
180950;09/01/2025;f;$55.00;;30;1125
180950;10/01/2025;f;$55.00;;30;1125
180950;11/01/2025;f;$55.00;;30;1125
180950;12/01/2025;f;$55.00;;30;1125
180950;13/01/2025;f;$55.00;;30;1125
180950;14/01/2025;f;$55.00;;30;1125
180950;15/01/2025;f;$55.00;;30;1125
180950;16/01/2025;f;$55.00;;30;1125
180950;17/01/2025;f;$55.00;;30;1125
180950;18/01/2025;f;$55.00;;30;1125
180950;19/01/2025;f;$55.00;;30;1125
180950;20/01/2025;f;$55.00;;30;1125
180950;21/01/2025;f;$55.00;;30;1125
180950;22/01/2025;f;$55.00;;30;1125
180950;23/01/2025;f;$55.00;;30;1125
180950;24/01/2025;f;$55.00;;30;1125
180950;25/01/2025;f;$55.00;;30;1125
180950;26/01/2025;f;$55.00;;30;1125
180950;27/01/2025;f;$55.00;;30;1125
180950;28/01/2025;f;$55.00;;30;1125
180950;29/01/2025;f;$55.00;;30;1125
180950;30/01/2025;f;$55.00;;30;1125
180950;31/01/2025;f;$55.00;;30;1125
180950;01/02/2025;f;$55.00;;30;1125
180950;02/02/2025;f;$55.00;;30;1125
180950;03/02/2025;f;$55.00;;30;1125
180950;04/02/2025;f;$55.00;;30;1125
180950;05/02/2025;f;$55.00;;30;1125
180950;06/02/2025;f;$55.00;;30;1125
180950;07/02/2025;f;$55.00;;30;1125
180950;08/02/2025;f;$55.00;;30;1125
180950;09/02/2025;f;$55.00;;30;1125
180950;10/02/2025;f;$55.00;;30;1125
180950;11/02/2025;f;$55.00;;30;1125
180950;12/02/2025;f;$55.00;;30;1125
180950;13/02/2025;f;$55.00;;30;1125
180950;14/02/2025;f;$55.00;;30;1125
180950;15/02/2025;f;$55.00;;30;1125
180950;16/02/2025;f;$55.00;;30;1125
180950;17/02/2025;f;$55.00;;30;1125
180950;18/02/2025;f;$55.00;;30;1125
180950;19/02/2025;f;$55.00;;30;1125
180950;20/02/2025;f;$55.00;;30;1125
180950;21/02/2025;f;$55.00;;30;1125
180950;22/02/2025;f;$55.00;;30;1125
180950;23/02/2025;f;$55.00;;30;1125
180950;24/02/2025;f;$55.00;;30;1125
180950;25/02/2025;f;$55.00;;30;1125
180950;26/02/2025;f;$55.00;;30;1125
180950;27/02/2025;f;$55.00;;30;1125
180950;28/02/2025;f;$55.00;;30;1125
180950;01/03/2025;t;$55.00;;30;1125
180950;02/03/2025;t;$55.00;;30;1125
180950;03/03/2025;t;$55.00;;30;1125
180950;04/03/2025;t;$55.00;;30;1125
180950;05/03/2025;t;$55.00;;30;1125
180950;06/03/2025;t;$55.00;;30;1125
180950;07/03/2025;t;$55.00;;30;1125
180950;08/03/2025;t;$55.00;;30;1125
180950;09/03/2025;t;$55.00;;30;1125
180950;10/03/2025;t;$55.00;;30;1125
180950;11/03/2025;t;$55.00;;30;1125
180950;12/03/2025;t;$55.00;;30;1125
180950;13/03/2025;t;$55.00;;30;1125
180950;14/03/2025;t;$55.00;;30;1125
180950;15/03/2025;t;$55.00;;30;1125
180950;16/03/2025;t;$55.00;;30;1125
180950;17/03/2025;t;$55.00;;30;1125
180950;18/03/2025;f;$55.00;;30;1125
180950;19/03/2025;t;$55.00;;30;1125
180950;20/03/2025;f;$55.00;;30;1125
180950;21/03/2025;t;$55.00;;30;1125
180950;22/03/2025;f;$55.00;;30;1125
180950;23/03/2025;t;$55.00;;30;1125
180950;24/03/2025;t;$55.00;;30;1125
180950;25/03/2025;f;$55.00;;30;1125
180950;26/03/2025;f;$55.00;;30;1125
180950;27/03/2025;t;$55.00;;30;1125
180950;28/03/2025;f;$55.00;;30;1125
180950;29/03/2025;t;$55.00;;30;1125
180950;30/03/2025;f;$55.00;;30;1125
180950;31/03/2025;f;$55.00;;30;1125
180950;01/04/2025;t;$55.00;;30;1125
180950;02/04/2025;f;$55.00;;30;1125
180950;03/04/2025;f;$55.00;;30;1125
180950;04/04/2025;t;$55.00;;30;1125
180950;05/04/2025;f;$55.00;;30;1125
180950;06/04/2025;t;$55.00;;30;1125
180950;07/04/2025;t;$55.00;;30;1125
180950;08/04/2025;f;$55.00;;30;1125
180950;09/04/2025;t;$55.00;;30;1125
180950;10/04/2025;f;$55.00;;30;1125
180950;11/04/2025;t;$55.00;;30;1125
180950;12/04/2025;f;$55.00;;30;1125
180950;13/04/2025;t;$55.00;;30;1125
180950;14/04/2025;f;$55.00;;30;1125
180950;15/04/2025;t;$55.00;;30;1125
180950;16/04/2025;f;$55.00;;30;1125
180950;17/04/2025;t;$55.00;;30;1125
180950;18/04/2025;f;$55.00;;30;1125
180950;19/04/2025;t;$55.00;;30;1125
180950;20/04/2025;t;$55.00;;30;1125
180950;21/04/2025;t;$55.00;;30;1125
180950;22/04/2025;f;$55.00;;30;1125
180950;23/04/2025;t;$55.00;;30;1125
180950;24/04/2025;f;$55.00;;30;1125
180950;25/04/2025;f;$55.00;;30;1125
180950;26/04/2025;t;$55.00;;30;1125
180950;27/04/2025;f;$55.00;;30;1125
180950;28/04/2025;t;$55.00;;30;1125
180950;29/04/2025;f;$55.00;;30;1125
180950;30/04/2025;f;$55.00;;30;1125
180950;01/05/2025;f;$55.00;;30;1125
180950;02/05/2025;f;$55.00;;30;1125
180950;03/05/2025;f;$55.00;;30;1125
180950;04/05/2025;f;$55.00;;30;1125
180950;05/05/2025;t;$55.00;;30;1125
180950;06/05/2025;f;$55.00;;30;1125
180950;07/05/2025;t;$55.00;;30;1125
180950;08/05/2025;f;$55.00;;30;1125
180950;09/05/2025;t;$55.00;;30;1125
180950;10/05/2025;t;$55.00;;30;1125
180950;11/05/2025;f;$55.00;;30;1125
180950;12/05/2025;f;$55.00;;30;1125
180950;13/05/2025;f;$55.00;;30;1125
180950;14/05/2025;f;$55.00;;30;1125
180950;15/05/2025;f;$55.00;;30;1125
180950;16/05/2025;f;$55.00;;30;1125
180950;17/05/2025;f;$55.00;;30;1125
180950;18/05/2025;f;$55.00;;30;1125
180950;19/05/2025;t;$55.00;;30;1125
180950;20/05/2025;f;$55.00;;30;1125
180950;21/05/2025;t;$55.00;;30;1125
180950;22/05/2025;f;$55.00;;30;1125
180950;23/05/2025;t;$55.00;;30;1125
180950;24/05/2025;t;$55.00;;30;1125
180950;25/05/2025;f;$55.00;;30;1125
180950;26/05/2025;f;$55.00;;30;1125
180950;27/05/2025;f;$55.00;;30;1125
180950;28/05/2025;t;$55.00;;30;1125
180950;29/05/2025;f;$55.00;;30;1125
180950;30/05/2025;t;$55.00;;30;1125
180950;31/05/2025;f;$55.00;;30;1125
180950;01/06/2025;t;$55.00;;30;1125
180950;02/06/2025;f;$55.00;;30;1125
180950;03/06/2025;f;$55.00;;30;1125
180950;04/06/2025;f;$55.00;;30;1125
180950;05/06/2025;t;$55.00;;30;1125
180950;06/06/2025;f;$55.00;;30;1125
180950;07/06/2025;t;$55.00;;30;1125
180950;08/06/2025;f;$55.00;;30;1125
180950;09/06/2025;t;$55.00;;30;1125
180950;10/06/2025;f;$55.00;;30;1125
180950;11/06/2025;t;$55.00;;30;1125
180950;12/06/2025;f;$55.00;;30;1125
180950;13/06/2025;t;$55.00;;30;1125
180950;14/06/2025;f;$55.00;;30;1125
180950;15/06/2025;t;$55.00;;30;1125
180950;16/06/2025;f;$55.00;;30;1125
180950;17/06/2025;t;$55.00;;30;1125
180950;18/06/2025;t;$55.00;;30;1125
180950;19/06/2025;t;$55.00;;30;1125
180950;20/06/2025;t;$55.00;;30;1125
180950;21/06/2025;t;$55.00;;30;1125
180950;22/06/2025;t;$55.00;;30;1125
180950;23/06/2025;t;$55.00;;30;1125
180950;24/06/2025;t;$55.00;;30;1125
180950;25/06/2025;t;$55.00;;30;1125
180950;26/06/2025;t;$55.00;;30;1125
180950;27/06/2025;t;$55.00;;30;1125
180950;28/06/2025;t;$55.00;;30;1125
180950;29/06/2025;t;$55.00;;30;1125
180950;30/06/2025;t;$55.00;;30;1125
180950;01/07/2025;t;$55.00;;30;1125
180950;02/07/2025;t;$55.00;;30;1125
180950;03/07/2025;t;$55.00;;30;1125
180950;04/07/2025;t;$55.00;;30;1125
180950;05/07/2025;t;$55.00;;30;1125
180950;06/07/2025;t;$55.00;;30;1125
180950;07/07/2025;t;$55.00;;30;1125
180950;08/07/2025;t;$55.00;;30;1125
180950;09/07/2025;t;$55.00;;30;1125
180950;10/07/2025;t;$55.00;;30;1125
180950;11/07/2025;t;$55.00;;30;1125
180950;12/07/2025;t;$55.00;;30;1125
180950;13/07/2025;t;$55.00;;30;1125
180950;14/07/2025;t;$55.00;;30;1125
180950;15/07/2025;t;$55.00;;30;1125
180950;16/07/2025;t;$55.00;;30;1125
180950;17/07/2025;t;$55.00;;30;1125
180950;18/07/2025;t;$55.00;;30;1125
180950;19/07/2025;t;$55.00;;30;1125
180950;20/07/2025;t;$55.00;;30;1125
180950;21/07/2025;t;$55.00;;30;1125
180950;22/07/2025;t;$55.00;;30;1125
180950;23/07/2025;t;$55.00;;30;1125
180950;24/07/2025;t;$55.00;;30;1125
180950;25/07/2025;t;$55.00;;30;1125
180950;26/07/2025;t;$55.00;;30;1125
180950;27/07/2025;t;$55.00;;30;1125
180950;28/07/2025;t;$55.00;;30;1125
180950;29/07/2025;t;$55.00;;30;1125
180950;30/07/2025;t;$55.00;;30;1125
180950;31/07/2025;t;$55.00;;30;1125
180950;01/08/2025;t;$55.00;;30;1125
180950;02/08/2025;t;$55.00;;30;1125
180950;03/08/2025;t;$55.00;;30;1125
180950;04/08/2025;t;$55.00;;30;1125
180950;05/08/2025;t;$55.00;;30;1125
180950;06/08/2025;t;$55.00;;30;1125
180950;07/08/2025;t;$55.00;;30;1125
180950;08/08/2025;t;$55.00;;30;1125
180950;09/08/2025;t;$55.00;;30;1125
180950;10/08/2025;t;$55.00;;30;1125
180950;11/08/2025;t;$55.00;;30;1125
180950;12/08/2025;t;$55.00;;30;1125
180950;13/08/2025;t;$55.00;;30;1125
180950;14/08/2025;t;$55.00;;30;1125
180950;15/08/2025;t;$55.00;;30;1125
180950;16/08/2025;t;$55.00;;30;1125
180950;17/08/2025;t;$55.00;;30;1125
180950;18/08/2025;t;$55.00;;30;1125
180950;19/08/2025;t;$55.00;;30;1125
180950;20/08/2025;t;$55.00;;30;1125
180950;21/08/2025;t;$55.00;;30;1125
180950;22/08/2025;t;$55.00;;30;1125
180950;23/08/2025;t;$55.00;;30;1125
180950;24/08/2025;t;$55.00;;30;1125
180950;25/08/2025;t;$55.00;;30;1125
180950;26/08/2025;t;$55.00;;30;1125
180950;27/08/2025;t;$55.00;;30;1125
180950;28/08/2025;t;$55.00;;30;1125
180950;29/08/2025;t;$55.00;;30;1125
180950;30/08/2025;t;$55.00;;30;1125
180950;31/08/2025;t;$55.00;;30;1125
180950;01/09/2025;t;$55.00;;30;1125
180950;02/09/2025;t;$55.00;;30;1125
180950;03/09/2025;t;$55.00;;30;1125
180950;04/09/2025;t;$55.00;;30;1125
180950;05/09/2025;f;$55.00;;30;1125
180950;06/09/2025;f;$55.00;;30;1125
180950;07/09/2025;f;$55.00;;30;1125
180950;08/09/2025;f;$55.00;;30;1125
180950;09/09/2025;f;$55.00;;30;1125
180950;10/09/2025;f;$55.00;;30;1125
180950;11/09/2025;f;$55.00;;30;1125
180950;12/09/2025;f;$55.00;;30;1125
180950;13/09/2025;f;$55.00;;30;1125
180950;14/09/2025;f;$55.00;;30;1125
180950;15/09/2025;f;$55.00;;30;1125
180950;16/09/2025;f;$55.00;;30;1125
180950;17/09/2025;f;$55.00;;30;1125
180950;18/09/2025;f;$55.00;;30;1125
180950;19/09/2025;f;$55.00;;30;1125
180950;20/09/2025;f;$55.00;;30;1125
180950;21/09/2025;f;$55.00;;30;1125
180950;22/09/2025;f;$55.00;;30;1125
180950;23/09/2025;f;$55.00;;30;1125
180950;24/09/2025;f;$55.00;;30;1125
180950;25/09/2025;f;$55.00;;30;1125
180950;26/09/2025;f;$55.00;;30;1125
180950;27/09/2025;f;$55.00;;30;1125
180950;28/09/2025;f;$55.00;;30;1125
180950;29/09/2025;f;$55.00;;30;1125
180950;30/09/2025;f;$55.00;;30;1125
180950;01/10/2025;f;$55.00;;30;1125
180950;02/10/2025;f;$55.00;;30;1125
180950;03/10/2025;f;$55.00;;30;1125
180950;04/10/2025;f;$55.00;;30;1125
180950;05/10/2025;f;$55.00;;30;1125
180950;06/10/2025;f;$55.00;;30;1125
180950;07/10/2025;f;$55.00;;30;1125
180950;08/10/2025;f;$55.00;;30;1125
180950;09/10/2025;f;$55.00;;30;1125
180950;10/10/2025;f;$55.00;;30;1125
180950;11/10/2025;f;$55.00;;30;1125
180950;12/10/2025;f;$55.00;;30;1125
180950;13/10/2025;f;$55.00;;30;1125
180950;14/10/2025;f;$55.00;;30;1125
180950;15/10/2025;f;$55.00;;30;1125
180950;16/10/2025;f;$55.00;;30;1125
180950;17/10/2025;f;$55.00;;30;1125
180950;18/10/2025;f;$55.00;;30;1125
180950;19/10/2025;f;$55.00;;30;1125
180950;20/10/2025;f;$55.00;;30;1125
180950;21/10/2025;f;$55.00;;30;1125
180950;22/10/2025;f;$55.00;;30;1125
180950;23/10/2025;f;$55.00;;30;1125
180950;24/10/2025;f;$55.00;;30;1125
180950;25/10/2025;f;$55.00;;30;1125
180950;26/10/2025;f;$55.00;;30;1125
180950;27/10/2025;f;$55.00;;30;1125
180950;28/10/2025;f;$55.00;;30;1125
180950;29/10/2025;f;$55.00;;30;1125
180950;30/10/2025;f;$55.00;;30;1125
180950;31/10/2025;f;$55.00;;30;1125
180950;01/11/2025;f;$55.00;;30;1125
180950;02/11/2025;f;$55.00;;30;1125
180950;03/11/2025;f;$55.00;;30;1125
180950;04/11/2025;f;$55.00;;30;1125
180950;05/11/2025;f;$55.00;;30;1125
180950;06/11/2025;f;$55.00;;30;1125
180950;07/11/2025;f;$55.00;;30;1125
180950;08/11/2025;f;$55.00;;30;1125
180950;09/11/2025;f;$55.00;;30;1125
180950;10/11/2025;f;$55.00;;30;1125
180950;11/11/2025;f;$55.00;;30;1125
180950;12/11/2025;f;$55.00;;30;1125
180950;13/11/2025;f;$55.00;;30;1125
180950;14/11/2025;f;$55.00;;30;1125
180950;15/11/2025;f;$55.00;;30;1125
180950;16/11/2025;f;$55.00;;30;1125
180950;17/11/2025;f;$55.00;;30;1125
180950;18/11/2025;f;$55.00;;30;1125
180950;19/11/2025;f;$55.00;;30;1125
180950;20/11/2025;f;$55.00;;30;1125
180950;21/11/2025;f;$55.00;;30;1125
180950;22/11/2025;f;$55.00;;30;1125
180950;23/11/2025;f;$55.00;;30;1125
180950;24/11/2025;f;$55.00;;30;1125
180950;25/11/2025;f;$55.00;;30;1125
180950;26/11/2025;f;$55.00;;30;1125
180950;27/11/2025;f;$55.00;;30;1125
180950;28/11/2025;f;$55.00;;30;1125
180950;29/11/2025;f;$55.00;;30;1125
180950;30/11/2025;f;$55.00;;30;1125
180950;01/12/2025;f;$55.00;;30;1125
180950;02/12/2025;f;$55.00;;30;1125
180950;03/12/2025;f;$55.00;;30;1125
180950;04/12/2025;f;$55.00;;30;1125
180950;05/12/2025;f;$55.00;;30;1125
180950;06/12/2025;f;$55.00;;30;1125
180950;07/12/2025;f;$55.00;;30;1125
180950;08/12/2025;f;$55.00;;30;1125
182744;09/12/2024;f;$180.00;;3;16
182744;10/12/2024;f;$180.00;;3;16
182744;11/12/2024;f;$180.00;;3;16
182744;12/12/2024;f;$180.00;;3;16
182744;13/12/2024;f;$180.00;;3;16
182744;14/12/2024;f;$180.00;;3;16
182744;15/12/2024;f;$180.00;;3;16
182744;16/12/2024;f;$180.00;;3;16
182744;17/12/2024;f;$180.00;;3;16
182744;18/12/2024;f;$180.00;;3;16
182744;19/12/2024;t;$180.00;;3;16
182744;20/12/2024;t;$180.00;;3;16
182744;21/12/2024;t;$180.00;;3;16
182744;22/12/2024;t;$180.00;;3;16
182744;23/12/2024;t;$180.00;;3;16
182744;24/12/2024;t;$180.00;;3;16
182744;25/12/2024;t;$180.00;;3;16
182744;26/12/2024;t;$180.00;;3;16
182744;27/12/2024;f;$180.00;;3;16
182744;28/12/2024;f;$180.00;;3;16
182744;29/12/2024;f;$180.00;;3;16
182744;30/12/2024;f;$180.00;;3;16
182744;31/12/2024;f;$180.00;;3;16
182744;01/01/2025;f;$180.00;;3;16
182744;02/01/2025;f;$180.00;;3;16
182744;03/01/2025;f;$180.00;;3;16
182744;04/01/2025;t;$180.00;;3;16
182744;05/01/2025;t;$180.00;;3;16
182744;06/01/2025;f;$180.00;;3;16
182744;07/01/2025;f;$180.00;;3;16
182744;08/01/2025;f;$180.00;;3;16
182744;09/01/2025;f;$180.00;;3;16
182744;10/01/2025;f;$180.00;;3;16
182744;11/01/2025;f;$180.00;;3;16
182744;12/01/2025;f;$180.00;;3;16
182744;13/01/2025;f;$180.00;;3;16
182744;14/01/2025;f;$180.00;;3;16
182744;15/01/2025;f;$180.00;;3;16
182744;16/01/2025;f;$180.00;;3;16
182744;17/01/2025;f;$180.00;;3;16
182744;18/01/2025;f;$180.00;;3;16
182744;19/01/2025;f;$180.00;;3;16
182744;20/01/2025;f;$180.00;;3;16
182744;21/01/2025;f;$180.00;;3;16
182744;22/01/2025;f;$180.00;;3;16
182744;23/01/2025;f;$180.00;;3;16
182744;24/01/2025;f;$180.00;;3;16
182744;25/01/2025;f;$180.00;;3;16
182744;26/01/2025;f;$180.00;;3;16
182744;27/01/2025;f;$180.00;;3;16
182744;28/01/2025;f;$180.00;;3;16
182744;29/01/2025;f;$180.00;;3;16
182744;30/01/2025;t;$180.00;;3;16
182744;31/01/2025;t;$180.00;;3;16
182744;01/02/2025;t;$180.00;;3;16
182744;02/02/2025;t;$180.00;;3;16
182744;03/02/2025;f;$180.00;;3;16
182744;04/02/2025;f;$180.00;;3;16
182744;05/02/2025;f;$180.00;;3;16
182744;06/02/2025;t;$180.00;;3;16
182744;07/02/2025;t;$180.00;;3;16
182744;08/02/2025;t;$180.00;;3;16
182744;09/02/2025;t;$180.00;;3;16
182744;10/02/2025;f;$180.00;;3;16
182744;11/02/2025;f;$180.00;;3;16
182744;12/02/2025;f;$180.00;;3;16
182744;13/02/2025;t;$180.00;;3;16
182744;14/02/2025;t;$180.00;;3;16
182744;15/02/2025;t;$180.00;;3;16
182744;16/02/2025;t;$180.00;;3;16
182744;17/02/2025;f;$180.00;;3;16
182744;18/02/2025;f;$180.00;;3;16
182744;19/02/2025;f;$180.00;;3;16
182744;20/02/2025;t;$180.00;;3;16
182744;21/02/2025;t;$180.00;;3;16
182744;22/02/2025;t;$180.00;;3;16
182744;23/02/2025;t;$180.00;;3;16
182744;24/02/2025;t;$180.00;;3;16
182744;25/02/2025;t;$180.00;;3;16
182744;26/02/2025;t;$180.00;;3;16
182744;27/02/2025;t;$180.00;;3;16
182744;28/02/2025;t;$180.00;;3;16
182744;01/03/2025;t;$180.00;;3;16
182744;02/03/2025;t;$180.00;;3;16
182744;03/03/2025;f;$180.00;;3;16
182744;04/03/2025;f;$180.00;;3;16
182744;05/03/2025;f;$180.00;;3;16
182744;06/03/2025;f;$180.00;;3;16
182744;07/03/2025;f;$180.00;;3;16
182744;08/03/2025;f;$180.00;;3;16
182744;09/03/2025;f;$180.00;;3;16
182744;10/03/2025;f;$180.00;;3;16
182744;11/03/2025;f;$180.00;;3;16
182744;12/03/2025;f;$180.00;;3;16
182744;13/03/2025;f;$180.00;;3;16
182744;14/03/2025;f;$180.00;;3;16
182744;15/03/2025;f;$180.00;;3;16
182744;16/03/2025;f;$180.00;;3;16
182744;17/03/2025;f;$180.00;;3;16
182744;18/03/2025;f;$180.00;;3;16
182744;19/03/2025;f;$180.00;;3;16
182744;20/03/2025;f;$180.00;;3;16
182744;21/03/2025;f;$180.00;;3;16
182744;22/03/2025;f;$180.00;;3;16
182744;23/03/2025;f;$180.00;;3;16
182744;24/03/2025;f;$180.00;;3;16
182744;25/03/2025;f;$180.00;;3;16
182744;26/03/2025;f;$180.00;;3;16
182744;27/03/2025;f;$180.00;;3;16
182744;28/03/2025;f;$180.00;;3;16
182744;29/03/2025;f;$180.00;;3;16
182744;30/03/2025;f;$180.00;;3;16
182744;31/03/2025;f;$180.00;;3;16
182744;01/04/2025;f;$180.00;;3;16
182744;02/04/2025;f;$180.00;;3;16
182744;03/04/2025;f;$180.00;;3;16
182744;04/04/2025;f;$180.00;;3;16
182744;05/04/2025;f;$180.00;;3;16
182744;06/04/2025;f;$180.00;;3;16
182744;07/04/2025;f;$180.00;;3;16
182744;08/04/2025;f;$180.00;;3;16
182744;09/04/2025;f;$180.00;;3;16
182744;10/04/2025;f;$180.00;;3;16
182744;11/04/2025;f;$180.00;;3;16
182744;12/04/2025;f;$180.00;;3;16
182744;13/04/2025;f;$180.00;;3;16
182744;14/04/2025;f;$180.00;;3;16
182744;15/04/2025;f;$180.00;;3;16
182744;16/04/2025;f;$180.00;;3;16
182744;17/04/2025;f;$180.00;;3;16
182744;18/04/2025;f;$180.00;;3;16
182744;19/04/2025;f;$180.00;;3;16
182744;20/04/2025;f;$180.00;;3;16
182744;21/04/2025;f;$180.00;;3;16
182744;22/04/2025;f;$180.00;;3;16
182744;23/04/2025;f;$180.00;;3;16
182744;24/04/2025;f;$180.00;;3;16
182744;25/04/2025;f;$180.00;;3;16
182744;26/04/2025;f;$180.00;;3;16
182744;27/04/2025;f;$180.00;;3;16
182744;28/04/2025;f;$180.00;;3;16
182744;29/04/2025;f;$180.00;;3;16
182744;30/04/2025;f;$180.00;;3;16
182744;01/05/2025;f;$180.00;;3;16
182744;02/05/2025;f;$180.00;;3;16
182744;03/05/2025;f;$180.00;;3;16
182744;04/05/2025;f;$180.00;;3;16
182744;05/05/2025;f;$180.00;;3;16
182744;06/05/2025;f;$180.00;;3;16
182744;07/05/2025;f;$180.00;;3;16
182744;08/05/2025;f;$180.00;;3;16
182744;09/05/2025;f;$180.00;;3;16
182744;10/05/2025;f;$180.00;;3;16
182744;11/05/2025;f;$180.00;;3;16
182744;12/05/2025;f;$180.00;;3;16
182744;13/05/2025;f;$180.00;;3;16
182744;14/05/2025;f;$180.00;;3;16
182744;15/05/2025;f;$180.00;;3;16
182744;16/05/2025;f;$180.00;;3;16
182744;17/05/2025;f;$180.00;;3;16
182744;18/05/2025;f;$180.00;;3;16
182744;19/05/2025;f;$180.00;;3;16
182744;20/05/2025;f;$180.00;;3;16
182744;21/05/2025;f;$180.00;;3;16
182744;22/05/2025;f;$180.00;;3;16
182744;23/05/2025;f;$180.00;;3;16
182744;24/05/2025;f;$180.00;;3;16
182744;25/05/2025;f;$180.00;;3;16
182744;26/05/2025;f;$180.00;;3;16
182744;27/05/2025;f;$180.00;;3;16
182744;28/05/2025;f;$180.00;;3;16
182744;29/05/2025;f;$180.00;;3;16
182744;30/05/2025;f;$180.00;;3;16
182744;31/05/2025;f;$180.00;;3;16
182744;01/06/2025;f;$180.00;;3;16
182744;02/06/2025;f;$180.00;;3;16
182744;03/06/2025;f;$180.00;;3;16
182744;04/06/2025;f;$180.00;;3;16
182744;05/06/2025;f;$180.00;;3;16
182744;06/06/2025;f;$180.00;;3;16
182744;07/06/2025;f;$180.00;;3;16
182744;08/06/2025;f;$180.00;;3;16
182744;09/06/2025;f;$180.00;;3;16
182744;10/06/2025;f;$180.00;;3;16
182744;11/06/2025;f;$180.00;;3;16
182744;12/06/2025;f;$180.00;;3;16
182744;13/06/2025;f;$180.00;;3;16
182744;14/06/2025;f;$180.00;;3;16
182744;15/06/2025;f;$180.00;;3;16
182744;16/06/2025;f;$180.00;;3;16
182744;17/06/2025;f;$180.00;;3;16
182744;18/06/2025;f;$180.00;;3;16
182744;19/06/2025;f;$180.00;;3;16
182744;20/06/2025;f;$180.00;;3;16
182744;21/06/2025;f;$180.00;;3;16
182744;22/06/2025;f;$180.00;;3;16
182744;23/06/2025;f;$180.00;;3;16
182744;24/06/2025;f;$180.00;;3;16
182744;25/06/2025;f;$180.00;;3;16
182744;26/06/2025;f;$180.00;;3;16
182744;27/06/2025;f;$180.00;;3;16
182744;28/06/2025;f;$180.00;;3;16
182744;29/06/2025;f;$180.00;;3;16
182744;30/06/2025;f;$180.00;;3;16
182744;01/07/2025;t;$180.00;;3;16
182744;02/07/2025;t;$180.00;;3;16
182744;03/07/2025;t;$180.00;;3;16
182744;04/07/2025;t;$180.00;;3;16
182744;05/07/2025;t;$180.00;;3;16
182744;06/07/2025;t;$180.00;;3;16
182744;07/07/2025;t;$180.00;;3;16
182744;08/07/2025;t;$180.00;;3;16
182744;09/07/2025;t;$180.00;;3;16
182744;10/07/2025;t;$180.00;;3;16
182744;11/07/2025;t;$180.00;;3;16
182744;12/07/2025;t;$180.00;;3;16
182744;13/07/2025;t;$180.00;;3;16
182744;14/07/2025;f;$180.00;;3;16
182744;15/07/2025;f;$180.00;;3;16
182744;16/07/2025;f;$180.00;;3;16
182744;17/07/2025;f;$180.00;;3;16
182744;18/07/2025;f;$180.00;;3;16
182744;19/07/2025;f;$180.00;;3;16
182744;20/07/2025;f;$180.00;;3;16
182744;21/07/2025;f;$180.00;;3;16
182744;22/07/2025;f;$180.00;;3;16
182744;23/07/2025;f;$180.00;;3;16
182744;24/07/2025;f;$180.00;;3;16
182744;25/07/2025;f;$180.00;;3;16
182744;26/07/2025;f;$180.00;;3;16
182744;27/07/2025;f;$180.00;;3;16
182744;28/07/2025;f;$180.00;;3;16
182744;29/07/2025;f;$180.00;;3;16
182744;30/07/2025;f;$180.00;;3;16
182744;31/07/2025;f;$180.00;;3;16
182744;01/08/2025;t;$180.00;;3;16
182744;02/08/2025;t;$180.00;;3;16
182744;03/08/2025;t;$180.00;;3;16
182744;04/08/2025;t;$180.00;;3;16
182744;05/08/2025;t;$180.00;;3;16
182744;06/08/2025;t;$180.00;;3;16
182744;07/08/2025;t;$180.00;;3;16
182744;08/08/2025;t;$180.00;;3;16
182744;09/08/2025;t;$180.00;;3;16
182744;10/08/2025;t;$180.00;;3;16
182744;11/08/2025;t;$180.00;;3;16
182744;12/08/2025;t;$180.00;;3;16
182744;13/08/2025;t;$180.00;;3;16
182744;14/08/2025;t;$180.00;;3;16
182744;15/08/2025;t;$180.00;;3;16
182744;16/08/2025;t;$180.00;;3;16
182744;17/08/2025;t;$180.00;;3;16
182744;18/08/2025;t;$180.00;;3;16
182744;19/08/2025;t;$180.00;;3;16
182744;20/08/2025;t;$180.00;;3;16
182744;21/08/2025;t;$180.00;;3;16
182744;22/08/2025;t;$180.00;;3;16
182744;23/08/2025;t;$180.00;;3;16
182744;24/08/2025;t;$180.00;;3;16
182744;25/08/2025;t;$180.00;;3;16
182744;26/08/2025;t;$180.00;;3;16
182744;27/08/2025;t;$180.00;;3;16
182744;28/08/2025;t;$180.00;;3;16
182744;29/08/2025;t;$180.00;;3;16
182744;30/08/2025;t;$180.00;;3;16
182744;31/08/2025;t;$180.00;;3;16
182744;01/09/2025;f;$180.00;;3;16
182744;02/09/2025;f;$180.00;;3;16
182744;03/09/2025;f;$180.00;;3;16
182744;04/09/2025;f;$180.00;;3;16
182744;05/09/2025;f;$180.00;;3;16
182744;06/09/2025;f;$180.00;;3;16
182744;07/09/2025;f;$180.00;;3;16
182744;08/09/2025;f;$180.00;;3;16
182744;09/09/2025;f;$180.00;;3;16
182744;10/09/2025;f;$180.00;;3;16
182744;11/09/2025;f;$180.00;;3;16
182744;12/09/2025;f;$180.00;;3;16
182744;13/09/2025;f;$180.00;;3;16
182744;14/09/2025;f;$180.00;;3;16
182744;15/09/2025;f;$180.00;;3;16
182744;16/09/2025;f;$180.00;;3;16
182744;17/09/2025;f;$180.00;;3;16
182744;18/09/2025;f;$180.00;;3;16
182744;19/09/2025;f;$180.00;;3;16
182744;20/09/2025;f;$180.00;;3;16
182744;21/09/2025;f;$180.00;;3;16
182744;22/09/2025;f;$180.00;;3;16
182744;23/09/2025;f;$180.00;;3;16
182744;24/09/2025;f;$180.00;;3;16
182744;25/09/2025;f;$180.00;;3;16
182744;26/09/2025;f;$180.00;;3;16
182744;27/09/2025;f;$180.00;;3;16
182744;28/09/2025;f;$180.00;;3;16
182744;29/09/2025;f;$180.00;;3;16
182744;30/09/2025;f;$180.00;;3;16
182744;01/10/2025;f;$180.00;;3;16
182744;02/10/2025;f;$180.00;;3;16
182744;03/10/2025;f;$180.00;;3;16
182744;04/10/2025;f;$180.00;;3;16
182744;05/10/2025;f;$180.00;;3;16
182744;06/10/2025;f;$180.00;;3;16
182744;07/10/2025;f;$180.00;;3;16
182744;08/10/2025;f;$180.00;;3;16
182744;09/10/2025;f;$180.00;;3;16
182744;10/10/2025;f;$180.00;;3;16
182744;11/10/2025;f;$180.00;;3;16
182744;12/10/2025;f;$180.00;;3;16
182744;13/10/2025;f;$180.00;;3;16
182744;14/10/2025;f;$180.00;;3;16
182744;15/10/2025;f;$180.00;;3;16
182744;16/10/2025;f;$180.00;;3;16
182744;17/10/2025;f;$180.00;;3;16
182744;18/10/2025;f;$180.00;;3;16
182744;19/10/2025;f;$180.00;;3;16
182744;20/10/2025;f;$180.00;;3;16
182744;21/10/2025;f;$180.00;;3;16
182744;22/10/2025;f;$180.00;;3;16
182744;23/10/2025;f;$180.00;;3;16
182744;24/10/2025;f;$180.00;;3;16
182744;25/10/2025;f;$180.00;;3;16
182744;26/10/2025;f;$180.00;;3;16
182744;27/10/2025;f;$180.00;;3;16
182744;28/10/2025;f;$180.00;;3;16
182744;29/10/2025;f;$180.00;;3;16
182744;30/10/2025;f;$180.00;;3;16
182744;31/10/2025;f;$180.00;;3;16
182744;01/11/2025;f;$180.00;;3;16
182744;02/11/2025;f;$180.00;;3;16
182744;03/11/2025;f;$180.00;;3;16
182744;04/11/2025;f;$180.00;;3;16
182744;05/11/2025;f;$180.00;;3;16
182744;06/11/2025;f;$180.00;;3;16
182744;07/11/2025;f;$180.00;;3;16
182744;08/11/2025;f;$180.00;;3;16
182744;09/11/2025;f;$180.00;;3;16
182744;10/11/2025;f;$180.00;;3;16
182744;11/11/2025;f;$180.00;;3;16
182744;12/11/2025;f;$180.00;;3;16
182744;13/11/2025;f;$180.00;;3;16
182744;14/11/2025;f;$180.00;;3;16
182744;15/11/2025;f;$180.00;;3;16
182744;16/11/2025;f;$180.00;;3;16
182744;17/11/2025;f;$180.00;;3;16
182744;18/11/2025;f;$180.00;;3;16
182744;19/11/2025;f;$180.00;;3;16
182744;20/11/2025;f;$180.00;;3;16
182744;21/11/2025;f;$180.00;;3;16
182744;22/11/2025;f;$180.00;;3;16
182744;23/11/2025;f;$180.00;;3;16
182744;24/11/2025;f;$180.00;;3;16
182744;25/11/2025;f;$180.00;;3;16
182744;26/11/2025;f;$180.00;;3;16
182744;27/11/2025;f;$180.00;;3;16
182744;28/11/2025;f;$180.00;;3;16
182744;29/11/2025;f;$180.00;;3;16
182744;30/11/2025;f;$180.00;;3;16
182744;01/12/2025;f;$180.00;;3;16
182744;02/12/2025;f;$180.00;;3;16
182744;03/12/2025;f;$180.00;;3;16
182744;04/12/2025;f;$180.00;;3;16
182744;05/12/2025;f;$180.00;;3;16
182744;06/12/2025;f;$180.00;;3;16
182744;07/12/2025;f;$180.00;;3;16
182744;08/12/2025;f;$180.00;;3;16
185575;09/12/2024;f;$110.00;;3;1125
185575;10/12/2024;f;$110.00;;3;1125
185575;11/12/2024;f;$110.00;;3;1125
185575;12/12/2024;f;$110.00;;3;1125
185575;13/12/2024;f;$110.00;;3;1125
185575;14/12/2024;f;$110.00;;3;1125
185575;15/12/2024;f;$110.00;;3;1125
185575;16/12/2024;f;$110.00;;3;1125
185575;17/12/2024;f;$110.00;;3;1125
185575;18/12/2024;f;$110.00;;3;1125
185575;19/12/2024;f;$110.00;;3;1125
185575;20/12/2024;f;$110.00;;3;1125
185575;21/12/2024;f;$110.00;;3;1125
185575;22/12/2024;f;$110.00;;3;1125
185575;23/12/2024;t;$110.00;;3;1125
185575;24/12/2024;f;$110.00;;3;1125
185575;25/12/2024;f;$110.00;;3;1125
185575;26/12/2024;f;$110.00;;3;1125
185575;27/12/2024;f;$110.00;;3;1125
185575;28/12/2024;f;$110.00;;3;1125
185575;29/12/2024;t;$110.00;;3;1125
185575;30/12/2024;f;$110.00;;3;1125
185575;31/12/2024;f;$110.00;;3;1125
185575;01/01/2025;f;$110.00;;3;1125
185575;02/01/2025;f;$110.00;;3;1125
185575;03/01/2025;f;$110.00;;3;1125
185575;04/01/2025;f;$110.00;;3;1125
185575;05/01/2025;f;$110.00;;3;1125
185575;06/01/2025;f;$110.00;;3;1125
185575;07/01/2025;f;$110.00;;3;1125
185575;08/01/2025;f;$110.00;;3;1125
185575;09/01/2025;f;$110.00;;3;1125
185575;10/01/2025;f;$110.00;;3;1125
185575;11/01/2025;f;$110.00;;3;1125
185575;12/01/2025;t;$110.00;;3;1125
185575;13/01/2025;f;$110.00;;3;1125
185575;14/01/2025;f;$110.00;;3;1125
185575;15/01/2025;f;$110.00;;3;1125
185575;16/01/2025;f;$110.00;;3;1125
185575;17/01/2025;f;$110.00;;3;1125
185575;18/01/2025;f;$110.00;;3;1125
185575;19/01/2025;f;$110.00;;3;1125
185575;20/01/2025;f;$110.00;;3;1125
185575;21/01/2025;f;$110.00;;3;1125
185575;22/01/2025;f;$110.00;;3;1125
185575;23/01/2025;f;$110.00;;3;1125
185575;24/01/2025;f;$110.00;;3;1125
185575;25/01/2025;f;$110.00;;3;1125
185575;26/01/2025;f;$110.00;;3;1125
185575;27/01/2025;f;$110.00;;3;1125
185575;28/01/2025;f;$110.00;;3;1125
185575;29/01/2025;f;$110.00;;3;1125
185575;30/01/2025;f;$110.00;;3;1125
185575;31/01/2025;f;$110.00;;3;1125
185575;01/02/2025;f;$110.00;;3;1125
185575;02/02/2025;f;$110.00;;3;1125
185575;03/02/2025;f;$110.00;;3;1125
185575;04/02/2025;f;$110.00;;3;1125
185575;05/02/2025;f;$110.00;;3;1125
185575;06/02/2025;f;$110.00;;3;1125
185575;07/02/2025;f;$110.00;;3;1125
185575;08/02/2025;f;$110.00;;3;1125
185575;09/02/2025;f;$110.00;;3;1125
185575;10/02/2025;f;$110.00;;3;1125
185575;11/02/2025;f;$110.00;;3;1125
185575;12/02/2025;f;$110.00;;3;1125
185575;13/02/2025;f;$110.00;;3;1125
185575;14/02/2025;f;$110.00;;3;1125
185575;15/02/2025;f;$110.00;;3;1125
185575;16/02/2025;f;$110.00;;3;1125
185575;17/02/2025;f;$110.00;;3;1125
185575;18/02/2025;f;$110.00;;3;1125
185575;19/02/2025;f;$110.00;;3;1125
185575;20/02/2025;f;$110.00;;3;1125
185575;21/02/2025;f;$110.00;;3;1125
185575;22/02/2025;f;$110.00;;3;1125
185575;23/02/2025;f;$110.00;;3;1125
185575;24/02/2025;f;$110.00;;3;1125
185575;25/02/2025;f;$110.00;;3;1125
185575;26/02/2025;f;$110.00;;3;1125
185575;27/02/2025;f;$110.00;;3;1125
185575;28/02/2025;f;$110.00;;3;1125
185575;01/03/2025;f;$110.00;;3;1125
185575;02/03/2025;f;$110.00;;3;1125
185575;03/03/2025;f;$110.00;;3;1125
185575;04/03/2025;f;$110.00;;3;1125
185575;05/03/2025;f;$110.00;;3;1125
185575;06/03/2025;f;$110.00;;3;1125
185575;07/03/2025;f;$110.00;;3;1125
185575;08/03/2025;f;$110.00;;3;1125
185575;09/03/2025;f;$110.00;;3;1125
185575;10/03/2025;f;$110.00;;3;1125
185575;11/03/2025;f;$110.00;;3;1125
185575;12/03/2025;f;$110.00;;3;1125
185575;13/03/2025;f;$110.00;;3;1125
185575;14/03/2025;f;$110.00;;3;1125
185575;15/03/2025;f;$110.00;;3;1125
185575;16/03/2025;f;$110.00;;3;1125
185575;17/03/2025;f;$110.00;;3;1125
185575;18/03/2025;f;$110.00;;3;1125
185575;19/03/2025;f;$110.00;;3;1125
185575;20/03/2025;f;$110.00;;3;1125
185575;21/03/2025;f;$110.00;;3;1125
185575;22/03/2025;f;$110.00;;3;1125
185575;23/03/2025;f;$110.00;;3;1125
185575;24/03/2025;f;$110.00;;3;1125
185575;25/03/2025;f;$110.00;;3;1125
185575;26/03/2025;f;$110.00;;3;1125
185575;27/03/2025;f;$110.00;;3;1125
185575;28/03/2025;f;$110.00;;3;1125
185575;29/03/2025;f;$110.00;;3;1125
185575;30/03/2025;f;$110.00;;3;1125
185575;31/03/2025;f;$110.00;;3;1125
185575;01/04/2025;f;$110.00;;3;1125
185575;02/04/2025;f;$110.00;;3;1125
185575;03/04/2025;f;$110.00;;3;1125
185575;04/04/2025;f;$110.00;;3;1125
185575;05/04/2025;f;$110.00;;3;1125
185575;06/04/2025;f;$110.00;;3;1125
185575;07/04/2025;f;$110.00;;3;1125
185575;08/04/2025;f;$110.00;;3;1125
185575;09/04/2025;f;$110.00;;3;1125
185575;10/04/2025;f;$110.00;;3;1125
185575;11/04/2025;f;$110.00;;3;1125
185575;12/04/2025;f;$110.00;;3;1125
185575;13/04/2025;f;$110.00;;3;1125
185575;14/04/2025;f;$110.00;;3;1125
185575;15/04/2025;f;$110.00;;3;1125
185575;16/04/2025;f;$110.00;;3;1125
185575;17/04/2025;f;$110.00;;3;1125
185575;18/04/2025;f;$110.00;;3;1125
185575;19/04/2025;f;$110.00;;3;1125
185575;20/04/2025;f;$110.00;;3;1125
185575;21/04/2025;f;$110.00;;3;1125
185575;22/04/2025;f;$110.00;;3;1125
185575;23/04/2025;f;$110.00;;3;1125
185575;24/04/2025;f;$110.00;;3;1125
185575;25/04/2025;f;$110.00;;3;1125
185575;26/04/2025;f;$110.00;;3;1125
185575;27/04/2025;f;$110.00;;3;1125
185575;28/04/2025;f;$110.00;;3;1125
185575;29/04/2025;f;$110.00;;3;1125
185575;30/04/2025;f;$110.00;;3;1125
185575;01/05/2025;f;$110.00;;3;1125
185575;02/05/2025;f;$110.00;;3;1125
185575;03/05/2025;f;$110.00;;3;1125
185575;04/05/2025;f;$110.00;;3;1125
185575;05/05/2025;f;$110.00;;3;1125
185575;06/05/2025;f;$110.00;;3;1125
185575;07/05/2025;f;$110.00;;3;1125
185575;08/05/2025;f;$110.00;;3;1125
185575;09/05/2025;f;$110.00;;3;1125
185575;10/05/2025;f;$110.00;;3;1125
185575;11/05/2025;f;$110.00;;3;1125
185575;12/05/2025;f;$110.00;;3;1125
185575;13/05/2025;f;$110.00;;3;1125
185575;14/05/2025;f;$110.00;;3;1125
185575;15/05/2025;f;$110.00;;3;1125
185575;16/05/2025;f;$110.00;;3;1125
185575;17/05/2025;f;$110.00;;3;1125
185575;18/05/2025;f;$110.00;;3;1125
185575;19/05/2025;f;$110.00;;3;1125
185575;20/05/2025;f;$110.00;;3;1125
185575;21/05/2025;f;$110.00;;3;1125
185575;22/05/2025;f;$110.00;;3;1125
185575;23/05/2025;f;$110.00;;3;1125
185575;24/05/2025;f;$110.00;;3;1125
185575;25/05/2025;f;$110.00;;3;1125
185575;26/05/2025;f;$110.00;;3;1125
185575;27/05/2025;f;$110.00;;3;1125
185575;28/05/2025;f;$110.00;;3;1125
185575;29/05/2025;f;$110.00;;3;1125
185575;30/05/2025;f;$110.00;;3;1125
185575;31/05/2025;f;$110.00;;3;1125
185575;01/06/2025;f;$110.00;;3;1125
185575;02/06/2025;f;$110.00;;3;1125
185575;03/06/2025;f;$110.00;;3;1125
185575;04/06/2025;f;$110.00;;3;1125
185575;05/06/2025;f;$110.00;;3;1125
185575;06/06/2025;f;$110.00;;3;1125
185575;07/06/2025;f;$110.00;;3;1125
185575;08/06/2025;f;$110.00;;3;1125
185575;09/06/2025;f;$110.00;;3;1125
185575;10/06/2025;f;$110.00;;3;1125
185575;11/06/2025;f;$110.00;;3;1125
185575;12/06/2025;f;$110.00;;3;1125
185575;13/06/2025;f;$110.00;;3;1125
185575;14/06/2025;f;$110.00;;3;1125
185575;15/06/2025;f;$110.00;;3;1125
185575;16/06/2025;f;$110.00;;3;1125
185575;17/06/2025;f;$110.00;;3;1125
185575;18/06/2025;f;$110.00;;3;1125
185575;19/06/2025;f;$110.00;;3;1125
185575;20/06/2025;f;$110.00;;3;1125
185575;21/06/2025;f;$110.00;;3;1125
185575;22/06/2025;f;$110.00;;3;1125
185575;23/06/2025;f;$110.00;;3;1125
185575;24/06/2025;f;$110.00;;3;1125
185575;25/06/2025;f;$110.00;;3;1125
185575;26/06/2025;f;$110.00;;3;1125
185575;27/06/2025;f;$110.00;;3;1125
185575;28/06/2025;f;$110.00;;3;1125
185575;29/06/2025;f;$110.00;;3;1125
185575;30/06/2025;f;$110.00;;3;1125
185575;01/07/2025;f;$110.00;;3;1125
185575;02/07/2025;f;$110.00;;3;1125
185575;03/07/2025;f;$110.00;;3;1125
185575;04/07/2025;f;$110.00;;3;1125
185575;05/07/2025;f;$110.00;;3;1125
185575;06/07/2025;f;$110.00;;3;1125
185575;07/07/2025;f;$110.00;;3;1125
185575;08/07/2025;f;$110.00;;3;1125
185575;09/07/2025;f;$110.00;;3;1125
185575;10/07/2025;f;$110.00;;3;1125
185575;11/07/2025;f;$110.00;;3;1125
185575;12/07/2025;f;$110.00;;3;1125
185575;13/07/2025;f;$110.00;;3;1125
185575;14/07/2025;f;$110.00;;3;1125
185575;15/07/2025;f;$110.00;;3;1125
185575;16/07/2025;f;$110.00;;3;1125
185575;17/07/2025;f;$110.00;;3;1125
185575;18/07/2025;f;$110.00;;3;1125
185575;19/07/2025;f;$110.00;;3;1125
185575;20/07/2025;f;$110.00;;3;1125
185575;21/07/2025;f;$110.00;;3;1125
185575;22/07/2025;f;$110.00;;3;1125
185575;23/07/2025;f;$110.00;;3;1125
185575;24/07/2025;f;$110.00;;3;1125
185575;25/07/2025;f;$110.00;;3;1125
185575;26/07/2025;f;$110.00;;3;1125
185575;27/07/2025;f;$110.00;;3;1125
185575;28/07/2025;f;$110.00;;3;1125
185575;29/07/2025;f;$110.00;;3;1125
185575;30/07/2025;f;$110.00;;3;1125
185575;31/07/2025;f;$110.00;;3;1125
185575;01/08/2025;f;$110.00;;3;1125
185575;02/08/2025;f;$110.00;;3;1125
185575;03/08/2025;f;$110.00;;3;1125
185575;04/08/2025;f;$110.00;;3;1125
185575;05/08/2025;f;$110.00;;3;1125
185575;06/08/2025;f;$110.00;;3;1125
185575;07/08/2025;f;$110.00;;3;1125
185575;08/08/2025;f;$110.00;;3;1125
185575;09/08/2025;f;$110.00;;3;1125
185575;10/08/2025;f;$110.00;;3;1125
185575;11/08/2025;f;$110.00;;3;1125
185575;12/08/2025;f;$110.00;;3;1125
185575;13/08/2025;f;$110.00;;3;1125
185575;14/08/2025;f;$110.00;;3;1125
185575;15/08/2025;f;$110.00;;3;1125
185575;16/08/2025;f;$110.00;;3;1125
185575;17/08/2025;f;$110.00;;3;1125
185575;18/08/2025;f;$110.00;;3;1125
185575;19/08/2025;f;$110.00;;3;1125
185575;20/08/2025;f;$110.00;;3;1125
185575;21/08/2025;f;$110.00;;3;1125
185575;22/08/2025;f;$110.00;;3;1125
185575;23/08/2025;f;$110.00;;3;1125
185575;24/08/2025;f;$110.00;;3;1125
185575;25/08/2025;f;$110.00;;3;1125
185575;26/08/2025;f;$110.00;;3;1125
185575;27/08/2025;f;$110.00;;3;1125
185575;28/08/2025;f;$110.00;;3;1125
185575;29/08/2025;f;$110.00;;3;1125
185575;30/08/2025;f;$110.00;;3;1125
185575;31/08/2025;f;$110.00;;3;1125
185575;01/09/2025;f;$110.00;;3;1125
185575;02/09/2025;f;$110.00;;3;1125
185575;03/09/2025;f;$110.00;;3;1125
185575;04/09/2025;f;$110.00;;3;1125
185575;05/09/2025;f;$110.00;;3;1125
185575;06/09/2025;f;$110.00;;3;1125
185575;07/09/2025;f;$110.00;;3;1125
185575;08/09/2025;f;$110.00;;3;1125
185575;09/09/2025;f;$110.00;;3;1125
185575;10/09/2025;f;$110.00;;3;1125
185575;11/09/2025;f;$110.00;;3;1125
185575;12/09/2025;f;$110.00;;3;1125
185575;13/09/2025;f;$110.00;;3;1125
185575;14/09/2025;f;$110.00;;3;1125
185575;15/09/2025;f;$110.00;;3;1125
185575;16/09/2025;f;$110.00;;3;1125
185575;17/09/2025;f;$110.00;;3;1125
185575;18/09/2025;f;$110.00;;3;1125
185575;19/09/2025;f;$110.00;;3;1125
185575;20/09/2025;f;$110.00;;3;1125
185575;21/09/2025;f;$110.00;;3;1125
185575;22/09/2025;f;$110.00;;3;1125
185575;23/09/2025;f;$110.00;;3;1125
185575;24/09/2025;f;$110.00;;3;1125
185575;25/09/2025;f;$110.00;;3;1125
185575;26/09/2025;f;$110.00;;3;1125
185575;27/09/2025;f;$110.00;;3;1125
185575;28/09/2025;f;$110.00;;3;1125
185575;29/09/2025;f;$110.00;;3;1125
185575;30/09/2025;f;$110.00;;3;1125
185575;01/10/2025;f;$110.00;;3;1125
185575;02/10/2025;f;$110.00;;3;1125
185575;03/10/2025;f;$110.00;;3;1125
185575;04/10/2025;f;$110.00;;3;1125
185575;05/10/2025;f;$110.00;;3;1125
185575;06/10/2025;f;$110.00;;3;1125
185575;07/10/2025;f;$110.00;;3;1125
185575;08/10/2025;f;$110.00;;3;1125
185575;09/10/2025;f;$110.00;;3;1125
185575;10/10/2025;f;$110.00;;3;1125
185575;11/10/2025;f;$110.00;;3;1125
185575;12/10/2025;f;$110.00;;3;1125
185575;13/10/2025;f;$110.00;;3;1125
185575;14/10/2025;f;$110.00;;3;1125
185575;15/10/2025;f;$110.00;;3;1125
185575;16/10/2025;f;$110.00;;3;1125
185575;17/10/2025;f;$110.00;;3;1125
185575;18/10/2025;f;$110.00;;3;1125
185575;19/10/2025;f;$110.00;;3;1125
185575;20/10/2025;f;$110.00;;3;1125
185575;21/10/2025;f;$110.00;;3;1125
185575;22/10/2025;f;$110.00;;3;1125
185575;23/10/2025;f;$110.00;;3;1125
185575;24/10/2025;f;$110.00;;3;1125
185575;25/10/2025;f;$110.00;;3;1125
185575;26/10/2025;f;$110.00;;3;1125
185575;27/10/2025;f;$110.00;;3;1125
185575;28/10/2025;f;$110.00;;3;1125
185575;29/10/2025;f;$110.00;;3;1125
185575;30/10/2025;f;$110.00;;3;1125
185575;31/10/2025;f;$110.00;;3;1125
185575;01/11/2025;f;$110.00;;3;1125
185575;02/11/2025;f;$110.00;;3;1125
185575;03/11/2025;f;$110.00;;3;1125
185575;04/11/2025;f;$110.00;;3;1125
185575;05/11/2025;f;$110.00;;3;1125
185575;06/11/2025;f;$110.00;;3;1125
185575;07/11/2025;f;$110.00;;3;1125
185575;08/11/2025;f;$110.00;;3;1125
185575;09/11/2025;f;$110.00;;3;1125
185575;10/11/2025;f;$110.00;;3;1125
185575;11/11/2025;f;$110.00;;3;1125
185575;12/11/2025;f;$110.00;;3;1125
185575;13/11/2025;f;$110.00;;3;1125
185575;14/11/2025;f;$110.00;;3;1125
185575;15/11/2025;f;$110.00;;3;1125
185575;16/11/2025;f;$110.00;;3;1125
185575;17/11/2025;f;$110.00;;3;1125
185575;18/11/2025;f;$110.00;;3;1125
185575;19/11/2025;f;$110.00;;3;1125
185575;20/11/2025;f;$110.00;;3;1125
185575;21/11/2025;f;$110.00;;3;1125
185575;22/11/2025;f;$110.00;;3;1125
185575;23/11/2025;f;$110.00;;3;1125
185575;24/11/2025;f;$110.00;;3;1125
185575;25/11/2025;f;$110.00;;3;1125
185575;26/11/2025;f;$110.00;;3;1125
185575;27/11/2025;f;$110.00;;3;1125
185575;28/11/2025;f;$110.00;;3;1125
185575;29/11/2025;f;$110.00;;3;1125
185575;30/11/2025;f;$110.00;;3;1125
185575;01/12/2025;f;$110.00;;3;1125
185575;02/12/2025;f;$110.00;;3;1125
185575;03/12/2025;f;$110.00;;3;1125
185575;04/12/2025;f;$110.00;;3;1125
185575;05/12/2025;f;$110.00;;3;1125
185575;06/12/2025;f;$110.00;;3;1125
185575;07/12/2025;f;$110.00;;3;1125
185575;08/12/2025;f;$110.00;;3;1125
187570;07/12/2024;f;$190.00;;4;50
187570;08/12/2024;f;$190.00;;4;50
187570;09/12/2024;f;$190.00;;4;50
187570;10/12/2024;f;$190.00;;4;50
187570;11/12/2024;f;$190.00;;4;50
187570;12/12/2024;f;$190.00;;4;50
187570;13/12/2024;f;$190.00;;4;50
187570;14/12/2024;f;$190.00;;4;50
187570;15/12/2024;f;$190.00;;4;50
187570;16/12/2024;f;$190.00;;4;50
187570;17/12/2024;f;$190.00;;4;50
187570;18/12/2024;f;$190.00;;4;50
187570;19/12/2024;f;$190.00;;4;50
187570;20/12/2024;f;$190.00;;4;50
187570;21/12/2024;f;$190.00;;4;50
187570;22/12/2024;f;$190.00;;4;50
187570;23/12/2024;f;$190.00;;4;50
187570;24/12/2024;f;$190.00;;4;50
187570;25/12/2024;f;$190.00;;4;50
187570;26/12/2024;t;$190.00;;4;50
187570;27/12/2024;f;$190.00;;4;50
187570;28/12/2024;f;$190.00;;4;50
187570;29/12/2024;f;$190.00;;4;50
187570;30/12/2024;f;$190.00;;4;50
187570;31/12/2024;f;$190.00;;4;50
187570;01/01/2025;f;$190.00;;4;50
187570;02/01/2025;f;$190.00;;4;50
187570;03/01/2025;t;$190.00;;4;50
187570;04/01/2025;t;$190.00;;4;50
187570;05/01/2025;t;$190.00;;4;50
187570;06/01/2025;f;$190.00;;4;50
187570;07/01/2025;f;$190.00;;4;50
187570;08/01/2025;f;$190.00;;4;50
187570;09/01/2025;f;$190.00;;4;50
187570;10/01/2025;f;$190.00;;4;50
187570;11/01/2025;f;$190.00;;4;50
187570;12/01/2025;f;$190.00;;4;50
187570;13/01/2025;f;$190.00;;4;50
187570;14/01/2025;f;$190.00;;4;50
187570;15/01/2025;f;$190.00;;4;50
187570;16/01/2025;f;$190.00;;4;50
187570;17/01/2025;f;$190.00;;4;50
187570;18/01/2025;f;$190.00;;4;50
187570;19/01/2025;f;$190.00;;4;50
187570;20/01/2025;f;$190.00;;4;50
187570;21/01/2025;f;$190.00;;4;50
187570;22/01/2025;f;$190.00;;4;50
187570;23/01/2025;f;$190.00;;4;50
187570;24/01/2025;f;$190.00;;4;50
187570;25/01/2025;f;$190.00;;4;50
187570;26/01/2025;f;$190.00;;4;50
187570;27/01/2025;f;$190.00;;4;50
187570;28/01/2025;f;$190.00;;4;50
187570;29/01/2025;f;$190.00;;4;50
187570;30/01/2025;f;$190.00;;4;50
187570;31/01/2025;f;$190.00;;4;50
187570;01/02/2025;f;$190.00;;4;50
187570;02/02/2025;f;$190.00;;4;50
187570;03/02/2025;f;$190.00;;4;50
187570;04/02/2025;f;$190.00;;4;50
187570;05/02/2025;f;$190.00;;4;50
187570;06/02/2025;f;$190.00;;4;50
187570;07/02/2025;f;$190.00;;4;50
187570;08/02/2025;f;$190.00;;4;50
187570;09/02/2025;f;$190.00;;4;50
187570;10/02/2025;f;$190.00;;4;50
187570;11/02/2025;f;$190.00;;4;50
187570;12/02/2025;f;$190.00;;4;50
187570;13/02/2025;f;$190.00;;4;50
187570;14/02/2025;f;$190.00;;4;50
187570;15/02/2025;f;$190.00;;4;50
187570;16/02/2025;t;$190.00;;5;50
187570;17/02/2025;t;$190.00;;4;50
187570;18/02/2025;t;$190.00;;4;50
187570;19/02/2025;t;$190.00;;4;50
187570;20/02/2025;t;$190.00;;4;50
187570;21/02/2025;t;$190.00;;4;50
187570;22/02/2025;t;$190.00;;4;50
187570;23/02/2025;t;$190.00;;4;50
187570;24/02/2025;t;$190.00;;4;50
187570;25/02/2025;t;$190.00;;4;50
187570;26/02/2025;t;$190.00;;4;50
187570;27/02/2025;t;$190.00;;4;50
187570;28/02/2025;t;$190.00;;4;50
187570;01/03/2025;t;$190.00;;4;50
187570;02/03/2025;f;$190.00;;4;50
187570;03/03/2025;f;$190.00;;4;50
187570;04/03/2025;f;$190.00;;4;50
187570;05/03/2025;f;$190.00;;4;50
187570;06/03/2025;f;$190.00;;4;50
187570;07/03/2025;f;$190.00;;4;50
187570;08/03/2025;f;$190.00;;4;50
187570;09/03/2025;f;$190.00;;4;50
187570;10/03/2025;f;$190.00;;4;50
187570;11/03/2025;f;$190.00;;4;50
187570;12/03/2025;f;$190.00;;4;50
187570;13/03/2025;f;$190.00;;4;50
187570;14/03/2025;f;$190.00;;4;50
187570;15/03/2025;f;$190.00;;4;50
187570;16/03/2025;f;$190.00;;4;50
187570;17/03/2025;f;$190.00;;4;50
187570;18/03/2025;f;$190.00;;4;50
187570;19/03/2025;f;$190.00;;4;50
187570;20/03/2025;f;$190.00;;4;50
187570;21/03/2025;f;$190.00;;4;50
187570;22/03/2025;f;$190.00;;4;50
187570;23/03/2025;f;$190.00;;4;50
187570;24/03/2025;f;$190.00;;4;50
187570;25/03/2025;f;$190.00;;4;50
187570;26/03/2025;f;$190.00;;4;50
187570;27/03/2025;f;$190.00;;4;50
187570;28/03/2025;f;$190.00;;4;50
187570;29/03/2025;f;$190.00;;4;50
187570;30/03/2025;f;$190.00;;4;50
187570;31/03/2025;f;$190.00;;4;50
187570;01/04/2025;f;$190.00;;4;50
187570;02/04/2025;f;$190.00;;4;50
187570;03/04/2025;f;$190.00;;4;50
187570;04/04/2025;f;$190.00;;4;50
187570;05/04/2025;f;$190.00;;4;50
187570;06/04/2025;f;$190.00;;4;50
187570;07/04/2025;f;$190.00;;4;50
187570;08/04/2025;f;$190.00;;4;50
187570;09/04/2025;f;$190.00;;4;50
187570;10/04/2025;f;$190.00;;4;50
187570;11/04/2025;f;$190.00;;4;50
187570;12/04/2025;f;$190.00;;4;50
187570;13/04/2025;f;$190.00;;4;50
187570;14/04/2025;f;$190.00;;4;50
187570;15/04/2025;f;$190.00;;4;50
187570;16/04/2025;f;$190.00;;4;50
187570;17/04/2025;f;$190.00;;4;50
187570;18/04/2025;f;$190.00;;4;50
187570;19/04/2025;t;$190.00;;4;50
187570;20/04/2025;t;$190.00;;4;50
187570;21/04/2025;t;$190.00;;4;50
187570;22/04/2025;t;$190.00;;4;50
187570;23/04/2025;t;$190.00;;4;50
187570;24/04/2025;t;$190.00;;4;50
187570;25/04/2025;t;$190.00;;4;50
187570;26/04/2025;t;$190.00;;4;50
187570;27/04/2025;f;$190.00;;4;50
187570;28/04/2025;f;$190.00;;4;50
187570;29/04/2025;f;$190.00;;4;50
187570;30/04/2025;f;$190.00;;4;50
187570;01/05/2025;f;$190.00;;4;50
187570;02/05/2025;f;$190.00;;4;50
187570;03/05/2025;f;$190.00;;4;50
187570;04/05/2025;f;$190.00;;4;50
187570;05/05/2025;f;$190.00;;4;50
187570;06/05/2025;f;$190.00;;4;50
187570;07/05/2025;f;$190.00;;4;50
187570;08/05/2025;f;$190.00;;4;50
187570;09/05/2025;f;$190.00;;4;50
187570;10/05/2025;f;$190.00;;4;50
187570;11/05/2025;f;$190.00;;4;50
187570;12/05/2025;f;$190.00;;4;50
187570;13/05/2025;f;$190.00;;4;50
187570;14/05/2025;f;$190.00;;4;50
187570;15/05/2025;f;$190.00;;4;50
187570;16/05/2025;f;$190.00;;4;50
187570;17/05/2025;f;$190.00;;4;50
187570;18/05/2025;f;$190.00;;4;50
187570;19/05/2025;f;$190.00;;4;50
187570;20/05/2025;f;$190.00;;4;50
187570;21/05/2025;f;$190.00;;4;50
187570;22/05/2025;f;$190.00;;4;50
187570;23/05/2025;f;$190.00;;4;50
187570;24/05/2025;f;$190.00;;4;50
187570;25/05/2025;f;$190.00;;4;50
187570;26/05/2025;f;$190.00;;4;50
187570;27/05/2025;f;$190.00;;4;50
187570;28/05/2025;f;$190.00;;4;50
187570;29/05/2025;f;$190.00;;4;50
187570;30/05/2025;f;$190.00;;4;50
187570;31/05/2025;f;$190.00;;4;50
187570;01/06/2025;f;$190.00;;4;50
187570;02/06/2025;f;$190.00;;4;50
187570;03/06/2025;f;$190.00;;4;50
187570;04/06/2025;f;$190.00;;4;50
187570;05/06/2025;f;$190.00;;4;50
187570;06/06/2025;f;$190.00;;4;50
187570;07/06/2025;f;$190.00;;4;50
187570;08/06/2025;f;$190.00;;4;50
187570;09/06/2025;f;$190.00;;4;50
187570;10/06/2025;f;$190.00;;4;50
187570;11/06/2025;f;$190.00;;4;50
187570;12/06/2025;f;$190.00;;4;50
187570;13/06/2025;f;$190.00;;4;50
187570;14/06/2025;f;$190.00;;4;50
187570;15/06/2025;f;$190.00;;4;50
187570;16/06/2025;f;$190.00;;4;50
187570;17/06/2025;f;$190.00;;4;50
187570;18/06/2025;f;$190.00;;4;50
187570;19/06/2025;f;$190.00;;4;50
187570;20/06/2025;f;$190.00;;4;50
187570;21/06/2025;f;$190.00;;4;50
187570;22/06/2025;f;$190.00;;4;50
187570;23/06/2025;f;$190.00;;4;50
187570;24/06/2025;f;$190.00;;4;50
187570;25/06/2025;f;$190.00;;4;50
187570;26/06/2025;f;$190.00;;4;50
187570;27/06/2025;f;$190.00;;4;50
187570;28/06/2025;f;$190.00;;4;50
187570;29/06/2025;f;$190.00;;4;50
187570;30/06/2025;f;$190.00;;4;50
187570;01/07/2025;f;$190.00;;4;50
187570;02/07/2025;f;$190.00;;4;50
187570;03/07/2025;f;$190.00;;4;50
187570;04/07/2025;f;$190.00;;4;50
187570;05/07/2025;f;$190.00;;4;50
187570;06/07/2025;f;$190.00;;4;50
187570;07/07/2025;t;$190.00;;4;50
187570;08/07/2025;f;$190.00;;4;50
187570;09/07/2025;f;$190.00;;4;50
187570;10/07/2025;f;$190.00;;4;50
187570;11/07/2025;f;$190.00;;4;50
187570;12/07/2025;f;$190.00;;4;50
187570;13/07/2025;f;$190.00;;4;50
187570;14/07/2025;f;$190.00;;4;50
187570;15/07/2025;f;$190.00;;4;50
187570;16/07/2025;f;$190.00;;4;50
187570;17/07/2025;t;$190.00;;4;50
187570;18/07/2025;t;$190.00;;4;50
187570;19/07/2025;t;$190.00;;4;50
187570;20/07/2025;t;$190.00;;4;50
187570;21/07/2025;t;$190.00;;4;50
187570;22/07/2025;t;$190.00;;4;50
187570;23/07/2025;t;$190.00;;4;50
187570;24/07/2025;t;$190.00;;4;50
187570;25/07/2025;t;$190.00;;4;50
187570;26/07/2025;t;$190.00;;4;50
187570;27/07/2025;t;$190.00;;4;50
187570;28/07/2025;t;$190.00;;4;50
187570;29/07/2025;t;$190.00;;4;50
187570;30/07/2025;t;$190.00;;4;50
187570;31/07/2025;t;$190.00;;4;50
187570;01/08/2025;t;$190.00;;4;50
187570;02/08/2025;t;$190.00;;4;50
187570;03/08/2025;t;$190.00;;4;50
187570;04/08/2025;t;$190.00;;4;50
187570;05/08/2025;t;$190.00;;4;50
187570;06/08/2025;t;$190.00;;4;50
187570;07/08/2025;t;$190.00;;4;50
187570;08/08/2025;t;$190.00;;4;50
187570;09/08/2025;t;$190.00;;4;50
187570;10/08/2025;t;$190.00;;4;50
187570;11/08/2025;t;$190.00;;4;50
187570;12/08/2025;t;$190.00;;4;50
187570;13/08/2025;t;$190.00;;4;50
187570;14/08/2025;t;$190.00;;4;50
187570;15/08/2025;t;$190.00;;4;50
187570;16/08/2025;t;$190.00;;4;50
187570;17/08/2025;t;$190.00;;4;50
187570;18/08/2025;t;$190.00;;4;50
187570;19/08/2025;t;$190.00;;4;50
187570;20/08/2025;t;$190.00;;4;50
187570;21/08/2025;t;$190.00;;4;50
187570;22/08/2025;t;$190.00;;4;50
187570;23/08/2025;t;$190.00;;4;50
187570;24/08/2025;t;$190.00;;4;50
187570;25/08/2025;t;$190.00;;4;50
187570;26/08/2025;t;$190.00;;4;50
187570;27/08/2025;t;$190.00;;4;50
187570;28/08/2025;t;$190.00;;4;50
187570;29/08/2025;t;$190.00;;4;50
187570;30/08/2025;t;$190.00;;4;50
187570;31/08/2025;t;$190.00;;4;50
187570;01/09/2025;f;$190.00;;4;50
187570;02/09/2025;f;$190.00;;4;50
187570;03/09/2025;f;$190.00;;4;50
187570;04/09/2025;f;$190.00;;4;50
187570;05/09/2025;f;$190.00;;4;50
187570;06/09/2025;f;$190.00;;4;50
187570;07/09/2025;f;$190.00;;4;50
187570;08/09/2025;f;$190.00;;4;50
187570;09/09/2025;f;$190.00;;4;50
187570;10/09/2025;f;$190.00;;4;50
187570;11/09/2025;f;$190.00;;4;50
187570;12/09/2025;f;$190.00;;4;50
187570;13/09/2025;f;$190.00;;4;50
187570;14/09/2025;f;$190.00;;4;50
187570;15/09/2025;f;$190.00;;4;50
187570;16/09/2025;f;$190.00;;4;50
187570;17/09/2025;f;$190.00;;4;50
187570;18/09/2025;f;$190.00;;4;50
187570;19/09/2025;f;$190.00;;4;50
187570;20/09/2025;f;$190.00;;4;50
187570;21/09/2025;f;$190.00;;4;50
187570;22/09/2025;f;$190.00;;4;50
187570;23/09/2025;f;$190.00;;4;50
187570;24/09/2025;f;$190.00;;4;50
187570;25/09/2025;f;$190.00;;4;50
187570;26/09/2025;f;$190.00;;4;50
187570;27/09/2025;f;$190.00;;4;50
187570;28/09/2025;f;$190.00;;4;50
187570;29/09/2025;f;$190.00;;4;50
187570;30/09/2025;f;$190.00;;4;50
187570;01/10/2025;f;$190.00;;4;50
187570;02/10/2025;f;$190.00;;4;50
187570;03/10/2025;f;$190.00;;4;50
187570;04/10/2025;f;$190.00;;4;50
187570;05/10/2025;f;$190.00;;4;50
187570;06/10/2025;f;$190.00;;4;50
187570;07/10/2025;f;$190.00;;4;50
187570;08/10/2025;f;$190.00;;4;50
187570;09/10/2025;f;$190.00;;4;50
187570;10/10/2025;f;$190.00;;4;50
187570;11/10/2025;f;$190.00;;4;50
187570;12/10/2025;f;$190.00;;4;50
187570;13/10/2025;f;$190.00;;4;50
187570;14/10/2025;f;$190.00;;4;50
187570;15/10/2025;f;$190.00;;4;50
187570;16/10/2025;f;$190.00;;4;50
187570;17/10/2025;f;$190.00;;4;50
187570;18/10/2025;f;$190.00;;4;50
187570;19/10/2025;f;$190.00;;4;50
187570;20/10/2025;f;$190.00;;4;50
187570;21/10/2025;f;$190.00;;4;50
187570;22/10/2025;f;$190.00;;4;50
187570;23/10/2025;f;$190.00;;4;50
187570;24/10/2025;f;$190.00;;4;50
187570;25/10/2025;f;$190.00;;4;50
187570;26/10/2025;f;$190.00;;4;50
187570;27/10/2025;f;$190.00;;4;50
187570;28/10/2025;f;$190.00;;4;50
187570;29/10/2025;f;$190.00;;4;50
187570;30/10/2025;f;$190.00;;4;50
187570;31/10/2025;f;$190.00;;4;50
187570;01/11/2025;f;$190.00;;4;50
187570;02/11/2025;f;$190.00;;4;50
187570;03/11/2025;f;$190.00;;4;50
187570;04/11/2025;f;$190.00;;4;50
187570;05/11/2025;f;$190.00;;4;50
187570;06/11/2025;f;$190.00;;4;50
187570;07/11/2025;f;$190.00;;4;50
187570;08/11/2025;f;$190.00;;4;50
187570;09/11/2025;f;$190.00;;4;50
187570;10/11/2025;f;$190.00;;4;50
187570;11/11/2025;f;$190.00;;4;50
187570;12/11/2025;f;$190.00;;4;50
187570;13/11/2025;f;$190.00;;4;50
187570;14/11/2025;f;$190.00;;4;50
187570;15/11/2025;f;$190.00;;4;50
187570;16/11/2025;f;$190.00;;4;50
187570;17/11/2025;f;$190.00;;4;50
187570;18/11/2025;f;$190.00;;4;50
187570;19/11/2025;f;$190.00;;4;50
187570;20/11/2025;f;$190.00;;4;50
187570;21/11/2025;f;$190.00;;4;50
187570;22/11/2025;f;$190.00;;4;50
187570;23/11/2025;f;$190.00;;4;50
187570;24/11/2025;f;$190.00;;4;50
187570;25/11/2025;f;$190.00;;4;50
187570;26/11/2025;f;$190.00;;4;50
187570;27/11/2025;f;$190.00;;4;50
187570;28/11/2025;f;$190.00;;4;50
187570;29/11/2025;f;$190.00;;4;50
187570;30/11/2025;f;$190.00;;4;50
187570;01/12/2025;f;$190.00;;4;50
187570;02/12/2025;f;$190.00;;4;50
187570;03/12/2025;f;$190.00;;4;50
187570;04/12/2025;f;$190.00;;4;50
187570;05/12/2025;f;$190.00;;4;50
187570;06/12/2025;f;$190.00;;4;50
189378;08/12/2024;f;$30.00;;3;10
189378;09/12/2024;t;$30.00;;3;10
189378;10/12/2024;t;$30.00;;3;10
189378;11/12/2024;t;$30.00;;3;10
189378;12/12/2024;t;$30.00;;3;10
189378;13/12/2024;t;$30.00;;3;10
189378;14/12/2024;t;$30.00;;3;10
189378;15/12/2024;t;$30.00;;3;10
189378;16/12/2024;t;$30.00;;3;10
189378;17/12/2024;t;$30.00;;3;10
189378;18/12/2024;t;$30.00;;3;10
189378;19/12/2024;t;$30.00;;3;10
189378;20/12/2024;t;$30.00;;3;10
189378;21/12/2024;t;$30.00;;3;10
189378;22/12/2024;t;$30.00;;3;10
189378;23/12/2024;t;$30.00;;3;10
189378;24/12/2024;f;$30.00;;3;10
189378;25/12/2024;f;$30.00;;3;10
189378;26/12/2024;f;$30.00;;3;10
189378;27/12/2024;f;$30.00;;3;10
189378;28/12/2024;f;$30.00;;3;10
189378;29/12/2024;f;$30.00;;3;10
189378;30/12/2024;f;$30.00;;3;10
189378;31/12/2024;t;$30.00;;3;10
189378;01/01/2025;t;$30.00;;3;10
189378;02/01/2025;t;$30.00;;3;10
189378;03/01/2025;t;$30.00;;3;10
189378;04/01/2025;t;$30.00;;3;10
189378;05/01/2025;t;$30.00;;3;10
189378;06/01/2025;t;$30.00;;3;10
189378;07/01/2025;t;$30.00;;3;10
189378;08/01/2025;t;$30.00;;3;10
189378;09/01/2025;t;$30.00;;3;10
189378;10/01/2025;t;$30.00;;3;10
189378;11/01/2025;t;$30.00;;3;10
189378;12/01/2025;t;$30.00;;3;10
189378;13/01/2025;t;$30.00;;3;10
189378;14/01/2025;t;$30.00;;3;10
189378;15/01/2025;t;$30.00;;3;10
189378;16/01/2025;t;$30.00;;3;10
189378;17/01/2025;t;$30.00;;3;10
189378;18/01/2025;t;$30.00;;3;10
189378;19/01/2025;t;$30.00;;3;10
189378;20/01/2025;t;$30.00;;3;10
189378;21/01/2025;t;$30.00;;3;10
189378;22/01/2025;t;$30.00;;3;10
189378;23/01/2025;t;$30.00;;3;10
189378;24/01/2025;t;$30.00;;3;10
189378;25/01/2025;t;$30.00;;3;10
189378;26/01/2025;t;$30.00;;3;10
189378;27/01/2025;t;$30.00;;3;10
189378;28/01/2025;t;$30.00;;3;10
189378;29/01/2025;t;$30.00;;3;10
189378;30/01/2025;t;$30.00;;3;10
189378;31/01/2025;t;$30.00;;3;10
189378;01/02/2025;t;$30.00;;3;10
189378;02/02/2025;t;$30.00;;3;10
189378;03/02/2025;t;$30.00;;3;10
189378;04/02/2025;t;$30.00;;3;10
189378;05/02/2025;t;$30.00;;3;10
189378;06/02/2025;t;$30.00;;3;10
189378;07/02/2025;t;$30.00;;3;10
189378;08/02/2025;t;$30.00;;3;10
189378;09/02/2025;t;$30.00;;3;10
189378;10/02/2025;t;$30.00;;3;10
189378;11/02/2025;t;$30.00;;3;10
189378;12/02/2025;t;$30.00;;3;10
189378;13/02/2025;t;$30.00;;3;10
189378;14/02/2025;t;$30.00;;3;10
189378;15/02/2025;t;$30.00;;3;10
189378;16/02/2025;t;$30.00;;3;10
189378;17/02/2025;t;$30.00;;3;10
189378;18/02/2025;t;$30.00;;3;10
189378;19/02/2025;t;$30.00;;3;10
189378;20/02/2025;t;$30.00;;3;10
189378;21/02/2025;t;$30.00;;3;10
189378;22/02/2025;t;$30.00;;3;10
189378;23/02/2025;t;$30.00;;3;10
189378;24/02/2025;t;$30.00;;3;10
189378;25/02/2025;t;$30.00;;3;10
189378;26/02/2025;t;$30.00;;3;10
189378;27/02/2025;t;$30.00;;3;10
189378;28/02/2025;t;$30.00;;3;10
189378;01/03/2025;t;$30.00;;3;10
189378;02/03/2025;t;$30.00;;3;10
189378;03/03/2025;t;$30.00;;3;10
189378;04/03/2025;t;$30.00;;3;10
189378;05/03/2025;t;$30.00;;3;10
189378;06/03/2025;t;$30.00;;3;10
189378;07/03/2025;t;$30.00;;3;10
189378;08/03/2025;f;$30.00;;3;10
189378;09/03/2025;f;$30.00;;3;10
189378;10/03/2025;f;$30.00;;3;10
189378;11/03/2025;f;$30.00;;3;10
189378;12/03/2025;f;$30.00;;3;10
189378;13/03/2025;f;$30.00;;3;10
189378;14/03/2025;f;$30.00;;3;10
189378;15/03/2025;f;$30.00;;3;10
189378;16/03/2025;f;$30.00;;3;10
189378;17/03/2025;f;$30.00;;3;10
189378;18/03/2025;f;$30.00;;3;10
189378;19/03/2025;f;$30.00;;3;10
189378;20/03/2025;f;$30.00;;3;10
189378;21/03/2025;f;$30.00;;3;10
189378;22/03/2025;f;$30.00;;3;10
189378;23/03/2025;f;$30.00;;3;10
189378;24/03/2025;f;$30.00;;3;10
189378;25/03/2025;f;$30.00;;3;10
189378;26/03/2025;f;$30.00;;3;10
189378;27/03/2025;f;$30.00;;3;10
189378;28/03/2025;f;$30.00;;3;10
189378;29/03/2025;f;$30.00;;3;10
189378;30/03/2025;f;$30.00;;3;10
189378;31/03/2025;f;$30.00;;3;10
189378;01/04/2025;f;$30.00;;3;10
189378;02/04/2025;f;$30.00;;3;10
189378;03/04/2025;f;$30.00;;3;10
189378;04/04/2025;f;$30.00;;3;10
189378;05/04/2025;f;$30.00;;3;10
189378;06/04/2025;f;$30.00;;3;10
189378;07/04/2025;f;$30.00;;3;10
189378;08/04/2025;f;$30.00;;3;10
189378;09/04/2025;f;$30.00;;3;10
189378;10/04/2025;f;$30.00;;3;10
189378;11/04/2025;f;$30.00;;3;10
189378;12/04/2025;f;$30.00;;3;10
189378;13/04/2025;f;$30.00;;3;10
189378;14/04/2025;f;$30.00;;3;10
189378;15/04/2025;f;$30.00;;3;10
189378;16/04/2025;f;$30.00;;3;10
189378;17/04/2025;f;$30.00;;3;10
189378;18/04/2025;f;$30.00;;3;10
189378;19/04/2025;f;$30.00;;3;10
189378;20/04/2025;f;$30.00;;3;10
189378;21/04/2025;f;$30.00;;3;10
189378;22/04/2025;f;$30.00;;3;10
189378;23/04/2025;f;$30.00;;3;10
189378;24/04/2025;f;$30.00;;3;10
189378;25/04/2025;f;$30.00;;3;10
189378;26/04/2025;f;$30.00;;3;10
189378;27/04/2025;f;$30.00;;3;10
189378;28/04/2025;f;$30.00;;3;10
189378;29/04/2025;f;$30.00;;3;10
189378;30/04/2025;f;$30.00;;3;10
189378;01/05/2025;f;$30.00;;3;10
189378;02/05/2025;f;$30.00;;3;10
189378;03/05/2025;f;$30.00;;3;10
189378;04/05/2025;f;$30.00;;3;10
189378;05/05/2025;f;$30.00;;3;10
189378;06/05/2025;f;$30.00;;3;10
189378;07/05/2025;f;$30.00;;3;10
189378;08/05/2025;f;$30.00;;3;10
189378;09/05/2025;f;$30.00;;3;10
189378;10/05/2025;f;$30.00;;3;10
189378;11/05/2025;f;$30.00;;3;10
189378;12/05/2025;f;$30.00;;3;10
189378;13/05/2025;f;$30.00;;3;10
189378;14/05/2025;f;$30.00;;3;10
189378;15/05/2025;f;$30.00;;3;10
189378;16/05/2025;f;$30.00;;3;10
189378;17/05/2025;f;$30.00;;3;10
189378;18/05/2025;f;$30.00;;3;10
189378;19/05/2025;f;$30.00;;3;10
189378;20/05/2025;f;$30.00;;3;10
189378;21/05/2025;f;$30.00;;3;10
189378;22/05/2025;f;$30.00;;3;10
189378;23/05/2025;f;$30.00;;3;10
189378;24/05/2025;f;$30.00;;3;10
189378;25/05/2025;f;$30.00;;3;10
189378;26/05/2025;f;$30.00;;3;10
189378;27/05/2025;f;$30.00;;3;10
189378;28/05/2025;f;$30.00;;3;10
189378;29/05/2025;f;$30.00;;3;10
189378;30/05/2025;f;$30.00;;3;10
189378;31/05/2025;f;$30.00;;3;10
189378;01/06/2025;f;$30.00;;3;10
189378;02/06/2025;f;$30.00;;3;10
189378;03/06/2025;f;$30.00;;3;10
189378;04/06/2025;f;$30.00;;3;10
189378;05/06/2025;f;$30.00;;3;10
189378;06/06/2025;f;$30.00;;3;10
189378;07/06/2025;f;$30.00;;3;10
189378;08/06/2025;f;$30.00;;3;10
189378;09/06/2025;f;$30.00;;3;10
189378;10/06/2025;f;$30.00;;3;10
189378;11/06/2025;f;$30.00;;3;10
189378;12/06/2025;f;$30.00;;3;10
189378;13/06/2025;f;$30.00;;3;10
189378;14/06/2025;f;$30.00;;3;10
189378;15/06/2025;f;$30.00;;3;10
189378;16/06/2025;f;$30.00;;3;10
189378;17/06/2025;f;$30.00;;3;10
189378;18/06/2025;f;$30.00;;3;10
189378;19/06/2025;f;$30.00;;3;10
189378;20/06/2025;f;$30.00;;3;10
189378;21/06/2025;f;$30.00;;3;10
189378;22/06/2025;f;$30.00;;3;10
189378;23/06/2025;f;$30.00;;3;10
189378;24/06/2025;f;$30.00;;3;10
189378;25/06/2025;f;$30.00;;3;10
189378;26/06/2025;f;$30.00;;3;10
189378;27/06/2025;f;$30.00;;3;10
189378;28/06/2025;f;$30.00;;3;10
189378;29/06/2025;f;$30.00;;3;10
189378;30/06/2025;f;$30.00;;3;10
189378;01/07/2025;f;$30.00;;3;10
189378;02/07/2025;f;$30.00;;3;10
189378;03/07/2025;f;$30.00;;3;10
189378;04/07/2025;f;$30.00;;3;10
189378;05/07/2025;f;$30.00;;3;10
189378;06/07/2025;f;$30.00;;3;10
189378;07/07/2025;f;$30.00;;3;10
189378;08/07/2025;f;$30.00;;3;10
189378;09/07/2025;f;$30.00;;3;10
189378;10/07/2025;f;$30.00;;3;10
189378;11/07/2025;f;$30.00;;3;10
189378;12/07/2025;f;$30.00;;3;10
189378;13/07/2025;f;$30.00;;3;10
189378;14/07/2025;f;$30.00;;3;10
189378;15/07/2025;f;$30.00;;3;10
189378;16/07/2025;f;$30.00;;3;10
189378;17/07/2025;f;$30.00;;3;10
189378;18/07/2025;f;$30.00;;3;10
189378;19/07/2025;f;$30.00;;3;10
189378;20/07/2025;f;$30.00;;3;10
189378;21/07/2025;f;$30.00;;3;10
189378;22/07/2025;f;$30.00;;3;10
189378;23/07/2025;f;$30.00;;3;10
189378;24/07/2025;f;$30.00;;3;10
189378;25/07/2025;f;$30.00;;3;10
189378;26/07/2025;f;$30.00;;3;10
189378;27/07/2025;f;$30.00;;3;10
189378;28/07/2025;f;$30.00;;3;10
189378;29/07/2025;f;$30.00;;3;10
189378;30/07/2025;f;$30.00;;3;10
189378;31/07/2025;f;$30.00;;3;10
189378;01/08/2025;f;$30.00;;3;10
189378;02/08/2025;f;$30.00;;3;10
189378;03/08/2025;f;$30.00;;3;10
189378;04/08/2025;f;$30.00;;3;10
189378;05/08/2025;f;$30.00;;3;10
189378;06/08/2025;f;$30.00;;3;10
189378;07/08/2025;f;$30.00;;3;10
189378;08/08/2025;f;$30.00;;3;10
189378;09/08/2025;f;$30.00;;3;10
189378;10/08/2025;f;$30.00;;3;10
189378;11/08/2025;f;$30.00;;3;10
189378;12/08/2025;f;$30.00;;3;10
189378;13/08/2025;f;$30.00;;3;10
189378;14/08/2025;f;$30.00;;3;10
189378;15/08/2025;f;$30.00;;3;10
189378;16/08/2025;f;$30.00;;3;10
189378;17/08/2025;f;$30.00;;3;10
189378;18/08/2025;f;$30.00;;3;10
189378;19/08/2025;f;$30.00;;3;10
189378;20/08/2025;f;$30.00;;3;10
189378;21/08/2025;f;$30.00;;3;10
189378;22/08/2025;f;$30.00;;3;10
189378;23/08/2025;f;$30.00;;3;10
189378;24/08/2025;f;$30.00;;3;10
189378;25/08/2025;f;$30.00;;3;10
189378;26/08/2025;f;$30.00;;3;10
189378;27/08/2025;f;$30.00;;3;10
189378;28/08/2025;f;$30.00;;3;10
189378;29/08/2025;f;$30.00;;3;10
189378;30/08/2025;f;$30.00;;3;10
189378;31/08/2025;f;$30.00;;3;10
189378;01/09/2025;f;$30.00;;3;10
189378;02/09/2025;f;$30.00;;3;10
189378;03/09/2025;f;$30.00;;3;10
189378;04/09/2025;f;$30.00;;3;10
189378;05/09/2025;f;$30.00;;3;10
189378;06/09/2025;f;$30.00;;3;10
189378;07/09/2025;f;$30.00;;3;10
189378;08/09/2025;f;$30.00;;3;10
189378;09/09/2025;f;$30.00;;3;10
189378;10/09/2025;f;$30.00;;3;10
189378;11/09/2025;f;$30.00;;3;10
189378;12/09/2025;f;$30.00;;3;10
189378;13/09/2025;f;$30.00;;3;10
189378;14/09/2025;f;$30.00;;3;10
189378;15/09/2025;f;$30.00;;3;10
189378;16/09/2025;f;$30.00;;3;10
189378;17/09/2025;f;$30.00;;3;10
189378;18/09/2025;f;$30.00;;3;10
189378;19/09/2025;f;$30.00;;3;10
189378;20/09/2025;f;$30.00;;3;10
189378;21/09/2025;f;$30.00;;3;10
189378;22/09/2025;f;$30.00;;3;10
189378;23/09/2025;f;$30.00;;3;10
189378;24/09/2025;f;$30.00;;3;10
189378;25/09/2025;f;$30.00;;3;10
189378;26/09/2025;f;$30.00;;3;10
189378;27/09/2025;f;$30.00;;3;10
189378;28/09/2025;f;$30.00;;3;10
189378;29/09/2025;f;$30.00;;3;10
189378;30/09/2025;f;$30.00;;3;10
189378;01/10/2025;f;$30.00;;3;10
189378;02/10/2025;f;$30.00;;3;10
189378;03/10/2025;f;$30.00;;3;10
189378;04/10/2025;f;$30.00;;3;10
189378;05/10/2025;f;$30.00;;3;10
189378;06/10/2025;f;$30.00;;3;10
189378;07/10/2025;f;$30.00;;3;10
189378;08/10/2025;f;$30.00;;3;10
189378;09/10/2025;f;$30.00;;3;10
189378;10/10/2025;f;$30.00;;3;10
189378;11/10/2025;f;$30.00;;3;10
189378;12/10/2025;f;$30.00;;3;10
189378;13/10/2025;f;$30.00;;3;10
189378;14/10/2025;f;$30.00;;3;10
189378;15/10/2025;f;$30.00;;3;10
189378;16/10/2025;f;$30.00;;3;10
189378;17/10/2025;f;$30.00;;3;10
189378;18/10/2025;f;$30.00;;3;10
189378;19/10/2025;f;$30.00;;3;10
189378;20/10/2025;f;$30.00;;3;10
189378;21/10/2025;f;$30.00;;3;10
189378;22/10/2025;f;$30.00;;3;10
189378;23/10/2025;f;$30.00;;3;10
189378;24/10/2025;f;$30.00;;3;10
189378;25/10/2025;f;$30.00;;3;10
189378;26/10/2025;f;$30.00;;3;10
189378;27/10/2025;f;$30.00;;3;10
189378;28/10/2025;f;$30.00;;3;10
189378;29/10/2025;f;$30.00;;3;10
189378;30/10/2025;f;$30.00;;3;10
189378;31/10/2025;f;$30.00;;3;10
189378;01/11/2025;f;$30.00;;3;10
189378;02/11/2025;f;$30.00;;3;10
189378;03/11/2025;f;$30.00;;3;10
189378;04/11/2025;f;$30.00;;3;10
189378;05/11/2025;f;$30.00;;3;10
189378;06/11/2025;f;$30.00;;3;10
189378;07/11/2025;f;$30.00;;3;10
189378;08/11/2025;f;$30.00;;3;10
189378;09/11/2025;f;$30.00;;3;10
189378;10/11/2025;f;$30.00;;3;10
189378;11/11/2025;f;$30.00;;3;10
189378;12/11/2025;f;$30.00;;3;10
189378;13/11/2025;f;$30.00;;3;10
189378;14/11/2025;f;$30.00;;3;10
189378;15/11/2025;f;$30.00;;3;10
189378;16/11/2025;f;$30.00;;3;10
189378;17/11/2025;f;$30.00;;3;10
189378;18/11/2025;f;$30.00;;3;10
189378;19/11/2025;f;$30.00;;3;10
189378;20/11/2025;f;$30.00;;3;10
189378;21/11/2025;f;$30.00;;3;10
189378;22/11/2025;f;$30.00;;3;10
189378;23/11/2025;f;$30.00;;3;10
189378;24/11/2025;f;$30.00;;3;10
189378;25/11/2025;f;$30.00;;3;10
189378;26/11/2025;f;$30.00;;3;10
189378;27/11/2025;f;$30.00;;3;10
189378;28/11/2025;f;$30.00;;3;10
189378;29/11/2025;f;$30.00;;3;10
189378;30/11/2025;f;$30.00;;3;10
189378;01/12/2025;f;$30.00;;3;10
189378;02/12/2025;f;$30.00;;3;10
189378;03/12/2025;f;$30.00;;3;10
189378;04/12/2025;f;$30.00;;3;10
189378;05/12/2025;f;$30.00;;3;10
189378;06/12/2025;f;$30.00;;3;10
189378;07/12/2025;f;$30.00;;3;10
191531;10/12/2024;f;$150.00;;365;730
191531;11/12/2024;f;$150.00;;365;730
191531;12/12/2024;f;$150.00;;365;730
191531;13/12/2024;f;$150.00;;365;730
191531;14/12/2024;f;$150.00;;365;730
191531;15/12/2024;f;$150.00;;365;730
191531;16/12/2024;f;$150.00;;365;730
191531;17/12/2024;f;$150.00;;365;730
191531;18/12/2024;f;$150.00;;365;730
191531;19/12/2024;f;$150.00;;365;730
191531;20/12/2024;f;$150.00;;365;730
191531;21/12/2024;f;$150.00;;365;730
191531;22/12/2024;f;$150.00;;365;730
191531;23/12/2024;f;$150.00;;365;730
191531;24/12/2024;f;$150.00;;365;730
191531;25/12/2024;f;$150.00;;365;730
191531;26/12/2024;f;$150.00;;365;730
191531;27/12/2024;f;$150.00;;365;730
191531;28/12/2024;f;$150.00;;365;730
191531;29/12/2024;f;$150.00;;365;730
191531;30/12/2024;f;$150.00;;365;730
191531;31/12/2024;f;$150.00;;365;730
191531;01/01/2025;f;$150.00;;365;730
191531;02/01/2025;f;$150.00;;365;730
191531;03/01/2025;f;$150.00;;365;730
191531;04/01/2025;f;$150.00;;365;730
191531;05/01/2025;f;$150.00;;365;730
191531;06/01/2025;f;$150.00;;365;730
191531;07/01/2025;f;$150.00;;365;730
191531;08/01/2025;f;$150.00;;365;730
191531;09/01/2025;f;$150.00;;365;730
191531;10/01/2025;f;$150.00;;365;730
191531;11/01/2025;f;$150.00;;365;730
191531;12/01/2025;f;$150.00;;365;730
191531;13/01/2025;f;$150.00;;365;730
191531;14/01/2025;f;$150.00;;365;730
191531;15/01/2025;f;$150.00;;365;730
191531;16/01/2025;f;$150.00;;365;730
191531;17/01/2025;f;$150.00;;365;730
191531;18/01/2025;f;$150.00;;365;730
191531;19/01/2025;f;$150.00;;365;730
191531;20/01/2025;f;$150.00;;365;730
191531;21/01/2025;f;$150.00;;365;730
191531;22/01/2025;f;$150.00;;365;730
191531;23/01/2025;f;$150.00;;365;730
191531;24/01/2025;f;$150.00;;365;730
191531;25/01/2025;f;$150.00;;365;730
191531;26/01/2025;f;$150.00;;365;730
191531;27/01/2025;f;$150.00;;365;730
191531;28/01/2025;f;$150.00;;365;730
191531;29/01/2025;f;$150.00;;365;730
191531;30/01/2025;f;$150.00;;365;730
191531;31/01/2025;f;$150.00;;365;730
191531;01/02/2025;f;$150.00;;365;730
191531;02/02/2025;f;$150.00;;365;730
191531;03/02/2025;f;$150.00;;365;730
191531;04/02/2025;f;$150.00;;365;730
191531;05/02/2025;f;$150.00;;365;730
191531;06/02/2025;f;$150.00;;365;730
191531;07/02/2025;f;$150.00;;365;730
191531;08/02/2025;f;$150.00;;365;730
191531;09/02/2025;f;$150.00;;365;730
191531;10/02/2025;f;$150.00;;365;730
191531;11/02/2025;f;$150.00;;365;730
191531;12/02/2025;f;$150.00;;365;730
191531;13/02/2025;f;$150.00;;365;730
191531;14/02/2025;f;$150.00;;365;730
191531;15/02/2025;f;$150.00;;365;730
191531;16/02/2025;f;$150.00;;365;730
191531;17/02/2025;f;$150.00;;365;730
191531;18/02/2025;f;$150.00;;365;730
191531;19/02/2025;f;$150.00;;365;730
191531;20/02/2025;f;$150.00;;365;730
191531;21/02/2025;f;$150.00;;365;730
191531;22/02/2025;f;$150.00;;365;730
191531;23/02/2025;f;$150.00;;365;730
191531;24/02/2025;f;$150.00;;365;730
191531;25/02/2025;f;$150.00;;365;730
191531;26/02/2025;f;$150.00;;365;730
191531;27/02/2025;f;$150.00;;365;730
191531;28/02/2025;f;$150.00;;365;730
191531;01/03/2025;f;$150.00;;365;730
191531;02/03/2025;f;$150.00;;365;730
191531;03/03/2025;f;$150.00;;365;730
191531;04/03/2025;f;$150.00;;365;730
191531;05/03/2025;f;$150.00;;365;730
191531;06/03/2025;f;$150.00;;365;730
191531;07/03/2025;f;$150.00;;365;730
191531;08/03/2025;f;$150.00;;365;730
191531;09/03/2025;f;$150.00;;365;730
191531;10/03/2025;f;$150.00;;365;730
191531;11/03/2025;f;$150.00;;365;730
191531;12/03/2025;f;$150.00;;365;730
191531;13/03/2025;f;$150.00;;365;730
191531;14/03/2025;f;$150.00;;365;730
191531;15/03/2025;f;$150.00;;365;730
191531;16/03/2025;f;$150.00;;365;730
191531;17/03/2025;f;$150.00;;365;730
191531;18/03/2025;f;$150.00;;365;730
191531;19/03/2025;f;$150.00;;365;730
191531;20/03/2025;f;$150.00;;365;730
191531;21/03/2025;f;$150.00;;365;730
191531;22/03/2025;f;$150.00;;365;730
191531;23/03/2025;f;$150.00;;365;730
191531;24/03/2025;f;$150.00;;365;730
191531;25/03/2025;f;$150.00;;365;730
191531;26/03/2025;f;$150.00;;365;730
191531;27/03/2025;f;$150.00;;365;730
191531;28/03/2025;f;$150.00;;365;730
191531;29/03/2025;f;$150.00;;365;730
191531;30/03/2025;f;$150.00;;365;730
191531;31/03/2025;f;$150.00;;365;730
191531;01/04/2025;f;$150.00;;365;730
191531;02/04/2025;f;$150.00;;365;730
191531;03/04/2025;f;$150.00;;365;730
191531;04/04/2025;f;$150.00;;365;730
191531;05/04/2025;f;$150.00;;365;730
191531;06/04/2025;f;$150.00;;365;730
191531;07/04/2025;f;$150.00;;365;730
191531;08/04/2025;f;$150.00;;365;730
191531;09/04/2025;f;$150.00;;365;730
191531;10/04/2025;f;$150.00;;365;730
191531;11/04/2025;f;$150.00;;365;730
191531;12/04/2025;f;$150.00;;365;730
191531;13/04/2025;f;$150.00;;365;730
191531;14/04/2025;f;$150.00;;365;730
191531;15/04/2025;f;$150.00;;365;730
191531;16/04/2025;f;$150.00;;365;730
191531;17/04/2025;f;$150.00;;365;730
191531;18/04/2025;f;$150.00;;365;730
191531;19/04/2025;f;$150.00;;365;730
191531;20/04/2025;f;$150.00;;365;730
191531;21/04/2025;f;$150.00;;365;730
191531;22/04/2025;f;$150.00;;365;730
191531;23/04/2025;f;$150.00;;365;730
191531;24/04/2025;f;$150.00;;365;730
191531;25/04/2025;f;$150.00;;365;730
191531;26/04/2025;f;$150.00;;365;730
191531;27/04/2025;f;$150.00;;365;730
191531;28/04/2025;f;$150.00;;365;730
191531;29/04/2025;f;$150.00;;365;730
191531;30/04/2025;f;$150.00;;365;730
191531;01/05/2025;f;$150.00;;365;730
191531;02/05/2025;f;$150.00;;365;730
191531;03/05/2025;f;$150.00;;365;730
191531;04/05/2025;f;$150.00;;365;730
191531;05/05/2025;f;$150.00;;365;730
191531;06/05/2025;f;$150.00;;365;730
191531;07/05/2025;f;$150.00;;365;730
191531;08/05/2025;f;$150.00;;365;730
191531;09/05/2025;f;$150.00;;365;730
191531;10/05/2025;f;$150.00;;365;730
191531;11/05/2025;f;$150.00;;365;730
191531;12/05/2025;f;$150.00;;365;730
191531;13/05/2025;f;$150.00;;365;730
191531;14/05/2025;f;$150.00;;365;730
191531;15/05/2025;f;$150.00;;365;730
191531;16/05/2025;f;$150.00;;365;730
191531;17/05/2025;f;$150.00;;365;730
191531;18/05/2025;f;$150.00;;365;730
191531;19/05/2025;f;$150.00;;365;730
191531;20/05/2025;f;$150.00;;365;730
191531;21/05/2025;f;$150.00;;365;730
191531;22/05/2025;f;$150.00;;365;730
191531;23/05/2025;f;$150.00;;365;730
191531;24/05/2025;f;$150.00;;365;730
191531;25/05/2025;f;$150.00;;365;730
191531;26/05/2025;f;$150.00;;365;730
191531;27/05/2025;f;$150.00;;365;730
191531;28/05/2025;f;$150.00;;365;730
191531;29/05/2025;f;$150.00;;365;730
191531;30/05/2025;f;$150.00;;365;730
191531;31/05/2025;f;$150.00;;365;730
191531;01/06/2025;f;$150.00;;365;730
191531;02/06/2025;f;$150.00;;365;730
191531;03/06/2025;f;$150.00;;365;730
191531;04/06/2025;f;$150.00;;365;730
191531;05/06/2025;f;$150.00;;365;730
191531;06/06/2025;f;$150.00;;365;730
191531;07/06/2025;f;$150.00;;365;730
191531;08/06/2025;f;$150.00;;365;730
191531;09/06/2025;f;$150.00;;365;730
191531;10/06/2025;f;$150.00;;365;730
191531;11/06/2025;f;$150.00;;365;730
191531;12/06/2025;f;$150.00;;365;730
191531;13/06/2025;f;$150.00;;365;730
191531;14/06/2025;f;$150.00;;365;730
191531;15/06/2025;f;$150.00;;365;730
191531;16/06/2025;f;$150.00;;365;730
191531;17/06/2025;f;$150.00;;365;730
191531;18/06/2025;f;$150.00;;365;730
191531;19/06/2025;f;$150.00;;365;730
191531;20/06/2025;f;$150.00;;365;730
191531;21/06/2025;f;$150.00;;365;730
191531;22/06/2025;f;$150.00;;365;730
191531;23/06/2025;f;$150.00;;365;730
191531;24/06/2025;f;$150.00;;365;730
191531;25/06/2025;f;$150.00;;365;730
191531;26/06/2025;f;$150.00;;365;730
191531;27/06/2025;f;$150.00;;365;730
191531;28/06/2025;f;$150.00;;365;730
191531;29/06/2025;f;$150.00;;365;730
191531;30/06/2025;f;$150.00;;365;730
191531;01/07/2025;f;$150.00;;365;730
191531;02/07/2025;f;$150.00;;365;730
191531;03/07/2025;f;$150.00;;365;730
191531;04/07/2025;f;$150.00;;365;730
191531;05/07/2025;f;$150.00;;365;730
191531;06/07/2025;f;$150.00;;365;730
191531;07/07/2025;f;$150.00;;365;730
191531;08/07/2025;f;$150.00;;365;730
191531;09/07/2025;f;$150.00;;365;730
191531;10/07/2025;f;$150.00;;365;730
191531;11/07/2025;f;$150.00;;365;730
191531;12/07/2025;f;$150.00;;365;730
191531;13/07/2025;f;$150.00;;365;730
191531;14/07/2025;f;$150.00;;365;730
191531;15/07/2025;f;$150.00;;365;730
191531;16/07/2025;f;$150.00;;365;730
191531;17/07/2025;f;$150.00;;365;730
191531;18/07/2025;f;$150.00;;365;730
191531;19/07/2025;f;$150.00;;365;730
191531;20/07/2025;f;$150.00;;365;730
191531;21/07/2025;f;$150.00;;365;730
191531;22/07/2025;f;$150.00;;365;730
191531;23/07/2025;f;$150.00;;365;730
191531;24/07/2025;f;$150.00;;365;730
191531;25/07/2025;f;$150.00;;365;730
191531;26/07/2025;f;$150.00;;365;730
191531;27/07/2025;f;$150.00;;365;730
191531;28/07/2025;f;$150.00;;365;730
191531;29/07/2025;f;$150.00;;365;730
191531;30/07/2025;f;$150.00;;365;730
191531;31/07/2025;f;$150.00;;365;730
191531;01/08/2025;f;$150.00;;365;730
191531;02/08/2025;f;$150.00;;365;730
191531;03/08/2025;f;$150.00;;365;730
191531;04/08/2025;f;$150.00;;365;730
191531;05/08/2025;f;$150.00;;365;730
191531;06/08/2025;f;$150.00;;365;730
191531;07/08/2025;f;$150.00;;365;730
191531;08/08/2025;f;$150.00;;365;730
191531;09/08/2025;f;$150.00;;365;730
191531;10/08/2025;f;$150.00;;365;730
191531;11/08/2025;f;$150.00;;365;730
191531;12/08/2025;f;$150.00;;365;730
191531;13/08/2025;f;$150.00;;365;730
191531;14/08/2025;f;$150.00;;365;730
191531;15/08/2025;f;$150.00;;365;730
191531;16/08/2025;f;$150.00;;365;730
191531;17/08/2025;f;$150.00;;365;730
191531;18/08/2025;f;$150.00;;365;730
191531;19/08/2025;f;$150.00;;365;730
191531;20/08/2025;f;$150.00;;365;730
191531;21/08/2025;f;$150.00;;365;730
191531;22/08/2025;f;$150.00;;365;730
191531;23/08/2025;f;$150.00;;365;730
191531;24/08/2025;f;$150.00;;365;730
191531;25/08/2025;f;$150.00;;365;730
191531;26/08/2025;f;$150.00;;365;730
191531;27/08/2025;f;$150.00;;365;730
191531;28/08/2025;f;$150.00;;365;730
191531;29/08/2025;f;$150.00;;365;730
191531;30/08/2025;f;$150.00;;365;730
191531;31/08/2025;f;$150.00;;365;730
191531;01/09/2025;f;$150.00;;365;730
191531;02/09/2025;f;$150.00;;365;730
191531;03/09/2025;f;$150.00;;365;730
191531;04/09/2025;f;$150.00;;365;730
191531;05/09/2025;f;$150.00;;365;730
191531;06/09/2025;f;$150.00;;365;730
191531;07/09/2025;f;$150.00;;365;730
191531;08/09/2025;f;$150.00;;365;730
191531;09/09/2025;f;$150.00;;365;730
191531;10/09/2025;f;$150.00;;365;730
191531;11/09/2025;f;$150.00;;365;730
191531;12/09/2025;f;$150.00;;365;730
191531;13/09/2025;f;$150.00;;365;730
191531;14/09/2025;f;$150.00;;365;730
191531;15/09/2025;f;$150.00;;365;730
191531;16/09/2025;f;$150.00;;365;730
191531;17/09/2025;f;$150.00;;365;730
191531;18/09/2025;f;$150.00;;365;730
191531;19/09/2025;f;$150.00;;365;730
191531;20/09/2025;f;$150.00;;365;730
191531;21/09/2025;f;$150.00;;365;730
191531;22/09/2025;f;$150.00;;365;730
191531;23/09/2025;f;$150.00;;365;730
191531;24/09/2025;f;$150.00;;365;730
191531;25/09/2025;f;$150.00;;365;730
191531;26/09/2025;f;$150.00;;365;730
191531;27/09/2025;f;$150.00;;365;730
191531;28/09/2025;f;$150.00;;365;730
191531;29/09/2025;f;$150.00;;365;730
191531;30/09/2025;f;$150.00;;365;730
191531;01/10/2025;f;$150.00;;365;730
191531;02/10/2025;f;$150.00;;365;730
191531;03/10/2025;f;$150.00;;365;730
191531;04/10/2025;f;$150.00;;365;730
191531;05/10/2025;f;$150.00;;365;730
191531;06/10/2025;f;$150.00;;365;730
191531;07/10/2025;f;$150.00;;365;730
191531;08/10/2025;f;$150.00;;365;730
191531;09/10/2025;f;$150.00;;365;730
191531;10/10/2025;f;$150.00;;365;730
191531;11/10/2025;f;$150.00;;365;730
191531;12/10/2025;f;$150.00;;365;730
191531;13/10/2025;f;$150.00;;365;730
191531;14/10/2025;f;$150.00;;365;730
191531;15/10/2025;f;$150.00;;365;730
191531;16/10/2025;f;$150.00;;365;730
191531;17/10/2025;f;$150.00;;365;730
191531;18/10/2025;f;$150.00;;365;730
191531;19/10/2025;f;$150.00;;365;730
191531;20/10/2025;f;$150.00;;365;730
191531;21/10/2025;f;$150.00;;365;730
191531;22/10/2025;f;$150.00;;365;730
191531;23/10/2025;f;$150.00;;365;730
191531;24/10/2025;f;$150.00;;365;730
191531;25/10/2025;f;$150.00;;365;730
191531;26/10/2025;f;$150.00;;365;730
191531;27/10/2025;f;$150.00;;365;730
191531;28/10/2025;f;$150.00;;365;730
191531;29/10/2025;f;$150.00;;365;730
191531;30/10/2025;f;$150.00;;365;730
191531;31/10/2025;f;$150.00;;365;730
191531;01/11/2025;f;$150.00;;365;730
191531;02/11/2025;f;$150.00;;365;730
191531;03/11/2025;f;$150.00;;365;730
191531;04/11/2025;f;$150.00;;365;730
191531;05/11/2025;f;$150.00;;365;730
191531;06/11/2025;f;$150.00;;365;730
191531;07/11/2025;f;$150.00;;365;730
191531;08/11/2025;f;$150.00;;365;730
191531;09/11/2025;f;$150.00;;365;730
191531;10/11/2025;f;$150.00;;365;730
191531;11/11/2025;f;$150.00;;365;730
191531;12/11/2025;f;$150.00;;365;730
191531;13/11/2025;f;$150.00;;365;730
191531;14/11/2025;f;$150.00;;365;730
191531;15/11/2025;f;$150.00;;365;730
191531;16/11/2025;f;$150.00;;365;730
191531;17/11/2025;f;$150.00;;365;730
191531;18/11/2025;f;$150.00;;365;730
191531;19/11/2025;f;$150.00;;365;730
191531;20/11/2025;f;$150.00;;365;730
191531;21/11/2025;f;$150.00;;365;730
191531;22/11/2025;f;$150.00;;365;730
191531;23/11/2025;f;$150.00;;365;730
191531;24/11/2025;f;$150.00;;365;730
191531;25/11/2025;f;$150.00;;365;730
191531;26/11/2025;f;$150.00;;365;730
191531;27/11/2025;f;$150.00;;365;730
191531;28/11/2025;f;$150.00;;365;730
191531;29/11/2025;f;$150.00;;365;730
191531;30/11/2025;f;$150.00;;365;730
191531;01/12/2025;f;$150.00;;365;730
191531;02/12/2025;f;$150.00;;365;730
191531;03/12/2025;f;$150.00;;365;730
191531;04/12/2025;f;$150.00;;365;730
191531;05/12/2025;f;$150.00;;365;730
191531;06/12/2025;f;$150.00;;365;730
191531;07/12/2025;f;$150.00;;365;730
191531;08/12/2025;f;$150.00;;365;730
191531;09/12/2025;f;$150.00;;365;730
192162;09/12/2024;f;$78.00;;4;90
192162;10/12/2024;f;$78.00;;3;90
192162;11/12/2024;f;$78.00;;5;90
192162;12/12/2024;f;$78.00;;4;90
192162;13/12/2024;f;$78.00;;3;90
192162;14/12/2024;f;$78.00;;4;90
192162;15/12/2024;f;$78.00;;4;90
192162;16/12/2024;f;$78.00;;3;90
192162;17/12/2024;f;$78.00;;3;90
192162;18/12/2024;f;$78.00;;3;90
192162;19/12/2024;f;$78.00;;2;90
192162;20/12/2024;f;$78.00;;2;90
192162;21/12/2024;f;$78.00;;4;90
192162;22/12/2024;f;$78.00;;4;90
192162;23/12/2024;f;$78.00;;4;90
192162;24/12/2024;t;$78.00;;3;90
192162;25/12/2024;t;$78.00;;5;90
192162;26/12/2024;f;$78.00;;4;90
192162;27/12/2024;f;$78.00;;3;90
192162;28/12/2024;f;$78.00;;4;90
192162;29/12/2024;f;$78.00;;4;90
192162;30/12/2024;f;$78.00;;4;90
192162;31/12/2024;f;$78.00;;3;90
192162;01/01/2025;f;$78.00;;5;90
192162;02/01/2025;f;$78.00;;4;90
192162;03/01/2025;f;$78.00;;3;90
192162;04/01/2025;f;$78.00;;4;90
192162;05/01/2025;f;$78.00;;4;90
192162;06/01/2025;f;$78.00;;4;90
192162;07/01/2025;f;$78.00;;3;90
192162;08/01/2025;f;$78.00;;5;90
192162;09/01/2025;f;$78.00;;4;90
192162;10/01/2025;f;$78.00;;3;90
192162;11/01/2025;f;$78.00;;4;90
192162;12/01/2025;f;$78.00;;4;90
192162;13/01/2025;f;$78.00;;4;90
192162;14/01/2025;f;$78.00;;3;90
192162;15/01/2025;f;$78.00;;5;90
192162;16/01/2025;f;$78.00;;4;90
192162;17/01/2025;f;$78.00;;3;90
192162;18/01/2025;f;$78.00;;4;90
192162;19/01/2025;f;$78.00;;4;90
192162;20/01/2025;f;$78.00;;4;90
192162;21/01/2025;f;$78.00;;3;90
192162;22/01/2025;f;$78.00;;5;90
192162;23/01/2025;f;$78.00;;4;90
192162;24/01/2025;f;$78.00;;3;90
192162;25/01/2025;f;$78.00;;4;90
192162;26/01/2025;f;$78.00;;4;90
192162;27/01/2025;f;$78.00;;4;90
192162;28/01/2025;f;$78.00;;3;90
192162;29/01/2025;f;$78.00;;5;90
192162;30/01/2025;f;$78.00;;4;90
192162;31/01/2025;f;$78.00;;3;90
192162;01/02/2025;f;$78.00;;4;90
192162;02/02/2025;f;$78.00;;4;90
192162;03/02/2025;f;$78.00;;4;90
192162;04/02/2025;f;$78.00;;3;90
192162;05/02/2025;f;$78.00;;5;90
192162;06/02/2025;f;$78.00;;4;90
192162;07/02/2025;f;$78.00;;3;90
192162;08/02/2025;f;$78.00;;4;90
192162;09/02/2025;f;$78.00;;4;90
192162;10/02/2025;f;$78.00;;4;90
192162;11/02/2025;f;$78.00;;3;90
192162;12/02/2025;f;$78.00;;5;90
192162;13/02/2025;f;$78.00;;4;90
192162;14/02/2025;f;$78.00;;3;90
192162;15/02/2025;f;$78.00;;4;90
192162;16/02/2025;f;$78.00;;4;90
192162;17/02/2025;f;$78.00;;4;90
192162;18/02/2025;f;$78.00;;3;90
192162;19/02/2025;f;$78.00;;5;90
192162;20/02/2025;f;$78.00;;4;90
192162;21/02/2025;f;$78.00;;3;90
192162;22/02/2025;f;$78.00;;4;90
192162;23/02/2025;f;$78.00;;4;90
192162;24/02/2025;f;$78.00;;4;90
192162;25/02/2025;f;$78.00;;3;90
192162;26/02/2025;f;$78.00;;5;90
192162;27/02/2025;f;$78.00;;4;90
192162;28/02/2025;f;$78.00;;3;90
192162;01/03/2025;f;$78.00;;4;90
192162;02/03/2025;f;$78.00;;4;90
192162;03/03/2025;f;$78.00;;4;90
192162;04/03/2025;f;$78.00;;3;90
192162;05/03/2025;f;$78.00;;5;90
192162;06/03/2025;f;$78.00;;4;90
192162;07/03/2025;f;$78.00;;3;90
192162;08/03/2025;f;$78.00;;4;90
192162;09/03/2025;f;$78.00;;4;90
192162;10/03/2025;f;$78.00;;4;90
192162;11/03/2025;f;$78.00;;3;90
192162;12/03/2025;f;$78.00;;5;90
192162;13/03/2025;f;$78.00;;4;90
192162;14/03/2025;f;$78.00;;3;90
192162;15/03/2025;f;$78.00;;4;90
192162;16/03/2025;f;$78.00;;4;90
192162;17/03/2025;f;$78.00;;4;90
192162;18/03/2025;f;$78.00;;3;90
192162;19/03/2025;f;$78.00;;5;90
192162;20/03/2025;f;$78.00;;4;90
192162;21/03/2025;f;$78.00;;3;90
192162;22/03/2025;f;$78.00;;4;90
192162;23/03/2025;f;$78.00;;4;90
192162;24/03/2025;f;$78.00;;4;90
192162;25/03/2025;f;$78.00;;3;90
192162;26/03/2025;f;$78.00;;5;90
192162;27/03/2025;f;$78.00;;4;90
192162;28/03/2025;f;$78.00;;3;90
192162;29/03/2025;f;$78.00;;4;90
192162;30/03/2025;f;$78.00;;4;90
192162;31/03/2025;f;$78.00;;4;90
192162;01/04/2025;f;$78.00;;3;90
192162;02/04/2025;f;$78.00;;5;90
192162;03/04/2025;f;$78.00;;4;90
192162;04/04/2025;f;$78.00;;3;90
192162;05/04/2025;f;$78.00;;4;90
192162;06/04/2025;f;$78.00;;4;90
192162;07/04/2025;f;$78.00;;4;90
192162;08/04/2025;f;$78.00;;3;90
192162;09/04/2025;f;$78.00;;5;90
192162;10/04/2025;f;$78.00;;4;90
192162;11/04/2025;f;$78.00;;3;90
192162;12/04/2025;f;$78.00;;4;90
192162;13/04/2025;f;$78.00;;4;90
192162;14/04/2025;f;$78.00;;4;90
192162;15/04/2025;f;$78.00;;3;90
192162;16/04/2025;f;$78.00;;5;90
192162;17/04/2025;f;$78.00;;4;90
192162;18/04/2025;f;$78.00;;3;90
192162;19/04/2025;f;$78.00;;4;90
192162;20/04/2025;f;$78.00;;4;90
192162;21/04/2025;f;$78.00;;4;90
192162;22/04/2025;f;$78.00;;3;90
192162;23/04/2025;f;$78.00;;5;90
192162;24/04/2025;f;$78.00;;4;90
192162;25/04/2025;f;$78.00;;3;90
192162;26/04/2025;f;$78.00;;4;90
192162;27/04/2025;f;$78.00;;4;90
192162;28/04/2025;f;$78.00;;4;90
192162;29/04/2025;f;$78.00;;3;90
192162;30/04/2025;f;$78.00;;5;90
192162;01/05/2025;f;$78.00;;4;90
192162;02/05/2025;f;$78.00;;3;90
192162;03/05/2025;f;$78.00;;4;90
192162;04/05/2025;f;$78.00;;4;90
192162;05/05/2025;f;$78.00;;4;90
192162;06/05/2025;f;$78.00;;3;90
192162;07/05/2025;f;$78.00;;5;90
192162;08/05/2025;f;$78.00;;4;90
192162;09/05/2025;f;$78.00;;3;90
192162;10/05/2025;f;$78.00;;4;90
192162;11/05/2025;f;$78.00;;4;90
192162;12/05/2025;f;$78.00;;4;90
192162;13/05/2025;f;$78.00;;3;90
192162;14/05/2025;f;$78.00;;5;90
192162;15/05/2025;f;$78.00;;4;90
192162;16/05/2025;f;$78.00;;3;90
192162;17/05/2025;f;$78.00;;4;90
192162;18/05/2025;f;$78.00;;4;90
192162;19/05/2025;f;$78.00;;4;90
192162;20/05/2025;f;$78.00;;3;90
192162;21/05/2025;f;$78.00;;5;90
192162;22/05/2025;f;$78.00;;4;90
192162;23/05/2025;f;$78.00;;3;90
192162;24/05/2025;f;$78.00;;4;90
192162;25/05/2025;f;$78.00;;4;90
192162;26/05/2025;f;$78.00;;4;90
192162;27/05/2025;f;$78.00;;3;90
192162;28/05/2025;f;$78.00;;5;90
192162;29/05/2025;f;$78.00;;4;90
192162;30/05/2025;f;$78.00;;3;90
192162;31/05/2025;f;$78.00;;4;90
192162;01/06/2025;f;$78.00;;4;90
192162;02/06/2025;f;$78.00;;4;90
192162;03/06/2025;f;$78.00;;3;90
192162;04/06/2025;f;$78.00;;5;90
192162;05/06/2025;f;$78.00;;4;90
192162;06/06/2025;f;$78.00;;3;90
192162;07/06/2025;f;$78.00;;4;90
192162;08/06/2025;f;$78.00;;4;90
192162;09/06/2025;f;$78.00;;4;90
192162;10/06/2025;f;$78.00;;3;90
192162;11/06/2025;f;$78.00;;5;90
192162;12/06/2025;f;$78.00;;4;90
192162;13/06/2025;f;$78.00;;3;90
192162;14/06/2025;f;$78.00;;4;90
192162;15/06/2025;f;$78.00;;4;90
192162;16/06/2025;f;$78.00;;4;90
192162;17/06/2025;f;$78.00;;3;90
192162;18/06/2025;f;$78.00;;5;90
192162;19/06/2025;f;$78.00;;4;90
192162;20/06/2025;f;$78.00;;3;90
192162;21/06/2025;f;$78.00;;4;90
192162;22/06/2025;f;$78.00;;4;90
192162;23/06/2025;f;$78.00;;4;90
192162;24/06/2025;f;$78.00;;3;90
192162;25/06/2025;f;$78.00;;5;90
192162;26/06/2025;f;$78.00;;4;90
192162;27/06/2025;f;$78.00;;3;90
192162;28/06/2025;f;$78.00;;4;90
192162;29/06/2025;f;$78.00;;4;90
192162;30/06/2025;f;$78.00;;4;90
192162;01/07/2025;f;$78.00;;3;90
192162;02/07/2025;f;$78.00;;5;90
192162;03/07/2025;f;$78.00;;4;90
192162;04/07/2025;f;$78.00;;3;90
192162;05/07/2025;f;$78.00;;4;90
192162;06/07/2025;f;$78.00;;4;90
192162;07/07/2025;f;$78.00;;4;90
192162;08/07/2025;f;$78.00;;3;90
192162;09/07/2025;f;$78.00;;5;90
192162;10/07/2025;f;$78.00;;4;90
192162;11/07/2025;f;$78.00;;3;90
192162;12/07/2025;f;$78.00;;4;90
192162;13/07/2025;f;$78.00;;4;90
192162;14/07/2025;f;$78.00;;4;90
192162;15/07/2025;f;$78.00;;3;90
192162;16/07/2025;f;$78.00;;5;90
192162;17/07/2025;f;$78.00;;4;90
192162;18/07/2025;f;$78.00;;3;90
192162;19/07/2025;f;$78.00;;4;90
192162;20/07/2025;f;$78.00;;4;90
192162;21/07/2025;f;$78.00;;4;90
192162;22/07/2025;f;$78.00;;3;90
192162;23/07/2025;f;$78.00;;5;90
192162;24/07/2025;f;$78.00;;4;90
192162;25/07/2025;f;$78.00;;3;90
192162;26/07/2025;f;$78.00;;4;90
192162;27/07/2025;f;$78.00;;4;90
192162;28/07/2025;f;$78.00;;4;90
192162;29/07/2025;f;$78.00;;3;90
192162;30/07/2025;f;$78.00;;5;90
192162;31/07/2025;f;$78.00;;4;90
192162;01/08/2025;f;$78.00;;3;90
192162;02/08/2025;f;$78.00;;4;90
192162;03/08/2025;f;$78.00;;4;90
192162;04/08/2025;f;$78.00;;4;90
192162;05/08/2025;f;$78.00;;3;90
192162;06/08/2025;f;$78.00;;5;90
192162;07/08/2025;f;$78.00;;4;90
192162;08/08/2025;f;$78.00;;3;90
192162;09/08/2025;f;$78.00;;4;90
192162;10/08/2025;f;$78.00;;4;90
192162;11/08/2025;f;$78.00;;4;90
192162;12/08/2025;f;$78.00;;3;90
192162;13/08/2025;f;$78.00;;5;90
192162;14/08/2025;f;$78.00;;4;90
192162;15/08/2025;f;$78.00;;3;90
192162;16/08/2025;f;$78.00;;4;90
192162;17/08/2025;f;$78.00;;4;90
192162;18/08/2025;f;$78.00;;4;90
192162;19/08/2025;f;$78.00;;3;90
192162;20/08/2025;f;$78.00;;5;90
192162;21/08/2025;f;$78.00;;4;90
192162;22/08/2025;f;$78.00;;3;90
192162;23/08/2025;f;$78.00;;4;90
192162;24/08/2025;f;$78.00;;4;90
192162;25/08/2025;f;$78.00;;4;90
192162;26/08/2025;f;$78.00;;3;90
192162;27/08/2025;f;$78.00;;5;90
192162;28/08/2025;f;$78.00;;4;90
192162;29/08/2025;f;$78.00;;3;90
192162;30/08/2025;f;$78.00;;4;90
192162;31/08/2025;f;$78.00;;4;90
192162;01/09/2025;f;$78.00;;4;90
192162;02/09/2025;f;$78.00;;3;90
192162;03/09/2025;f;$78.00;;5;90
192162;04/09/2025;f;$78.00;;4;90
192162;05/09/2025;f;$78.00;;3;90
192162;06/09/2025;f;$78.00;;4;90
192162;07/09/2025;f;$78.00;;4;90
192162;08/09/2025;f;$78.00;;4;90
192162;09/09/2025;f;$78.00;;3;90
192162;10/09/2025;f;$78.00;;5;90
192162;11/09/2025;f;$78.00;;4;90
192162;12/09/2025;f;$78.00;;3;90
192162;13/09/2025;f;$78.00;;4;90
192162;14/09/2025;f;$78.00;;4;90
192162;15/09/2025;f;$78.00;;4;90
192162;16/09/2025;f;$78.00;;3;90
192162;17/09/2025;f;$78.00;;5;90
192162;18/09/2025;f;$78.00;;4;90
192162;19/09/2025;f;$78.00;;3;90
192162;20/09/2025;f;$78.00;;4;90
192162;21/09/2025;f;$78.00;;4;90
192162;22/09/2025;f;$78.00;;4;90
192162;23/09/2025;f;$78.00;;3;90
192162;24/09/2025;f;$78.00;;5;90
192162;25/09/2025;f;$78.00;;4;90
192162;26/09/2025;f;$78.00;;3;90
192162;27/09/2025;f;$78.00;;4;90
192162;28/09/2025;f;$78.00;;4;90
192162;29/09/2025;f;$78.00;;4;90
192162;30/09/2025;f;$78.00;;3;90
192162;01/10/2025;f;$78.00;;5;90
192162;02/10/2025;f;$78.00;;4;90
192162;03/10/2025;f;$78.00;;3;90
192162;04/10/2025;f;$78.00;;4;90
192162;05/10/2025;f;$78.00;;4;90
192162;06/10/2025;f;$78.00;;4;90
192162;07/10/2025;f;$78.00;;3;90
192162;08/10/2025;f;$78.00;;5;90
192162;09/10/2025;f;$78.00;;4;90
192162;10/10/2025;f;$78.00;;3;90
192162;11/10/2025;f;$78.00;;4;90
192162;12/10/2025;f;$78.00;;4;90
192162;13/10/2025;f;$78.00;;4;90
192162;14/10/2025;f;$78.00;;3;90
192162;15/10/2025;f;$78.00;;5;90
192162;16/10/2025;f;$78.00;;4;90
192162;17/10/2025;f;$78.00;;3;90
192162;18/10/2025;f;$78.00;;4;90
192162;19/10/2025;f;$78.00;;4;90
192162;20/10/2025;f;$78.00;;4;90
192162;21/10/2025;f;$78.00;;3;90
192162;22/10/2025;f;$78.00;;5;90
192162;23/10/2025;f;$78.00;;4;90
192162;24/10/2025;f;$78.00;;3;90
192162;25/10/2025;f;$78.00;;4;90
192162;26/10/2025;f;$78.00;;4;90
192162;27/10/2025;f;$78.00;;4;90
192162;28/10/2025;f;$78.00;;3;90
192162;29/10/2025;f;$78.00;;5;90
192162;30/10/2025;f;$78.00;;4;90
192162;31/10/2025;f;$78.00;;3;90
192162;01/11/2025;f;$78.00;;4;90
192162;02/11/2025;f;$78.00;;4;90
192162;03/11/2025;f;$78.00;;4;90
192162;04/11/2025;f;$78.00;;3;90
192162;05/11/2025;f;$78.00;;5;90
192162;06/11/2025;f;$78.00;;4;90
192162;07/11/2025;f;$78.00;;3;90
192162;08/11/2025;f;$78.00;;4;90
192162;09/11/2025;f;$78.00;;4;90
192162;10/11/2025;f;$78.00;;4;90
192162;11/11/2025;f;$78.00;;3;90
192162;12/11/2025;f;$78.00;;5;90
192162;13/11/2025;f;$78.00;;4;90
192162;14/11/2025;f;$78.00;;3;90
192162;15/11/2025;f;$78.00;;4;90
192162;16/11/2025;f;$78.00;;4;90
192162;17/11/2025;f;$78.00;;4;90
192162;18/11/2025;f;$78.00;;3;90
192162;19/11/2025;f;$78.00;;5;90
192162;20/11/2025;f;$78.00;;4;90
192162;21/11/2025;f;$78.00;;3;90
192162;22/11/2025;f;$78.00;;4;90
192162;23/11/2025;f;$78.00;;4;90
192162;24/11/2025;f;$78.00;;4;90
192162;25/11/2025;f;$78.00;;3;90
192162;26/11/2025;f;$78.00;;5;90
192162;27/11/2025;f;$78.00;;4;90
192162;28/11/2025;f;$78.00;;3;90
192162;29/11/2025;f;$78.00;;4;90
192162;30/11/2025;f;$78.00;;4;90
192162;01/12/2025;f;$78.00;;4;90
192162;02/12/2025;f;$78.00;;3;90
192162;03/12/2025;f;$78.00;;5;90
192162;04/12/2025;f;$78.00;;4;90
192162;05/12/2025;f;$78.00;;3;90
192162;06/12/2025;f;$78.00;;4;90
192162;07/12/2025;f;$78.00;;4;90
192162;08/12/2025;f;$78.00;;4;90
193632;08/12/2024;f;$100.00;;2;1125
193632;09/12/2024;f;$100.00;;2;1125
193632;10/12/2024;f;$100.00;;2;1125
193632;11/12/2024;f;$100.00;;2;1125
193632;12/12/2024;f;$100.00;;2;1125
193632;13/12/2024;f;$100.00;;2;1125
193632;14/12/2024;t;$100.00;;2;1125
193632;15/12/2024;t;$100.00;;2;1125
193632;16/12/2024;t;$100.00;;2;1125
193632;17/12/2024;t;$100.00;;2;1125
193632;18/12/2024;t;$100.00;;2;1125
193632;19/12/2024;t;$100.00;;2;1125
193632;20/12/2024;t;$100.00;;2;1125
193632;21/12/2024;t;$100.00;;2;1125
193632;22/12/2024;t;$100.00;;2;1125
193632;23/12/2024;t;$100.00;;2;1125
193632;24/12/2024;t;$100.00;;2;1125
193632;25/12/2024;t;$100.00;;2;1125
193632;26/12/2024;t;$100.00;;2;1125
193632;27/12/2024;t;$100.00;;2;1125
193632;28/12/2024;f;$100.00;;2;1125
193632;29/12/2024;f;$100.00;;2;1125
193632;30/12/2024;f;$100.00;;2;1125
193632;31/12/2024;f;$100.00;;2;1125
193632;01/01/2025;f;$100.00;;2;1125
193632;02/01/2025;f;$100.00;;2;1125
193632;03/01/2025;f;$100.00;;1;1125
193632;04/01/2025;t;$100.00;;2;1125
193632;05/01/2025;t;$100.00;;2;1125
193632;06/01/2025;t;$100.00;;2;1125
193632;07/01/2025;t;$100.00;;2;1125
193632;08/01/2025;t;$100.00;;2;1125
193632;09/01/2025;t;$100.00;;2;1125
193632;10/01/2025;t;$100.00;;2;1125
193632;11/01/2025;t;$100.00;;2;1125
193632;12/01/2025;t;$100.00;;2;1125
193632;13/01/2025;t;$100.00;;2;1125
193632;14/01/2025;t;$100.00;;2;1125
193632;15/01/2025;t;$100.00;;2;1125
193632;16/01/2025;t;$100.00;;2;1125
193632;17/01/2025;t;$100.00;;2;1125
193632;18/01/2025;t;$100.00;;2;1125
193632;19/01/2025;t;$100.00;;2;1125
193632;20/01/2025;f;$100.00;;2;1125
193632;21/01/2025;f;$100.00;;2;1125
193632;22/01/2025;f;$100.00;;2;1125
193632;23/01/2025;f;$100.00;;2;1125
193632;24/01/2025;f;$100.00;;2;1125
193632;25/01/2025;t;$100.00;;2;1125
193632;26/01/2025;t;$100.00;;2;1125
193632;27/01/2025;t;$100.00;;2;1125
193632;28/01/2025;t;$100.00;;2;1125
193632;29/01/2025;t;$100.00;;2;1125
193632;30/01/2025;t;$100.00;;2;1125
193632;31/01/2025;f;$100.00;;2;1125
193632;01/02/2025;f;$100.00;;2;1125
193632;02/02/2025;t;$100.00;;2;1125
193632;03/02/2025;t;$100.00;;2;1125
193632;04/02/2025;t;$100.00;;2;1125
193632;05/02/2025;t;$100.00;;2;1125
193632;06/02/2025;t;$100.00;;2;1125
193632;07/02/2025;t;$100.00;;2;1125
193632;08/02/2025;t;$100.00;;2;1125
193632;09/02/2025;t;$100.00;;2;1125
193632;10/02/2025;t;$100.00;;2;1125
193632;11/02/2025;t;$100.00;;2;1125
193632;12/02/2025;t;$100.00;;2;1125
193632;13/02/2025;t;$100.00;;2;1125
193632;14/02/2025;t;$100.00;;2;1125
193632;15/02/2025;f;$100.00;;2;1125
193632;16/02/2025;f;$100.00;;2;1125
193632;17/02/2025;f;$100.00;;2;1125
193632;18/02/2025;f;$100.00;;2;1125
193632;19/02/2025;f;$100.00;;2;1125
193632;20/02/2025;f;$100.00;;2;1125
193632;21/02/2025;f;$100.00;;2;1125
193632;22/02/2025;t;$100.00;;2;1125
193632;23/02/2025;t;$100.00;;2;1125
193632;24/02/2025;t;$100.00;;2;1125
193632;25/02/2025;t;$100.00;;2;1125
193632;26/02/2025;t;$100.00;;2;1125
193632;27/02/2025;f;$100.00;;2;1125
193632;28/02/2025;f;$100.00;;2;1125
193632;01/03/2025;f;$100.00;;2;1125
193632;02/03/2025;f;$100.00;;2;1125
193632;03/03/2025;f;$100.00;;2;1125
193632;04/03/2025;f;$100.00;;2;1125
193632;05/03/2025;f;$100.00;;2;1125
193632;06/03/2025;f;$100.00;;2;1125
193632;07/03/2025;f;$100.00;;2;1125
193632;08/03/2025;f;$100.00;;2;1125
193632;09/03/2025;f;$100.00;;2;1125
193632;10/03/2025;f;$100.00;;2;1125
193632;11/03/2025;t;$100.00;;2;1125
193632;12/03/2025;t;$100.00;;2;1125
193632;13/03/2025;t;$100.00;;2;1125
193632;14/03/2025;t;$100.00;;2;1125
193632;15/03/2025;t;$100.00;;2;1125
193632;16/03/2025;t;$100.00;;2;1125
193632;17/03/2025;t;$100.00;;2;1125
193632;18/03/2025;t;$100.00;;2;1125
193632;19/03/2025;t;$100.00;;2;1125
193632;20/03/2025;t;$100.00;;2;1125
193632;21/03/2025;t;$100.00;;2;1125
193632;22/03/2025;t;$100.00;;2;1125
193632;23/03/2025;t;$100.00;;2;1125
193632;24/03/2025;t;$100.00;;2;1125
193632;25/03/2025;t;$100.00;;2;1125
193632;26/03/2025;t;$100.00;;2;1125
193632;27/03/2025;t;$100.00;;2;1125
193632;28/03/2025;t;$100.00;;2;1125
193632;29/03/2025;t;$100.00;;2;1125
193632;30/03/2025;t;$100.00;;2;1125
193632;31/03/2025;t;$100.00;;2;1125
193632;01/04/2025;t;$100.00;;2;1125
193632;02/04/2025;t;$100.00;;2;1125
193632;03/04/2025;t;$100.00;;2;1125
193632;04/04/2025;t;$100.00;;2;1125
193632;05/04/2025;t;$100.00;;2;1125
193632;06/04/2025;t;$100.00;;2;1125
193632;07/04/2025;t;$100.00;;2;1125
193632;08/04/2025;t;$100.00;;2;1125
193632;09/04/2025;t;$100.00;;2;1125
193632;10/04/2025;t;$100.00;;2;1125
193632;11/04/2025;t;$100.00;;2;1125
193632;12/04/2025;t;$100.00;;2;1125
193632;13/04/2025;t;$100.00;;2;1125
193632;14/04/2025;t;$100.00;;2;1125
193632;15/04/2025;t;$100.00;;2;1125
193632;16/04/2025;t;$100.00;;2;1125
193632;17/04/2025;t;$100.00;;2;1125
193632;18/04/2025;t;$100.00;;2;1125
193632;19/04/2025;t;$100.00;;2;1125
193632;20/04/2025;t;$100.00;;2;1125
193632;21/04/2025;t;$100.00;;2;1125
193632;22/04/2025;t;$100.00;;2;1125
193632;23/04/2025;t;$100.00;;2;1125
193632;24/04/2025;t;$100.00;;2;1125
193632;25/04/2025;t;$100.00;;2;1125
193632;26/04/2025;t;$100.00;;2;1125
193632;27/04/2025;t;$100.00;;2;1125
193632;28/04/2025;t;$100.00;;2;1125
193632;29/04/2025;t;$100.00;;2;1125
193632;30/04/2025;t;$100.00;;2;1125
193632;01/05/2025;t;$100.00;;2;1125
193632;02/05/2025;t;$100.00;;2;1125
193632;03/05/2025;t;$100.00;;2;1125
193632;04/05/2025;t;$100.00;;2;1125
193632;05/05/2025;t;$100.00;;2;1125
193632;06/05/2025;t;$100.00;;2;1125
193632;07/05/2025;t;$100.00;;2;1125
193632;08/05/2025;t;$100.00;;2;1125
193632;09/05/2025;t;$100.00;;2;1125
193632;10/05/2025;t;$100.00;;2;1125
193632;11/05/2025;t;$100.00;;2;1125
193632;12/05/2025;t;$100.00;;2;1125
193632;13/05/2025;t;$100.00;;2;1125
193632;14/05/2025;t;$100.00;;2;1125
193632;15/05/2025;t;$100.00;;2;1125
193632;16/05/2025;t;$100.00;;2;1125
193632;17/05/2025;t;$100.00;;2;1125
193632;18/05/2025;t;$100.00;;2;1125
193632;19/05/2025;t;$100.00;;2;1125
193632;20/05/2025;t;$100.00;;2;1125
193632;21/05/2025;t;$100.00;;2;1125
193632;22/05/2025;t;$100.00;;2;1125
193632;23/05/2025;f;$100.00;;2;1125
193632;24/05/2025;f;$100.00;;2;1125
193632;25/05/2025;f;$100.00;;2;1125
193632;26/05/2025;t;$100.00;;2;1125
193632;27/05/2025;t;$100.00;;2;1125
193632;28/05/2025;t;$100.00;;2;1125
193632;29/05/2025;t;$100.00;;2;1125
193632;30/05/2025;t;$100.00;;2;1125
193632;31/05/2025;t;$100.00;;2;1125
193632;01/06/2025;t;$100.00;;2;1125
193632;02/06/2025;t;$100.00;;2;1125
193632;03/06/2025;t;$100.00;;2;1125
193632;04/06/2025;t;$100.00;;2;1125
193632;05/06/2025;t;$100.00;;2;1125
193632;06/06/2025;t;$100.00;;2;1125
193632;07/06/2025;t;$100.00;;2;1125
193632;08/06/2025;t;$100.00;;2;1125
193632;09/06/2025;t;$100.00;;2;1125
193632;10/06/2025;t;$100.00;;2;1125
193632;11/06/2025;t;$100.00;;2;1125
193632;12/06/2025;t;$100.00;;2;1125
193632;13/06/2025;t;$100.00;;2;1125
193632;14/06/2025;t;$100.00;;2;1125
193632;15/06/2025;t;$100.00;;2;1125
193632;16/06/2025;t;$100.00;;2;1125
193632;17/06/2025;t;$100.00;;2;1125
193632;18/06/2025;t;$100.00;;2;1125
193632;19/06/2025;t;$100.00;;2;1125
193632;20/06/2025;t;$100.00;;2;1125
193632;21/06/2025;t;$100.00;;2;1125
193632;22/06/2025;t;$100.00;;2;1125
193632;23/06/2025;t;$100.00;;2;1125
193632;24/06/2025;t;$100.00;;2;1125
193632;25/06/2025;t;$100.00;;2;1125
193632;26/06/2025;t;$100.00;;2;1125
193632;27/06/2025;t;$100.00;;2;1125
193632;28/06/2025;t;$100.00;;2;1125
193632;29/06/2025;t;$100.00;;2;1125
193632;30/06/2025;t;$100.00;;2;1125
193632;01/07/2025;t;$100.00;;2;1125
193632;02/07/2025;t;$100.00;;2;1125
193632;03/07/2025;t;$100.00;;2;1125
193632;04/07/2025;t;$100.00;;2;1125
193632;05/07/2025;t;$100.00;;2;1125
193632;06/07/2025;t;$100.00;;2;1125
193632;07/07/2025;t;$100.00;;2;1125
193632;08/07/2025;t;$100.00;;2;1125
193632;09/07/2025;t;$100.00;;2;1125
193632;10/07/2025;t;$100.00;;2;1125
193632;11/07/2025;t;$100.00;;2;1125
193632;12/07/2025;t;$100.00;;2;1125
193632;13/07/2025;t;$100.00;;2;1125
193632;14/07/2025;t;$100.00;;2;1125
193632;15/07/2025;t;$100.00;;2;1125
193632;16/07/2025;t;$100.00;;2;1125
193632;17/07/2025;t;$100.00;;2;1125
193632;18/07/2025;t;$100.00;;2;1125
193632;19/07/2025;t;$100.00;;2;1125
193632;20/07/2025;t;$100.00;;2;1125
193632;21/07/2025;t;$100.00;;2;1125
193632;22/07/2025;t;$100.00;;2;1125
193632;23/07/2025;t;$100.00;;2;1125
193632;24/07/2025;t;$100.00;;2;1125
193632;25/07/2025;t;$100.00;;2;1125
193632;26/07/2025;t;$100.00;;2;1125
193632;27/07/2025;t;$100.00;;2;1125
193632;28/07/2025;t;$100.00;;2;1125
193632;29/07/2025;t;$100.00;;2;1125
193632;30/07/2025;t;$100.00;;2;1125
193632;31/07/2025;t;$100.00;;2;1125
193632;01/08/2025;t;$100.00;;2;1125
193632;02/08/2025;t;$100.00;;2;1125
193632;03/08/2025;t;$100.00;;2;1125
193632;04/08/2025;t;$100.00;;2;1125
193632;05/08/2025;t;$100.00;;2;1125
193632;06/08/2025;t;$100.00;;2;1125
193632;07/08/2025;t;$100.00;;2;1125
193632;08/08/2025;t;$100.00;;2;1125
193632;09/08/2025;t;$100.00;;2;1125
193632;10/08/2025;t;$100.00;;2;1125
193632;11/08/2025;t;$100.00;;2;1125
193632;12/08/2025;t;$100.00;;2;1125
193632;13/08/2025;t;$100.00;;2;1125
193632;14/08/2025;t;$100.00;;2;1125
193632;15/08/2025;t;$100.00;;2;1125
193632;16/08/2025;t;$100.00;;2;1125
193632;17/08/2025;t;$100.00;;2;1125
193632;18/08/2025;t;$100.00;;2;1125
193632;19/08/2025;t;$100.00;;2;1125
193632;20/08/2025;t;$100.00;;2;1125
193632;21/08/2025;t;$100.00;;2;1125
193632;22/08/2025;t;$100.00;;2;1125
193632;23/08/2025;t;$100.00;;2;1125
193632;24/08/2025;t;$100.00;;2;1125
193632;25/08/2025;t;$100.00;;2;1125
193632;26/08/2025;t;$100.00;;2;1125
193632;27/08/2025;t;$100.00;;2;1125
193632;28/08/2025;t;$100.00;;2;1125
193632;29/08/2025;t;$100.00;;2;1125
193632;30/08/2025;t;$100.00;;2;1125
193632;31/08/2025;t;$100.00;;2;1125
193632;01/09/2025;t;$100.00;;2;1125
193632;02/09/2025;t;$100.00;;2;1125
193632;03/09/2025;f;$100.00;;2;1125
193632;04/09/2025;f;$100.00;;2;1125
193632;05/09/2025;f;$100.00;;2;1125
193632;06/09/2025;f;$100.00;;2;1125
193632;07/09/2025;f;$100.00;;2;1125
193632;08/09/2025;t;$100.00;;2;1125
193632;09/09/2025;t;$100.00;;2;1125
193632;10/09/2025;t;$100.00;;2;1125
193632;11/09/2025;t;$100.00;;2;1125
193632;12/09/2025;t;$100.00;;2;1125
193632;13/09/2025;t;$100.00;;2;1125
193632;14/09/2025;t;$100.00;;2;1125
193632;15/09/2025;t;$100.00;;2;1125
193632;16/09/2025;t;$100.00;;2;1125
193632;17/09/2025;t;$100.00;;2;1125
193632;18/09/2025;t;$100.00;;2;1125
193632;19/09/2025;t;$100.00;;2;1125
193632;20/09/2025;t;$100.00;;2;1125
193632;21/09/2025;t;$100.00;;2;1125
193632;22/09/2025;t;$100.00;;2;1125
193632;23/09/2025;t;$100.00;;2;1125
193632;24/09/2025;t;$100.00;;2;1125
193632;25/09/2025;t;$100.00;;2;1125
193632;26/09/2025;t;$100.00;;2;1125
193632;27/09/2025;t;$100.00;;2;1125
193632;28/09/2025;t;$100.00;;2;1125
193632;29/09/2025;t;$100.00;;2;1125
193632;30/09/2025;t;$100.00;;2;1125
193632;01/10/2025;t;$100.00;;2;1125
193632;02/10/2025;t;$100.00;;2;1125
193632;03/10/2025;t;$100.00;;2;1125
193632;04/10/2025;t;$100.00;;2;1125
193632;05/10/2025;t;$100.00;;2;1125
193632;06/10/2025;t;$100.00;;2;1125
193632;07/10/2025;t;$100.00;;2;1125
193632;08/10/2025;t;$100.00;;2;1125
193632;09/10/2025;t;$100.00;;2;1125
193632;10/10/2025;t;$100.00;;2;1125
193632;11/10/2025;t;$100.00;;2;1125
193632;12/10/2025;t;$100.00;;2;1125
193632;13/10/2025;t;$100.00;;2;1125
193632;14/10/2025;t;$100.00;;2;1125
193632;15/10/2025;t;$100.00;;2;1125
193632;16/10/2025;t;$100.00;;2;1125
193632;17/10/2025;t;$100.00;;2;1125
193632;18/10/2025;t;$100.00;;2;1125
193632;19/10/2025;t;$100.00;;2;1125
193632;20/10/2025;t;$100.00;;2;1125
193632;21/10/2025;t;$100.00;;2;1125
193632;22/10/2025;t;$100.00;;2;1125
193632;23/10/2025;t;$100.00;;2;1125
193632;24/10/2025;t;$100.00;;2;1125
193632;25/10/2025;t;$100.00;;2;1125
193632;26/10/2025;t;$100.00;;2;1125
193632;27/10/2025;t;$100.00;;2;1125
193632;28/10/2025;t;$100.00;;2;1125
193632;29/10/2025;t;$100.00;;2;1125
193632;30/10/2025;t;$100.00;;2;1125
193632;31/10/2025;t;$100.00;;2;1125
193632;01/11/2025;t;$100.00;;2;1125
193632;02/11/2025;t;$100.00;;2;1125
193632;03/11/2025;t;$100.00;;2;1125
193632;04/11/2025;t;$100.00;;2;1125
193632;05/11/2025;t;$100.00;;2;1125
193632;06/11/2025;t;$100.00;;2;1125
193632;07/11/2025;t;$100.00;;2;1125
193632;08/11/2025;t;$100.00;;2;1125
193632;09/11/2025;t;$100.00;;2;1125
193632;10/11/2025;t;$100.00;;2;1125
193632;11/11/2025;t;$100.00;;2;1125
193632;12/11/2025;t;$100.00;;2;1125
193632;13/11/2025;t;$100.00;;2;1125
193632;14/11/2025;t;$100.00;;2;1125
193632;15/11/2025;t;$100.00;;2;1125
193632;16/11/2025;t;$100.00;;2;1125
193632;17/11/2025;t;$100.00;;2;1125
193632;18/11/2025;t;$100.00;;2;1125
193632;19/11/2025;t;$100.00;;2;1125
193632;20/11/2025;t;$100.00;;2;1125
193632;21/11/2025;t;$100.00;;2;1125
193632;22/11/2025;t;$100.00;;2;1125
193632;23/11/2025;t;$100.00;;2;1125
193632;24/11/2025;t;$100.00;;2;1125
193632;25/11/2025;t;$100.00;;2;1125
193632;26/11/2025;t;$100.00;;2;1125
193632;27/11/2025;t;$100.00;;2;1125
193632;28/11/2025;t;$100.00;;2;1125
193632;29/11/2025;t;$100.00;;2;1125
193632;30/11/2025;t;$100.00;;2;1125
193632;01/12/2025;t;$100.00;;2;1125
193632;02/12/2025;t;$100.00;;2;1125
193632;03/12/2025;t;$100.00;;2;1125
193632;04/12/2025;t;$100.00;;2;1125
193632;05/12/2025;t;$100.00;;2;1125
193632;06/12/2025;t;$100.00;;2;1125
193632;07/12/2025;t;$100.00;;2;1125
200845;07/12/2024;f;$90.00;;30;365
200845;08/12/2024;f;$90.00;;30;365
200845;09/12/2024;f;$90.00;;30;365
200845;10/12/2024;f;$90.00;;30;365
200845;11/12/2024;f;$90.00;;30;365
200845;12/12/2024;f;$90.00;;30;365
200845;13/12/2024;f;$90.00;;30;365
200845;14/12/2024;f;$90.00;;30;365
200845;15/12/2024;f;$90.00;;30;365
200845;16/12/2024;f;$90.00;;30;365
200845;17/12/2024;f;$90.00;;30;365
200845;18/12/2024;f;$90.00;;30;365
200845;19/12/2024;f;$90.00;;30;365
200845;20/12/2024;f;$90.00;;30;365
200845;21/12/2024;f;$90.00;;30;365
200845;22/12/2024;f;$90.00;;30;365
200845;23/12/2024;f;$90.00;;30;365
200845;24/12/2024;f;$90.00;;30;365
200845;25/12/2024;f;$90.00;;30;365
200845;26/12/2024;f;$90.00;;30;365
200845;27/12/2024;f;$90.00;;30;365
200845;28/12/2024;f;$90.00;;30;365
200845;29/12/2024;f;$90.00;;30;365
200845;30/12/2024;f;$90.00;;30;365
200845;31/12/2024;f;$90.00;;30;365
200845;01/01/2025;f;$90.00;;30;365
200845;02/01/2025;f;$90.00;;30;365
200845;03/01/2025;f;$90.00;;30;365
200845;04/01/2025;f;$90.00;;30;365
200845;05/01/2025;f;$90.00;;30;365
200845;06/01/2025;f;$90.00;;30;365
200845;07/01/2025;f;$90.00;;30;365
200845;08/01/2025;f;$90.00;;30;365
200845;09/01/2025;f;$90.00;;30;365
200845;10/01/2025;f;$90.00;;30;365
200845;11/01/2025;t;$90.00;;30;365
200845;12/01/2025;t;$90.00;;30;365
200845;13/01/2025;t;$90.00;;30;365
200845;14/01/2025;t;$90.00;;30;365
200845;15/01/2025;t;$90.00;;30;365
200845;16/01/2025;t;$90.00;;30;365
200845;17/01/2025;t;$90.00;;30;365
200845;18/01/2025;t;$90.00;;30;365
200845;19/01/2025;t;$90.00;;30;365
200845;20/01/2025;t;$90.00;;30;365
200845;21/01/2025;t;$90.00;;30;365
200845;22/01/2025;t;$90.00;;30;365
200845;23/01/2025;t;$90.00;;30;365
200845;24/01/2025;t;$90.00;;30;365
200845;25/01/2025;t;$90.00;;30;365
200845;26/01/2025;t;$90.00;;30;365
200845;27/01/2025;t;$90.00;;30;365
200845;28/01/2025;t;$90.00;;30;365
200845;29/01/2025;t;$90.00;;30;365
200845;30/01/2025;t;$90.00;;30;365
200845;31/01/2025;t;$90.00;;30;365
200845;01/02/2025;t;$90.00;;30;365
200845;02/02/2025;t;$90.00;;30;365
200845;03/02/2025;t;$90.00;;30;365
200845;04/02/2025;t;$90.00;;30;365
200845;05/02/2025;t;$90.00;;30;365
200845;06/02/2025;t;$90.00;;30;365
200845;07/02/2025;t;$90.00;;30;365
200845;08/02/2025;t;$90.00;;30;365
200845;09/02/2025;t;$90.00;;30;365
200845;10/02/2025;t;$90.00;;30;365
200845;11/02/2025;t;$90.00;;30;365
200845;12/02/2025;t;$90.00;;30;365
200845;13/02/2025;t;$90.00;;30;365
200845;14/02/2025;t;$90.00;;30;365
200845;15/02/2025;t;$90.00;;30;365
200845;16/02/2025;t;$90.00;;30;365
200845;17/02/2025;t;$90.00;;30;365
200845;18/02/2025;t;$90.00;;30;365
200845;19/02/2025;t;$90.00;;30;365
200845;20/02/2025;t;$90.00;;30;365
200845;21/02/2025;t;$90.00;;30;365
200845;22/02/2025;t;$90.00;;30;365
200845;23/02/2025;t;$90.00;;30;365
200845;24/02/2025;t;$90.00;;30;365
200845;25/02/2025;t;$90.00;;30;365
200845;26/02/2025;t;$90.00;;30;365
200845;27/02/2025;t;$90.00;;30;365
200845;28/02/2025;t;$90.00;;30;365
200845;01/03/2025;t;$90.00;;30;365
200845;02/03/2025;t;$90.00;;30;365
200845;03/03/2025;t;$90.00;;30;365
200845;04/03/2025;t;$90.00;;30;365
200845;05/03/2025;t;$90.00;;30;365
200845;06/03/2025;t;$90.00;;30;365
200845;07/03/2025;t;$90.00;;30;365
200845;08/03/2025;t;$90.00;;30;365
200845;09/03/2025;t;$90.00;;30;365
200845;10/03/2025;t;$90.00;;30;365
200845;11/03/2025;t;$90.00;;30;365
200845;12/03/2025;t;$90.00;;30;365
200845;13/03/2025;t;$90.00;;30;365
200845;14/03/2025;t;$90.00;;30;365
200845;15/03/2025;t;$90.00;;30;365
200845;16/03/2025;t;$90.00;;30;365
200845;17/03/2025;t;$90.00;;30;365
200845;18/03/2025;t;$90.00;;30;365
200845;19/03/2025;t;$90.00;;30;365
200845;20/03/2025;t;$90.00;;30;365
200845;21/03/2025;t;$90.00;;30;365
200845;22/03/2025;t;$90.00;;30;365
200845;23/03/2025;t;$90.00;;30;365
200845;24/03/2025;t;$90.00;;30;365
200845;25/03/2025;t;$90.00;;30;365
200845;26/03/2025;t;$90.00;;30;365
200845;27/03/2025;t;$90.00;;30;365
200845;28/03/2025;t;$90.00;;30;365
200845;29/03/2025;t;$90.00;;30;365
200845;30/03/2025;t;$90.00;;30;365
200845;31/03/2025;t;$90.00;;30;365
200845;01/04/2025;t;$90.00;;30;365
200845;02/04/2025;t;$90.00;;30;365
200845;03/04/2025;t;$90.00;;30;365
200845;04/04/2025;t;$90.00;;30;365
200845;05/04/2025;t;$90.00;;30;365
200845;06/04/2025;t;$90.00;;30;365
200845;07/04/2025;t;$90.00;;30;365
200845;08/04/2025;t;$90.00;;30;365
200845;09/04/2025;t;$90.00;;30;365
200845;10/04/2025;t;$90.00;;30;365
200845;11/04/2025;t;$90.00;;30;365
200845;12/04/2025;t;$90.00;;30;365
200845;13/04/2025;t;$90.00;;30;365
200845;14/04/2025;t;$90.00;;30;365
200845;15/04/2025;t;$90.00;;30;365
200845;16/04/2025;t;$90.00;;30;365
200845;17/04/2025;t;$90.00;;30;365
200845;18/04/2025;t;$90.00;;30;365
200845;19/04/2025;t;$90.00;;30;365
200845;20/04/2025;t;$90.00;;30;365
200845;21/04/2025;t;$90.00;;30;365
200845;22/04/2025;t;$90.00;;30;365
200845;23/04/2025;t;$90.00;;30;365
200845;24/04/2025;t;$90.00;;30;365
200845;25/04/2025;t;$90.00;;30;365
200845;26/04/2025;t;$90.00;;30;365
200845;27/04/2025;t;$90.00;;30;365
200845;28/04/2025;t;$90.00;;30;365
200845;29/04/2025;t;$90.00;;30;365
200845;30/04/2025;t;$90.00;;30;365
200845;01/05/2025;t;$90.00;;30;365
200845;02/05/2025;t;$90.00;;30;365
200845;03/05/2025;t;$90.00;;30;365
200845;04/05/2025;t;$90.00;;30;365
200845;05/05/2025;t;$90.00;;30;365
200845;06/05/2025;t;$90.00;;30;365
200845;07/05/2025;t;$90.00;;30;365
200845;08/05/2025;t;$90.00;;30;365
200845;09/05/2025;t;$90.00;;30;365
200845;10/05/2025;t;$90.00;;30;365
200845;11/05/2025;t;$90.00;;30;365
200845;12/05/2025;t;$90.00;;30;365
200845;13/05/2025;t;$90.00;;30;365
200845;14/05/2025;t;$90.00;;30;365
200845;15/05/2025;t;$90.00;;30;365
200845;16/05/2025;t;$90.00;;30;365
200845;17/05/2025;t;$90.00;;30;365
200845;18/05/2025;t;$90.00;;30;365
200845;19/05/2025;t;$90.00;;30;365
200845;20/05/2025;t;$90.00;;30;365
200845;21/05/2025;t;$90.00;;30;365
200845;22/05/2025;t;$90.00;;30;365
200845;23/05/2025;t;$90.00;;30;365
200845;24/05/2025;t;$90.00;;30;365
200845;25/05/2025;t;$90.00;;30;365
200845;26/05/2025;t;$90.00;;30;365
200845;27/05/2025;t;$90.00;;30;365
200845;28/05/2025;t;$90.00;;30;365
200845;29/05/2025;t;$90.00;;30;365
200845;30/05/2025;t;$90.00;;30;365
200845;31/05/2025;t;$90.00;;30;365
200845;01/06/2025;t;$90.00;;30;365
200845;02/06/2025;t;$90.00;;30;365
200845;03/06/2025;t;$90.00;;30;365
200845;04/06/2025;t;$90.00;;30;365
200845;05/06/2025;t;$90.00;;30;365
200845;06/06/2025;t;$90.00;;30;365
200845;07/06/2025;t;$90.00;;30;365
200845;08/06/2025;t;$90.00;;30;365
200845;09/06/2025;t;$90.00;;30;365
200845;10/06/2025;t;$90.00;;30;365
200845;11/06/2025;t;$90.00;;30;365
200845;12/06/2025;t;$90.00;;30;365
200845;13/06/2025;t;$90.00;;30;365
200845;14/06/2025;t;$90.00;;30;365
200845;15/06/2025;t;$90.00;;30;365
200845;16/06/2025;t;$90.00;;30;365
200845;17/06/2025;t;$90.00;;30;365
200845;18/06/2025;t;$90.00;;30;365
200845;19/06/2025;t;$90.00;;30;365
200845;20/06/2025;t;$90.00;;30;365
200845;21/06/2025;t;$90.00;;30;365
200845;22/06/2025;t;$90.00;;30;365
200845;23/06/2025;t;$90.00;;30;365
200845;24/06/2025;t;$90.00;;30;365
200845;25/06/2025;t;$90.00;;30;365
200845;26/06/2025;t;$90.00;;30;365
200845;27/06/2025;t;$90.00;;30;365
200845;28/06/2025;t;$90.00;;30;365
200845;29/06/2025;t;$90.00;;30;365
200845;30/06/2025;t;$90.00;;30;365
200845;01/07/2025;t;$90.00;;30;365
200845;02/07/2025;t;$90.00;;30;365
200845;03/07/2025;t;$90.00;;30;365
200845;04/07/2025;t;$90.00;;30;365
200845;05/07/2025;t;$90.00;;30;365
200845;06/07/2025;t;$90.00;;30;365
200845;07/07/2025;t;$90.00;;30;365
200845;08/07/2025;t;$90.00;;30;365
200845;09/07/2025;t;$90.00;;30;365
200845;10/07/2025;t;$90.00;;30;365
200845;11/07/2025;t;$90.00;;30;365
200845;12/07/2025;t;$90.00;;30;365
200845;13/07/2025;t;$90.00;;30;365
200845;14/07/2025;t;$90.00;;30;365
200845;15/07/2025;t;$90.00;;30;365
200845;16/07/2025;t;$90.00;;30;365
200845;17/07/2025;t;$90.00;;30;365
200845;18/07/2025;t;$90.00;;30;365
200845;19/07/2025;t;$90.00;;30;365
200845;20/07/2025;t;$90.00;;30;365
200845;21/07/2025;t;$90.00;;30;365
200845;22/07/2025;t;$90.00;;30;365
200845;23/07/2025;t;$90.00;;30;365
200845;24/07/2025;t;$90.00;;30;365
200845;25/07/2025;t;$90.00;;30;365
200845;26/07/2025;t;$90.00;;30;365
200845;27/07/2025;t;$90.00;;30;365
200845;28/07/2025;t;$90.00;;30;365
200845;29/07/2025;t;$90.00;;30;365
200845;30/07/2025;t;$90.00;;30;365
200845;31/07/2025;t;$90.00;;30;365
200845;01/08/2025;t;$90.00;;30;365
200845;02/08/2025;t;$90.00;;30;365
200845;03/08/2025;t;$90.00;;30;365
200845;04/08/2025;t;$90.00;;30;365
200845;05/08/2025;t;$90.00;;30;365
200845;06/08/2025;t;$90.00;;30;365
200845;07/08/2025;t;$90.00;;30;365
200845;08/08/2025;t;$90.00;;30;365
200845;09/08/2025;t;$90.00;;30;365
200845;10/08/2025;t;$90.00;;30;365
200845;11/08/2025;t;$90.00;;30;365
200845;12/08/2025;t;$90.00;;30;365
200845;13/08/2025;t;$90.00;;30;365
200845;14/08/2025;t;$90.00;;30;365
200845;15/08/2025;t;$90.00;;30;365
200845;16/08/2025;t;$90.00;;30;365
200845;17/08/2025;t;$90.00;;30;365
200845;18/08/2025;t;$90.00;;30;365
200845;19/08/2025;t;$90.00;;30;365
200845;20/08/2025;t;$90.00;;30;365
200845;21/08/2025;t;$90.00;;30;365
200845;22/08/2025;t;$90.00;;30;365
200845;23/08/2025;t;$90.00;;30;365
200845;24/08/2025;t;$90.00;;30;365
200845;25/08/2025;t;$90.00;;30;365
200845;26/08/2025;t;$90.00;;30;365
200845;27/08/2025;t;$90.00;;30;365
200845;28/08/2025;t;$90.00;;30;365
200845;29/08/2025;t;$90.00;;30;365
200845;30/08/2025;t;$90.00;;30;365
200845;31/08/2025;t;$90.00;;30;365
200845;01/09/2025;t;$90.00;;30;365
200845;02/09/2025;t;$90.00;;30;365
200845;03/09/2025;t;$90.00;;30;365
200845;04/09/2025;t;$90.00;;30;365
200845;05/09/2025;t;$90.00;;30;365
200845;06/09/2025;t;$90.00;;30;365
200845;07/09/2025;t;$90.00;;30;365
200845;08/09/2025;t;$90.00;;30;365
200845;09/09/2025;t;$90.00;;30;365
200845;10/09/2025;t;$90.00;;30;365
200845;11/09/2025;t;$90.00;;30;365
200845;12/09/2025;t;$90.00;;30;365
200845;13/09/2025;t;$90.00;;30;365
200845;14/09/2025;t;$90.00;;30;365
200845;15/09/2025;t;$90.00;;30;365
200845;16/09/2025;t;$90.00;;30;365
200845;17/09/2025;t;$90.00;;30;365
200845;18/09/2025;t;$90.00;;30;365
200845;19/09/2025;t;$90.00;;30;365
200845;20/09/2025;t;$90.00;;30;365
200845;21/09/2025;t;$90.00;;30;365
200845;22/09/2025;t;$90.00;;30;365
200845;23/09/2025;t;$90.00;;30;365
200845;24/09/2025;t;$90.00;;30;365
200845;25/09/2025;t;$90.00;;30;365
200845;26/09/2025;t;$90.00;;30;365
200845;27/09/2025;t;$90.00;;30;365
200845;28/09/2025;t;$90.00;;30;365
200845;29/09/2025;t;$90.00;;30;365
200845;30/09/2025;t;$90.00;;30;365
200845;01/10/2025;t;$90.00;;30;365
200845;02/10/2025;t;$90.00;;30;365
200845;03/10/2025;t;$90.00;;30;365
200845;04/10/2025;t;$90.00;;30;365
200845;05/10/2025;t;$90.00;;30;365
200845;06/10/2025;t;$90.00;;30;365
200845;07/10/2025;t;$90.00;;30;365
200845;08/10/2025;t;$90.00;;30;365
200845;09/10/2025;t;$90.00;;30;365
200845;10/10/2025;t;$90.00;;30;365
200845;11/10/2025;t;$90.00;;30;365
200845;12/10/2025;t;$90.00;;30;365
200845;13/10/2025;t;$90.00;;30;365
200845;14/10/2025;t;$90.00;;30;365
200845;15/10/2025;t;$90.00;;30;365
200845;16/10/2025;t;$90.00;;30;365
200845;17/10/2025;t;$90.00;;30;365
200845;18/10/2025;t;$90.00;;30;365
200845;19/10/2025;t;$90.00;;30;365
200845;20/10/2025;t;$90.00;;30;365
200845;21/10/2025;t;$90.00;;30;365
200845;22/10/2025;t;$90.00;;30;365
200845;23/10/2025;t;$90.00;;30;365
200845;24/10/2025;t;$90.00;;30;365
200845;25/10/2025;t;$90.00;;30;365
200845;26/10/2025;t;$90.00;;30;365
200845;27/10/2025;t;$90.00;;30;365
200845;28/10/2025;t;$90.00;;30;365
200845;29/10/2025;t;$90.00;;30;365
200845;30/10/2025;t;$90.00;;30;365
200845;31/10/2025;t;$90.00;;30;365
200845;01/11/2025;t;$90.00;;30;365
200845;02/11/2025;t;$90.00;;30;365
200845;03/11/2025;t;$90.00;;30;365
200845;04/11/2025;t;$90.00;;30;365
200845;05/11/2025;t;$90.00;;30;365
200845;06/11/2025;t;$90.00;;30;365
200845;07/11/2025;t;$90.00;;30;365
200845;08/11/2025;t;$90.00;;30;365
200845;09/11/2025;t;$90.00;;30;365
200845;10/11/2025;t;$90.00;;30;365
200845;11/11/2025;t;$90.00;;30;365
200845;12/11/2025;t;$90.00;;30;365
200845;13/11/2025;t;$90.00;;30;365
200845;14/11/2025;t;$90.00;;30;365
200845;15/11/2025;t;$90.00;;30;365
200845;16/11/2025;t;$90.00;;30;365
200845;17/11/2025;t;$90.00;;30;365
200845;18/11/2025;t;$90.00;;30;365
200845;19/11/2025;t;$90.00;;30;365
200845;20/11/2025;t;$90.00;;30;365
200845;21/11/2025;t;$90.00;;30;365
200845;22/11/2025;t;$90.00;;30;365
200845;23/11/2025;t;$90.00;;30;365
200845;24/11/2025;t;$90.00;;30;365
200845;25/11/2025;t;$90.00;;30;365
200845;26/11/2025;t;$90.00;;30;365
200845;27/11/2025;t;$90.00;;30;365
200845;28/11/2025;t;$90.00;;30;365
200845;29/11/2025;t;$90.00;;30;365
200845;30/11/2025;t;$90.00;;30;365
200845;01/12/2025;t;$90.00;;30;365
200845;02/12/2025;t;$90.00;;30;365
200845;03/12/2025;t;$90.00;;30;365
200845;04/12/2025;t;$90.00;;30;365
200845;05/12/2025;t;$90.00;;30;365
200845;06/12/2025;t;$90.00;;30;365
205140;09/12/2024;f;$85.00;;1;60
205140;10/12/2024;f;$85.00;;1;60
205140;11/12/2024;f;$85.00;;1;60
205140;12/12/2024;f;$85.00;;1;60
205140;13/12/2024;f;$85.00;;1;60
205140;14/12/2024;f;$85.00;;1;60
205140;15/12/2024;f;$85.00;;1;60
205140;16/12/2024;f;$85.00;;1;60
205140;17/12/2024;f;$85.00;;1;60
205140;18/12/2024;f;$85.00;;1;60
205140;19/12/2024;f;$85.00;;1;60
205140;20/12/2024;f;$85.00;;1;60
205140;21/12/2024;f;$85.00;;1;60
205140;22/12/2024;f;$85.00;;1;60
205140;23/12/2024;f;$85.00;;1;60
205140;24/12/2024;f;$85.00;;1;60
205140;25/12/2024;f;$85.00;;1;60
205140;26/12/2024;f;$85.00;;1;60
205140;27/12/2024;f;$85.00;;1;60
205140;28/12/2024;f;$85.00;;1;60
205140;29/12/2024;f;$85.00;;1;60
205140;30/12/2024;f;$85.00;;1;60
205140;31/12/2024;f;$85.00;;1;60
205140;01/01/2025;f;$85.00;;1;60
205140;02/01/2025;f;$85.00;;1;60
205140;03/01/2025;f;$85.00;;1;60
205140;04/01/2025;f;$85.00;;1;60
205140;05/01/2025;f;$85.00;;1;60
205140;06/01/2025;f;$85.00;;1;60
205140;07/01/2025;f;$85.00;;1;60
205140;08/01/2025;f;$85.00;;1;60
205140;09/01/2025;f;$85.00;;1;60
205140;10/01/2025;f;$85.00;;1;60
205140;11/01/2025;f;$85.00;;1;60
205140;12/01/2025;f;$85.00;;1;60
205140;13/01/2025;f;$85.00;;1;60
205140;14/01/2025;f;$85.00;;1;60
205140;15/01/2025;f;$85.00;;1;60
205140;16/01/2025;f;$85.00;;1;60
205140;17/01/2025;f;$85.00;;1;60
205140;18/01/2025;f;$85.00;;1;60
205140;19/01/2025;f;$85.00;;1;60
205140;20/01/2025;f;$85.00;;1;60
205140;21/01/2025;f;$85.00;;1;60
205140;22/01/2025;f;$85.00;;1;60
205140;23/01/2025;f;$85.00;;1;60
205140;24/01/2025;f;$85.00;;1;60
205140;25/01/2025;f;$85.00;;1;60
205140;26/01/2025;f;$85.00;;1;60
205140;27/01/2025;f;$85.00;;1;60
205140;28/01/2025;f;$85.00;;1;60
205140;29/01/2025;f;$85.00;;1;60
205140;30/01/2025;f;$85.00;;1;60
205140;31/01/2025;f;$85.00;;1;60
205140;01/02/2025;f;$85.00;;1;60
205140;02/02/2025;f;$85.00;;1;60
205140;03/02/2025;f;$85.00;;1;60
205140;04/02/2025;f;$85.00;;1;60
205140;05/02/2025;f;$85.00;;1;60
205140;06/02/2025;f;$85.00;;1;60
205140;07/02/2025;f;$85.00;;1;60
205140;08/02/2025;f;$85.00;;1;60
205140;09/02/2025;f;$85.00;;1;60
205140;10/02/2025;f;$85.00;;1;60
205140;11/02/2025;f;$85.00;;1;60
205140;12/02/2025;f;$85.00;;1;60
205140;13/02/2025;f;$85.00;;1;60
205140;14/02/2025;f;$85.00;;1;60
205140;15/02/2025;f;$85.00;;1;60
205140;16/02/2025;f;$85.00;;1;60
205140;17/02/2025;f;$85.00;;1;60
205140;18/02/2025;f;$85.00;;1;60
205140;19/02/2025;f;$85.00;;1;60
205140;20/02/2025;f;$85.00;;1;60
205140;21/02/2025;f;$85.00;;1;60
205140;22/02/2025;f;$85.00;;1;60
205140;23/02/2025;f;$85.00;;1;60
205140;24/02/2025;f;$85.00;;1;60
205140;25/02/2025;f;$85.00;;1;60
205140;26/02/2025;f;$85.00;;1;60
205140;27/02/2025;f;$85.00;;1;60
205140;28/02/2025;f;$85.00;;1;60
205140;01/03/2025;f;$85.00;;1;60
205140;02/03/2025;f;$85.00;;1;60
205140;03/03/2025;f;$85.00;;1;60
205140;04/03/2025;f;$85.00;;1;60
205140;05/03/2025;f;$85.00;;1;60
205140;06/03/2025;f;$85.00;;1;60
205140;07/03/2025;f;$85.00;;1;60
205140;08/03/2025;f;$85.00;;1;60
205140;09/03/2025;f;$85.00;;1;60
205140;10/03/2025;f;$85.00;;1;60
205140;11/03/2025;f;$85.00;;1;60
205140;12/03/2025;f;$85.00;;1;60
205140;13/03/2025;f;$85.00;;1;60
205140;14/03/2025;f;$85.00;;1;60
205140;15/03/2025;f;$85.00;;1;60
205140;16/03/2025;f;$85.00;;1;60
205140;17/03/2025;f;$85.00;;1;60
205140;18/03/2025;f;$85.00;;1;60
205140;19/03/2025;f;$85.00;;1;60
205140;20/03/2025;f;$85.00;;1;60
205140;21/03/2025;f;$85.00;;1;60
205140;22/03/2025;f;$85.00;;1;60
205140;23/03/2025;f;$85.00;;1;60
205140;24/03/2025;f;$85.00;;1;60
205140;25/03/2025;f;$85.00;;1;60
205140;26/03/2025;f;$85.00;;1;60
205140;27/03/2025;f;$85.00;;1;60
205140;28/03/2025;f;$85.00;;1;60
205140;29/03/2025;f;$85.00;;1;60
205140;30/03/2025;f;$85.00;;1;60
205140;31/03/2025;f;$85.00;;1;60
205140;01/04/2025;f;$85.00;;1;60
205140;02/04/2025;f;$85.00;;1;60
205140;03/04/2025;f;$85.00;;1;60
205140;04/04/2025;f;$85.00;;1;60
205140;05/04/2025;f;$85.00;;1;60
205140;06/04/2025;f;$85.00;;1;60
205140;07/04/2025;f;$85.00;;1;60
205140;08/04/2025;f;$85.00;;1;60
205140;09/04/2025;f;$85.00;;1;60
205140;10/04/2025;f;$85.00;;1;60
205140;11/04/2025;f;$85.00;;1;60
205140;12/04/2025;f;$85.00;;1;60
205140;13/04/2025;f;$85.00;;1;60
205140;14/04/2025;f;$85.00;;1;60
205140;15/04/2025;f;$85.00;;1;60
205140;16/04/2025;f;$85.00;;1;60
205140;17/04/2025;f;$85.00;;1;60
205140;18/04/2025;f;$85.00;;1;60
205140;19/04/2025;f;$85.00;;1;60
205140;20/04/2025;f;$85.00;;1;60
205140;21/04/2025;f;$85.00;;1;60
205140;22/04/2025;f;$85.00;;1;60
205140;23/04/2025;f;$85.00;;1;60
205140;24/04/2025;f;$85.00;;1;60
205140;25/04/2025;f;$85.00;;1;60
205140;26/04/2025;f;$85.00;;1;60
205140;27/04/2025;f;$85.00;;1;60
205140;28/04/2025;f;$85.00;;1;60
205140;29/04/2025;f;$85.00;;1;60
205140;30/04/2025;f;$85.00;;1;60
205140;01/05/2025;f;$85.00;;1;60
205140;02/05/2025;f;$85.00;;1;60
205140;03/05/2025;f;$85.00;;1;60
205140;04/05/2025;f;$85.00;;1;60
205140;05/05/2025;f;$85.00;;1;60
205140;06/05/2025;f;$85.00;;1;60
205140;07/05/2025;f;$85.00;;1;60
205140;08/05/2025;f;$85.00;;1;60
205140;09/05/2025;f;$85.00;;1;60
205140;10/05/2025;f;$85.00;;1;60
205140;11/05/2025;f;$85.00;;1;60
205140;12/05/2025;f;$85.00;;1;60
205140;13/05/2025;f;$85.00;;1;60
205140;14/05/2025;f;$85.00;;1;60
205140;15/05/2025;f;$85.00;;1;60
205140;16/05/2025;f;$85.00;;1;60
205140;17/05/2025;f;$85.00;;1;60
205140;18/05/2025;f;$85.00;;1;60
205140;19/05/2025;f;$85.00;;1;60
205140;20/05/2025;f;$85.00;;1;60
205140;21/05/2025;f;$85.00;;1;60
205140;22/05/2025;f;$85.00;;1;60
205140;23/05/2025;f;$85.00;;1;60
205140;24/05/2025;f;$85.00;;1;60
205140;25/05/2025;f;$85.00;;1;60
205140;26/05/2025;f;$85.00;;1;60
205140;27/05/2025;f;$85.00;;1;60
205140;28/05/2025;f;$85.00;;1;60
205140;29/05/2025;f;$85.00;;1;60
205140;30/05/2025;f;$85.00;;1;60
205140;31/05/2025;f;$85.00;;1;60
205140;01/06/2025;f;$85.00;;1;60
205140;02/06/2025;f;$85.00;;1;60
205140;03/06/2025;f;$85.00;;1;60
205140;04/06/2025;f;$85.00;;1;60
205140;05/06/2025;f;$85.00;;1;60
205140;06/06/2025;f;$85.00;;1;60
205140;07/06/2025;f;$85.00;;1;60
205140;08/06/2025;f;$85.00;;1;60
205140;09/06/2025;f;$85.00;;1;60
205140;10/06/2025;f;$85.00;;1;60
205140;11/06/2025;f;$85.00;;1;60
205140;12/06/2025;f;$85.00;;1;60
205140;13/06/2025;f;$85.00;;1;60
205140;14/06/2025;f;$85.00;;1;60
205140;15/06/2025;f;$85.00;;1;60
205140;16/06/2025;f;$85.00;;1;60
205140;17/06/2025;f;$85.00;;1;60
205140;18/06/2025;f;$85.00;;1;60
205140;19/06/2025;f;$85.00;;1;60
205140;20/06/2025;f;$85.00;;1;60
205140;21/06/2025;f;$85.00;;1;60
205140;22/06/2025;f;$85.00;;1;60
205140;23/06/2025;f;$85.00;;1;60
205140;24/06/2025;f;$85.00;;1;60
205140;25/06/2025;f;$85.00;;1;60
205140;26/06/2025;f;$85.00;;1;60
205140;27/06/2025;f;$85.00;;1;60
205140;28/06/2025;f;$85.00;;1;60
205140;29/06/2025;f;$85.00;;1;60
205140;30/06/2025;f;$85.00;;1;60
205140;01/07/2025;f;$85.00;;1;60
205140;02/07/2025;f;$85.00;;1;60
205140;03/07/2025;f;$85.00;;1;60
205140;04/07/2025;f;$85.00;;1;60
205140;05/07/2025;f;$85.00;;1;60
205140;06/07/2025;f;$85.00;;1;60
205140;07/07/2025;f;$85.00;;1;60
205140;08/07/2025;f;$85.00;;1;60
205140;09/07/2025;f;$85.00;;1;60
205140;10/07/2025;f;$85.00;;1;60
205140;11/07/2025;f;$85.00;;1;60
205140;12/07/2025;f;$85.00;;1;60
205140;13/07/2025;f;$85.00;;1;60
205140;14/07/2025;f;$85.00;;1;60
205140;15/07/2025;f;$85.00;;1;60
205140;16/07/2025;f;$85.00;;1;60
205140;17/07/2025;f;$85.00;;1;60
205140;18/07/2025;f;$85.00;;1;60
205140;19/07/2025;f;$85.00;;1;60
205140;20/07/2025;f;$85.00;;1;60
205140;21/07/2025;f;$85.00;;1;60
205140;22/07/2025;f;$85.00;;1;60
205140;23/07/2025;f;$85.00;;1;60
205140;24/07/2025;f;$85.00;;1;60
205140;25/07/2025;f;$85.00;;1;60
205140;26/07/2025;f;$85.00;;1;60
205140;27/07/2025;f;$85.00;;1;60
205140;28/07/2025;f;$85.00;;1;60
205140;29/07/2025;f;$85.00;;1;60
205140;30/07/2025;f;$85.00;;1;60
205140;31/07/2025;f;$85.00;;1;60
205140;01/08/2025;f;$85.00;;1;60
205140;02/08/2025;f;$85.00;;1;60
205140;03/08/2025;f;$85.00;;1;60
205140;04/08/2025;f;$85.00;;1;60
205140;05/08/2025;f;$85.00;;1;60
205140;06/08/2025;f;$85.00;;1;60
205140;07/08/2025;f;$85.00;;1;60
205140;08/08/2025;f;$85.00;;1;60
205140;09/08/2025;f;$85.00;;1;60
205140;10/08/2025;f;$85.00;;1;60
205140;11/08/2025;f;$85.00;;1;60
205140;12/08/2025;f;$85.00;;1;60
205140;13/08/2025;f;$85.00;;1;60
205140;14/08/2025;f;$85.00;;1;60
205140;15/08/2025;f;$85.00;;1;60
205140;16/08/2025;f;$85.00;;1;60
205140;17/08/2025;f;$85.00;;1;60
205140;18/08/2025;f;$85.00;;1;60
205140;19/08/2025;f;$85.00;;1;60
205140;20/08/2025;f;$85.00;;1;60
205140;21/08/2025;f;$85.00;;1;60
205140;22/08/2025;f;$85.00;;1;60
205140;23/08/2025;f;$85.00;;1;60
205140;24/08/2025;f;$85.00;;1;60
205140;25/08/2025;f;$85.00;;1;60
205140;26/08/2025;f;$85.00;;1;60
205140;27/08/2025;f;$85.00;;1;60
205140;28/08/2025;f;$85.00;;1;60
205140;29/08/2025;f;$85.00;;1;60
205140;30/08/2025;f;$85.00;;1;60
205140;31/08/2025;f;$85.00;;1;60
205140;01/09/2025;f;$85.00;;1;60
205140;02/09/2025;f;$85.00;;1;60
205140;03/09/2025;f;$85.00;;1;60
205140;04/09/2025;f;$85.00;;1;60
205140;05/09/2025;f;$85.00;;1;60
205140;06/09/2025;f;$85.00;;1;60
205140;07/09/2025;f;$85.00;;1;60
205140;08/09/2025;f;$85.00;;1;60
205140;09/09/2025;f;$85.00;;1;60
205140;10/09/2025;f;$85.00;;1;60
205140;11/09/2025;f;$85.00;;1;60
205140;12/09/2025;f;$85.00;;1;60
205140;13/09/2025;f;$85.00;;1;60
205140;14/09/2025;f;$85.00;;1;60
205140;15/09/2025;f;$85.00;;1;60
205140;16/09/2025;f;$85.00;;1;60
205140;17/09/2025;f;$85.00;;1;60
205140;18/09/2025;f;$85.00;;1;60
205140;19/09/2025;f;$85.00;;1;60
205140;20/09/2025;f;$85.00;;1;60
205140;21/09/2025;f;$85.00;;1;60
205140;22/09/2025;f;$85.00;;1;60
205140;23/09/2025;f;$85.00;;1;60
205140;24/09/2025;f;$85.00;;1;60
205140;25/09/2025;f;$85.00;;1;60
205140;26/09/2025;f;$85.00;;1;60
205140;27/09/2025;f;$85.00;;1;60
205140;28/09/2025;f;$85.00;;1;60
205140;29/09/2025;f;$85.00;;1;60
205140;30/09/2025;f;$85.00;;1;60
205140;01/10/2025;f;$85.00;;1;60
205140;02/10/2025;f;$85.00;;1;60
205140;03/10/2025;f;$85.00;;1;60
205140;04/10/2025;f;$85.00;;1;60
205140;05/10/2025;f;$85.00;;1;60
205140;06/10/2025;f;$85.00;;1;60
205140;07/10/2025;f;$85.00;;1;60
205140;08/10/2025;f;$85.00;;1;60
205140;09/10/2025;f;$85.00;;1;60
205140;10/10/2025;f;$85.00;;1;60
205140;11/10/2025;f;$85.00;;1;60
205140;12/10/2025;f;$85.00;;1;60
205140;13/10/2025;f;$85.00;;1;60
205140;14/10/2025;f;$85.00;;1;60
205140;15/10/2025;f;$85.00;;1;60
205140;16/10/2025;f;$85.00;;1;60
205140;17/10/2025;f;$85.00;;1;60
205140;18/10/2025;f;$85.00;;1;60
205140;19/10/2025;f;$85.00;;1;60
205140;20/10/2025;f;$85.00;;1;60
205140;21/10/2025;f;$85.00;;1;60
205140;22/10/2025;f;$85.00;;1;60
205140;23/10/2025;f;$85.00;;1;60
205140;24/10/2025;f;$85.00;;1;60
205140;25/10/2025;f;$85.00;;1;60
205140;26/10/2025;f;$85.00;;1;60
205140;27/10/2025;f;$85.00;;1;60
205140;28/10/2025;f;$85.00;;1;60
205140;29/10/2025;f;$85.00;;1;60
205140;30/10/2025;f;$85.00;;1;60
205140;31/10/2025;f;$85.00;;1;60
205140;01/11/2025;f;$85.00;;1;60
205140;02/11/2025;f;$85.00;;1;60
205140;03/11/2025;f;$85.00;;1;60
205140;04/11/2025;f;$85.00;;1;60
205140;05/11/2025;f;$85.00;;1;60
205140;06/11/2025;f;$85.00;;1;60
205140;07/11/2025;f;$85.00;;1;60
205140;08/11/2025;f;$85.00;;1;60
205140;09/11/2025;f;$85.00;;1;60
205140;10/11/2025;f;$85.00;;1;60
205140;11/11/2025;f;$85.00;;1;60
205140;12/11/2025;f;$85.00;;1;60
205140;13/11/2025;f;$85.00;;1;60
205140;14/11/2025;f;$85.00;;1;60
205140;15/11/2025;f;$85.00;;1;60
205140;16/11/2025;f;$85.00;;1;60
205140;17/11/2025;f;$85.00;;1;60
205140;18/11/2025;f;$85.00;;1;60
205140;19/11/2025;f;$85.00;;1;60
205140;20/11/2025;f;$85.00;;1;60
205140;21/11/2025;f;$85.00;;1;60
205140;22/11/2025;f;$85.00;;1;60
205140;23/11/2025;f;$85.00;;1;60
205140;24/11/2025;f;$85.00;;1;60
205140;25/11/2025;f;$85.00;;1;60
205140;26/11/2025;f;$85.00;;1;60
205140;27/11/2025;f;$85.00;;1;60
205140;28/11/2025;f;$85.00;;1;60
205140;29/11/2025;f;$85.00;;1;60
205140;30/11/2025;f;$85.00;;1;60
205140;01/12/2025;f;$85.00;;1;60
205140;02/12/2025;f;$85.00;;1;60
205140;03/12/2025;f;$85.00;;1;60
205140;04/12/2025;f;$85.00;;1;60
205140;05/12/2025;f;$85.00;;1;60
205140;06/12/2025;f;$85.00;;1;60
205140;07/12/2025;f;$85.00;;1;60
205140;08/12/2025;f;$85.00;;1;60
208080;08/12/2024;f;$300.00;;2;29
208080;09/12/2024;f;$300.00;;2;29
208080;10/12/2024;f;$300.00;;2;29
208080;11/12/2024;f;$300.00;;2;29
208080;12/12/2024;f;$300.00;;2;29
208080;13/12/2024;f;$300.00;;2;29
208080;14/12/2024;f;$300.00;;2;29
208080;15/12/2024;f;$300.00;;2;29
208080;16/12/2024;f;$300.00;;2;29
208080;17/12/2024;f;$300.00;;2;29
208080;18/12/2024;f;$300.00;;2;29
208080;19/12/2024;f;$300.00;;2;29
208080;20/12/2024;f;$300.00;;2;29
208080;21/12/2024;f;$300.00;;2;29
208080;22/12/2024;f;$300.00;;2;29
208080;23/12/2024;f;$300.00;;2;29
208080;24/12/2024;f;$300.00;;2;29
208080;25/12/2024;f;$300.00;;2;29
208080;26/12/2024;f;$300.00;;2;29
208080;27/12/2024;f;$300.00;;2;29
208080;28/12/2024;f;$300.00;;2;29
208080;29/12/2024;f;$300.00;;2;29
208080;30/12/2024;f;$300.00;;2;29
208080;31/12/2024;f;$300.00;;2;29
208080;01/01/2025;t;$300.00;;2;29
208080;02/01/2025;t;$300.00;;2;29
208080;03/01/2025;t;$300.00;;2;29
208080;04/01/2025;t;$300.00;;2;29
208080;05/01/2025;t;$300.00;;2;29
208080;06/01/2025;t;$300.00;;2;29
208080;07/01/2025;t;$300.00;;2;29
208080;08/01/2025;t;$300.00;;2;29
208080;09/01/2025;t;$300.00;;2;29
208080;10/01/2025;t;$300.00;;2;29
208080;11/01/2025;t;$300.00;;2;29
208080;12/01/2025;t;$300.00;;2;29
208080;13/01/2025;t;$300.00;;2;29
208080;14/01/2025;t;$300.00;;2;29
208080;15/01/2025;t;$300.00;;2;29
208080;16/01/2025;t;$300.00;;2;29
208080;17/01/2025;t;$300.00;;2;29
208080;18/01/2025;t;$300.00;;2;29
208080;19/01/2025;t;$300.00;;2;29
208080;20/01/2025;t;$300.00;;2;29
208080;21/01/2025;t;$300.00;;2;29
208080;22/01/2025;t;$300.00;;2;29
208080;23/01/2025;t;$300.00;;2;29
208080;24/01/2025;t;$300.00;;2;29
208080;25/01/2025;t;$300.00;;2;29
208080;26/01/2025;t;$300.00;;2;29
208080;27/01/2025;t;$300.00;;2;29
208080;28/01/2025;t;$300.00;;2;29
208080;29/01/2025;t;$300.00;;2;29
208080;30/01/2025;t;$300.00;;2;29
208080;31/01/2025;t;$300.00;;2;29
208080;01/02/2025;t;$300.00;;2;29
208080;02/02/2025;t;$300.00;;2;29
208080;03/02/2025;t;$300.00;;2;29
208080;04/02/2025;t;$300.00;;2;29
208080;05/02/2025;t;$300.00;;2;29
208080;06/02/2025;t;$300.00;;2;29
208080;07/02/2025;t;$300.00;;2;29
208080;08/02/2025;t;$300.00;;2;29
208080;09/02/2025;t;$300.00;;2;29
208080;10/02/2025;t;$300.00;;2;29
208080;11/02/2025;t;$300.00;;2;29
208080;12/02/2025;t;$300.00;;2;29
208080;13/02/2025;t;$300.00;;2;29
208080;14/02/2025;t;$300.00;;2;29
208080;15/02/2025;t;$300.00;;2;29
208080;16/02/2025;t;$300.00;;2;29
208080;17/02/2025;t;$300.00;;2;29
208080;18/02/2025;t;$300.00;;2;29
208080;19/02/2025;t;$300.00;;2;29
208080;20/02/2025;t;$300.00;;2;29
208080;21/02/2025;t;$300.00;;2;29
208080;22/02/2025;t;$300.00;;2;29
208080;23/02/2025;t;$300.00;;2;29
208080;24/02/2025;t;$300.00;;2;29
208080;25/02/2025;t;$300.00;;2;29
208080;26/02/2025;t;$300.00;;2;29
208080;27/02/2025;t;$300.00;;2;29
208080;28/02/2025;t;$300.00;;2;29
208080;01/03/2025;t;$300.00;;2;29
208080;02/03/2025;t;$300.00;;2;29
208080;03/03/2025;t;$300.00;;2;29
208080;04/03/2025;t;$300.00;;2;29
208080;05/03/2025;t;$300.00;;2;29
208080;06/03/2025;t;$300.00;;2;29
208080;07/03/2025;t;$300.00;;2;29
208080;08/03/2025;t;$300.00;;2;29
208080;09/03/2025;t;$300.00;;2;29
208080;10/03/2025;t;$300.00;;2;29
208080;11/03/2025;t;$300.00;;2;29
208080;12/03/2025;t;$300.00;;2;29
208080;13/03/2025;t;$300.00;;2;29
208080;14/03/2025;t;$300.00;;2;29
208080;15/03/2025;t;$300.00;;2;29
208080;16/03/2025;t;$300.00;;2;29
208080;17/03/2025;t;$300.00;;2;29
208080;18/03/2025;t;$300.00;;2;29
208080;19/03/2025;t;$300.00;;2;29
208080;20/03/2025;t;$300.00;;2;29
208080;21/03/2025;t;$300.00;;2;29
208080;22/03/2025;t;$300.00;;2;29
208080;23/03/2025;t;$300.00;;2;29
208080;24/03/2025;t;$300.00;;2;29
208080;25/03/2025;t;$300.00;;2;29
208080;26/03/2025;t;$300.00;;2;29
208080;27/03/2025;t;$300.00;;2;29
208080;28/03/2025;t;$300.00;;2;29
208080;29/03/2025;t;$300.00;;2;29
208080;30/03/2025;t;$300.00;;2;29
208080;31/03/2025;t;$300.00;;2;29
208080;01/04/2025;t;$300.00;;2;29
208080;02/04/2025;t;$300.00;;2;29
208080;03/04/2025;t;$300.00;;2;29
208080;04/04/2025;t;$300.00;;2;29
208080;05/04/2025;t;$300.00;;2;29
208080;06/04/2025;t;$300.00;;2;29
208080;07/04/2025;t;$300.00;;2;29
208080;08/04/2025;t;$300.00;;2;29
208080;09/04/2025;t;$300.00;;2;29
208080;10/04/2025;t;$300.00;;2;29
208080;11/04/2025;t;$300.00;;2;29
208080;12/04/2025;t;$300.00;;2;29
208080;13/04/2025;t;$300.00;;2;29
208080;14/04/2025;t;$300.00;;2;29
208080;15/04/2025;t;$300.00;;2;29
208080;16/04/2025;t;$300.00;;2;29
208080;17/04/2025;t;$300.00;;2;29
208080;18/04/2025;t;$300.00;;2;29
208080;19/04/2025;t;$300.00;;2;29
208080;20/04/2025;t;$300.00;;2;29
208080;21/04/2025;t;$300.00;;2;29
208080;22/04/2025;t;$300.00;;2;29
208080;23/04/2025;t;$300.00;;2;29
208080;24/04/2025;t;$300.00;;2;29
208080;25/04/2025;t;$300.00;;2;29
208080;26/04/2025;t;$300.00;;2;29
208080;27/04/2025;t;$300.00;;2;29
208080;28/04/2025;t;$300.00;;2;29
208080;29/04/2025;t;$300.00;;2;29
208080;30/04/2025;t;$300.00;;2;29
208080;01/05/2025;t;$300.00;;2;29
208080;02/05/2025;t;$300.00;;2;29
208080;03/05/2025;t;$300.00;;2;29
208080;04/05/2025;t;$300.00;;2;29
208080;05/05/2025;t;$300.00;;2;29
208080;06/05/2025;t;$300.00;;2;29
208080;07/05/2025;t;$300.00;;2;29
208080;08/05/2025;t;$300.00;;2;29
208080;09/05/2025;t;$300.00;;2;29
208080;10/05/2025;t;$300.00;;2;29
208080;11/05/2025;t;$300.00;;2;29
208080;12/05/2025;t;$300.00;;2;29
208080;13/05/2025;t;$300.00;;2;29
208080;14/05/2025;t;$300.00;;2;29
208080;15/05/2025;t;$300.00;;2;29
208080;16/05/2025;t;$300.00;;2;29
208080;17/05/2025;t;$300.00;;2;29
208080;18/05/2025;t;$300.00;;2;29
208080;19/05/2025;t;$300.00;;2;29
208080;20/05/2025;t;$300.00;;2;29
208080;21/05/2025;t;$300.00;;2;29
208080;22/05/2025;t;$300.00;;2;29
208080;23/05/2025;t;$300.00;;2;29
208080;24/05/2025;t;$300.00;;2;29
208080;25/05/2025;t;$300.00;;2;29
208080;26/05/2025;t;$300.00;;2;29
208080;27/05/2025;t;$300.00;;2;29
208080;28/05/2025;t;$300.00;;2;29
208080;29/05/2025;t;$300.00;;2;29
208080;30/05/2025;t;$300.00;;2;29
208080;31/05/2025;t;$300.00;;2;29
208080;01/06/2025;t;$300.00;;2;29
208080;02/06/2025;t;$300.00;;2;29
208080;03/06/2025;t;$300.00;;2;29
208080;04/06/2025;t;$300.00;;2;29
208080;05/06/2025;t;$300.00;;2;29
208080;06/06/2025;t;$300.00;;2;29
208080;07/06/2025;t;$300.00;;2;29
208080;08/06/2025;t;$300.00;;2;29
208080;09/06/2025;t;$300.00;;2;29
208080;10/06/2025;t;$300.00;;2;29
208080;11/06/2025;t;$300.00;;2;29
208080;12/06/2025;t;$300.00;;2;29
208080;13/06/2025;t;$300.00;;2;29
208080;14/06/2025;t;$300.00;;2;29
208080;15/06/2025;t;$300.00;;2;29
208080;16/06/2025;t;$300.00;;2;29
208080;17/06/2025;t;$300.00;;2;29
208080;18/06/2025;t;$300.00;;2;29
208080;19/06/2025;t;$300.00;;2;29
208080;20/06/2025;t;$300.00;;2;29
208080;21/06/2025;t;$300.00;;2;29
208080;22/06/2025;t;$300.00;;2;29
208080;23/06/2025;t;$300.00;;2;29
208080;24/06/2025;t;$300.00;;2;29
208080;25/06/2025;t;$300.00;;2;29
208080;26/06/2025;t;$300.00;;2;29
208080;27/06/2025;t;$300.00;;2;29
208080;28/06/2025;t;$300.00;;2;29
208080;29/06/2025;t;$300.00;;2;29
208080;30/06/2025;t;$300.00;;2;29
208080;01/07/2025;t;$300.00;;2;29
208080;02/07/2025;t;$300.00;;2;29
208080;03/07/2025;t;$300.00;;2;29
208080;04/07/2025;t;$300.00;;2;29
208080;05/07/2025;t;$300.00;;2;29
208080;06/07/2025;t;$300.00;;2;29
208080;07/07/2025;t;$300.00;;2;29
208080;08/07/2025;t;$300.00;;2;29
208080;09/07/2025;t;$300.00;;2;29
208080;10/07/2025;t;$300.00;;2;29
208080;11/07/2025;t;$300.00;;2;29
208080;12/07/2025;t;$300.00;;2;29
208080;13/07/2025;t;$300.00;;2;29
208080;14/07/2025;t;$300.00;;2;29
208080;15/07/2025;t;$300.00;;2;29
208080;16/07/2025;t;$300.00;;2;29
208080;17/07/2025;t;$300.00;;2;29
208080;18/07/2025;t;$300.00;;2;29
208080;19/07/2025;t;$300.00;;2;29
208080;20/07/2025;t;$300.00;;2;29
208080;21/07/2025;t;$300.00;;2;29
208080;22/07/2025;t;$300.00;;2;29
208080;23/07/2025;t;$300.00;;2;29
208080;24/07/2025;t;$300.00;;2;29
208080;25/07/2025;t;$300.00;;2;29
208080;26/07/2025;t;$300.00;;2;29
208080;27/07/2025;t;$300.00;;2;29
208080;28/07/2025;t;$300.00;;2;29
208080;29/07/2025;t;$300.00;;2;29
208080;30/07/2025;t;$300.00;;2;29
208080;31/07/2025;t;$300.00;;2;29
208080;01/08/2025;t;$300.00;;2;29
208080;02/08/2025;t;$300.00;;2;29
208080;03/08/2025;t;$300.00;;2;29
208080;04/08/2025;t;$300.00;;2;29
208080;05/08/2025;t;$300.00;;2;29
208080;06/08/2025;t;$300.00;;2;29
208080;07/08/2025;t;$300.00;;2;29
208080;08/08/2025;t;$300.00;;2;29
208080;09/08/2025;t;$300.00;;2;29
208080;10/08/2025;t;$300.00;;2;29
208080;11/08/2025;t;$300.00;;2;29
208080;12/08/2025;t;$300.00;;2;29
208080;13/08/2025;t;$300.00;;2;29
208080;14/08/2025;t;$300.00;;2;29
208080;15/08/2025;t;$300.00;;2;29
208080;16/08/2025;t;$300.00;;2;29
208080;17/08/2025;t;$300.00;;2;29
208080;18/08/2025;t;$300.00;;2;29
208080;19/08/2025;t;$300.00;;2;29
208080;20/08/2025;t;$300.00;;2;29
208080;21/08/2025;t;$300.00;;2;29
208080;22/08/2025;t;$300.00;;2;29
208080;23/08/2025;t;$300.00;;2;29
208080;24/08/2025;t;$300.00;;2;29
208080;25/08/2025;t;$300.00;;2;29
208080;26/08/2025;t;$300.00;;2;29
208080;27/08/2025;t;$300.00;;2;29
208080;28/08/2025;t;$300.00;;2;29
208080;29/08/2025;t;$300.00;;2;29
208080;30/08/2025;t;$300.00;;2;29
208080;31/08/2025;t;$300.00;;2;29
208080;01/09/2025;t;$300.00;;2;29
208080;02/09/2025;t;$300.00;;2;29
208080;03/09/2025;t;$300.00;;2;29
208080;04/09/2025;t;$300.00;;2;29
208080;05/09/2025;t;$300.00;;2;29
208080;06/09/2025;t;$300.00;;2;29
208080;07/09/2025;t;$300.00;;2;29
208080;08/09/2025;t;$300.00;;2;29
208080;09/09/2025;t;$300.00;;2;29
208080;10/09/2025;t;$300.00;;2;29
208080;11/09/2025;t;$300.00;;2;29
208080;12/09/2025;t;$300.00;;2;29
208080;13/09/2025;t;$300.00;;2;29
208080;14/09/2025;t;$300.00;;2;29
208080;15/09/2025;t;$300.00;;2;29
208080;16/09/2025;t;$300.00;;2;29
208080;17/09/2025;t;$300.00;;2;29
208080;18/09/2025;t;$300.00;;2;29
208080;19/09/2025;t;$300.00;;2;29
208080;20/09/2025;t;$300.00;;2;29
208080;21/09/2025;t;$300.00;;2;29
208080;22/09/2025;t;$300.00;;2;29
208080;23/09/2025;t;$300.00;;2;29
208080;24/09/2025;t;$300.00;;2;29
208080;25/09/2025;t;$300.00;;2;29
208080;26/09/2025;t;$300.00;;2;29
208080;27/09/2025;t;$300.00;;2;29
208080;28/09/2025;t;$300.00;;2;29
208080;29/09/2025;t;$300.00;;2;29
208080;30/09/2025;t;$300.00;;2;29
208080;01/10/2025;t;$300.00;;2;29
208080;02/10/2025;t;$300.00;;2;29
208080;03/10/2025;t;$300.00;;2;29
208080;04/10/2025;t;$300.00;;2;29
208080;05/10/2025;t;$300.00;;2;29
208080;06/10/2025;t;$300.00;;2;29
208080;07/10/2025;t;$300.00;;2;29
208080;08/10/2025;t;$300.00;;2;29
208080;09/10/2025;t;$300.00;;2;29
208080;10/10/2025;t;$300.00;;2;29
208080;11/10/2025;t;$300.00;;2;29
208080;12/10/2025;t;$300.00;;2;29
208080;13/10/2025;t;$300.00;;2;29
208080;14/10/2025;t;$300.00;;2;29
208080;15/10/2025;t;$300.00;;2;29
208080;16/10/2025;t;$300.00;;2;29
208080;17/10/2025;t;$300.00;;2;29
208080;18/10/2025;t;$300.00;;2;29
208080;19/10/2025;t;$300.00;;2;29
208080;20/10/2025;t;$300.00;;2;29
208080;21/10/2025;t;$300.00;;2;29
208080;22/10/2025;t;$300.00;;2;29
208080;23/10/2025;t;$300.00;;2;29
208080;24/10/2025;t;$300.00;;2;29
208080;25/10/2025;t;$300.00;;2;29
208080;26/10/2025;t;$300.00;;2;29
208080;27/10/2025;t;$300.00;;2;29
208080;28/10/2025;t;$300.00;;2;29
208080;29/10/2025;t;$300.00;;2;29
208080;30/10/2025;t;$300.00;;2;29
208080;31/10/2025;t;$300.00;;2;29
208080;01/11/2025;t;$300.00;;2;29
208080;02/11/2025;t;$300.00;;2;29
208080;03/11/2025;t;$300.00;;2;29
208080;04/11/2025;t;$300.00;;2;29
208080;05/11/2025;t;$300.00;;2;29
208080;06/11/2025;t;$300.00;;2;29
208080;07/11/2025;t;$300.00;;2;29
208080;08/11/2025;t;$300.00;;2;29
208080;09/11/2025;t;$300.00;;2;29
208080;10/11/2025;t;$300.00;;2;29
208080;11/11/2025;t;$300.00;;2;29
208080;12/11/2025;t;$300.00;;2;29
208080;13/11/2025;t;$300.00;;2;29
208080;14/11/2025;t;$300.00;;2;29
208080;15/11/2025;t;$300.00;;2;29
208080;16/11/2025;t;$300.00;;2;29
208080;17/11/2025;t;$300.00;;2;29
208080;18/11/2025;t;$300.00;;2;29
208080;19/11/2025;t;$300.00;;2;29
208080;20/11/2025;t;$300.00;;2;29
208080;21/11/2025;t;$300.00;;2;29
208080;22/11/2025;t;$300.00;;2;29
208080;23/11/2025;t;$300.00;;2;29
208080;24/11/2025;t;$300.00;;2;29
208080;25/11/2025;t;$300.00;;2;29
208080;26/11/2025;t;$300.00;;2;29
208080;27/11/2025;t;$300.00;;2;29
208080;28/11/2025;t;$300.00;;2;29
208080;29/11/2025;t;$300.00;;2;29
208080;30/11/2025;t;$300.00;;2;29
208080;01/12/2025;t;$300.00;;2;29
208080;02/12/2025;t;$300.00;;2;29
208080;03/12/2025;t;$300.00;;2;29
208080;04/12/2025;t;$300.00;;2;29
208080;05/12/2025;t;$300.00;;2;29
208080;06/12/2025;t;$300.00;;2;29
208080;07/12/2025;t;$300.00;;2;29
212853;09/12/2024;f;$148.00;;30;120
212853;10/12/2024;t;$148.00;;30;120
212853;11/12/2024;t;$148.00;;30;120
212853;12/12/2024;t;$148.00;;30;120
212853;13/12/2024;t;$148.00;;30;120
212853;14/12/2024;t;$148.00;;30;120
212853;15/12/2024;t;$148.00;;30;120
212853;16/12/2024;t;$148.00;;30;120
212853;17/12/2024;t;$148.00;;30;120
212853;18/12/2024;t;$148.00;;30;120
212853;19/12/2024;f;$148.00;;30;120
212853;20/12/2024;f;$148.00;;30;120
212853;21/12/2024;f;$148.00;;30;120
212853;22/12/2024;f;$148.00;;30;120
212853;23/12/2024;f;$148.00;;30;120
212853;24/12/2024;f;$148.00;;30;120
212853;25/12/2024;f;$148.00;;30;120
212853;26/12/2024;f;$148.00;;30;120
212853;27/12/2024;f;$148.00;;30;120
212853;28/12/2024;f;$148.00;;30;120
212853;29/12/2024;f;$148.00;;30;120
212853;30/12/2024;f;$148.00;;30;120
212853;31/12/2024;f;$148.00;;30;120
212853;01/01/2025;t;$148.00;;30;120
212853;02/01/2025;t;$148.00;;30;120
212853;03/01/2025;t;$148.00;;30;120
212853;04/01/2025;t;$148.00;;30;120
212853;05/01/2025;t;$148.00;;30;120
212853;06/01/2025;t;$148.00;;30;120
212853;07/01/2025;t;$148.00;;30;120
212853;08/01/2025;t;$148.00;;30;120
212853;09/01/2025;t;$148.00;;30;120
212853;10/01/2025;t;$148.00;;30;120
212853;11/01/2025;t;$148.00;;30;120
212853;12/01/2025;t;$148.00;;30;120
212853;13/01/2025;t;$148.00;;30;120
212853;14/01/2025;t;$148.00;;30;120
212853;15/01/2025;t;$148.00;;30;120
212853;16/01/2025;t;$148.00;;30;120
212853;17/01/2025;t;$148.00;;30;120
212853;18/01/2025;t;$148.00;;30;120
212853;19/01/2025;t;$148.00;;30;120
212853;20/01/2025;t;$148.00;;30;120
212853;21/01/2025;t;$148.00;;30;120
212853;22/01/2025;t;$148.00;;30;120
212853;23/01/2025;t;$148.00;;30;120
212853;24/01/2025;t;$148.00;;30;120
212853;25/01/2025;t;$148.00;;30;120
212853;26/01/2025;t;$148.00;;30;120
212853;27/01/2025;t;$148.00;;30;120
212853;28/01/2025;t;$148.00;;30;120
212853;29/01/2025;t;$148.00;;30;120
212853;30/01/2025;t;$148.00;;30;120
212853;31/01/2025;t;$148.00;;30;120
212853;01/02/2025;t;$148.00;;30;120
212853;02/02/2025;t;$148.00;;30;120
212853;03/02/2025;t;$148.00;;30;120
212853;04/02/2025;t;$148.00;;30;120
212853;05/02/2025;t;$148.00;;30;120
212853;06/02/2025;t;$148.00;;30;120
212853;07/02/2025;t;$148.00;;30;120
212853;08/02/2025;t;$148.00;;30;120
212853;09/02/2025;t;$148.00;;30;120
212853;10/02/2025;t;$148.00;;30;120
212853;11/02/2025;t;$148.00;;30;120
212853;12/02/2025;t;$148.00;;30;120
212853;13/02/2025;t;$148.00;;30;120
212853;14/02/2025;t;$148.00;;30;120
212853;15/02/2025;t;$148.00;;30;120
212853;16/02/2025;t;$148.00;;30;120
212853;17/02/2025;t;$148.00;;30;120
212853;18/02/2025;t;$148.00;;30;120
212853;19/02/2025;t;$148.00;;30;120
212853;20/02/2025;t;$148.00;;30;120
212853;21/02/2025;t;$148.00;;30;120
212853;22/02/2025;t;$148.00;;30;120
212853;23/02/2025;t;$148.00;;30;120
212853;24/02/2025;t;$148.00;;30;120
212853;25/02/2025;t;$148.00;;30;120
212853;26/02/2025;t;$148.00;;30;120
212853;27/02/2025;t;$148.00;;30;120
212853;28/02/2025;t;$148.00;;30;120
212853;01/03/2025;t;$148.00;;30;120
212853;02/03/2025;t;$148.00;;30;120
212853;03/03/2025;t;$148.00;;30;120
212853;04/03/2025;t;$148.00;;30;120
212853;05/03/2025;t;$148.00;;30;120
212853;06/03/2025;t;$148.00;;30;120
212853;07/03/2025;t;$148.00;;30;120
212853;08/03/2025;t;$148.00;;30;120
212853;09/03/2025;t;$148.00;;30;120
212853;10/03/2025;t;$148.00;;30;120
212853;11/03/2025;t;$148.00;;30;120
212853;12/03/2025;t;$148.00;;30;120
212853;13/03/2025;t;$148.00;;30;120
212853;14/03/2025;t;$148.00;;30;120
212853;15/03/2025;t;$148.00;;30;120
212853;16/03/2025;t;$148.00;;30;120
212853;17/03/2025;t;$148.00;;30;120
212853;18/03/2025;t;$148.00;;30;120
212853;19/03/2025;t;$148.00;;30;120
212853;20/03/2025;t;$148.00;;30;120
212853;21/03/2025;t;$148.00;;30;120
212853;22/03/2025;t;$148.00;;30;120
212853;23/03/2025;t;$148.00;;30;120
212853;24/03/2025;t;$148.00;;30;120
212853;25/03/2025;t;$148.00;;30;120
212853;26/03/2025;t;$148.00;;30;120
212853;27/03/2025;t;$148.00;;30;120
212853;28/03/2025;t;$148.00;;30;120
212853;29/03/2025;t;$148.00;;30;120
212853;30/03/2025;t;$148.00;;30;120
212853;31/03/2025;t;$148.00;;30;120
212853;01/04/2025;t;$148.00;;30;120
212853;02/04/2025;t;$148.00;;30;120
212853;03/04/2025;t;$148.00;;30;120
212853;04/04/2025;t;$148.00;;30;120
212853;05/04/2025;t;$148.00;;30;120
212853;06/04/2025;t;$148.00;;30;120
212853;07/04/2025;t;$148.00;;30;120
212853;08/04/2025;t;$148.00;;30;120
212853;09/04/2025;t;$148.00;;30;120
212853;10/04/2025;t;$148.00;;30;120
212853;11/04/2025;t;$148.00;;30;120
212853;12/04/2025;t;$148.00;;30;120
212853;13/04/2025;t;$148.00;;30;120
212853;14/04/2025;t;$148.00;;30;120
212853;15/04/2025;t;$148.00;;30;120
212853;16/04/2025;t;$148.00;;30;120
212853;17/04/2025;t;$148.00;;30;120
212853;18/04/2025;t;$148.00;;30;120
212853;19/04/2025;t;$148.00;;30;120
212853;20/04/2025;t;$148.00;;30;120
212853;21/04/2025;t;$148.00;;30;120
212853;22/04/2025;t;$148.00;;30;120
212853;23/04/2025;t;$148.00;;30;120
212853;24/04/2025;t;$148.00;;30;120
212853;25/04/2025;t;$148.00;;30;120
212853;26/04/2025;t;$148.00;;30;120
212853;27/04/2025;t;$148.00;;30;120
212853;28/04/2025;t;$148.00;;30;120
212853;29/04/2025;t;$148.00;;30;120
212853;30/04/2025;t;$148.00;;30;120
212853;01/05/2025;t;$148.00;;30;120
212853;02/05/2025;t;$148.00;;30;120
212853;03/05/2025;t;$148.00;;30;120
212853;04/05/2025;t;$148.00;;30;120
212853;05/05/2025;t;$148.00;;30;120
212853;06/05/2025;t;$148.00;;30;120
212853;07/05/2025;t;$148.00;;30;120
212853;08/05/2025;t;$148.00;;30;120
212853;09/05/2025;t;$148.00;;30;120
212853;10/05/2025;t;$148.00;;30;120
212853;11/05/2025;t;$148.00;;30;120
212853;12/05/2025;t;$148.00;;30;120
212853;13/05/2025;t;$148.00;;30;120
212853;14/05/2025;t;$148.00;;30;120
212853;15/05/2025;t;$148.00;;30;120
212853;16/05/2025;t;$148.00;;30;120
212853;17/05/2025;t;$148.00;;30;120
212853;18/05/2025;t;$148.00;;30;120
212853;19/05/2025;t;$148.00;;30;120
212853;20/05/2025;t;$148.00;;30;120
212853;21/05/2025;t;$148.00;;30;120
212853;22/05/2025;t;$148.00;;30;120
212853;23/05/2025;t;$148.00;;30;120
212853;24/05/2025;t;$148.00;;30;120
212853;25/05/2025;t;$148.00;;30;120
212853;26/05/2025;t;$148.00;;30;120
212853;27/05/2025;t;$148.00;;30;120
212853;28/05/2025;t;$148.00;;30;120
212853;29/05/2025;t;$148.00;;30;120
212853;30/05/2025;t;$148.00;;30;120
212853;31/05/2025;t;$148.00;;30;120
212853;01/06/2025;t;$148.00;;30;120
212853;02/06/2025;t;$148.00;;30;120
212853;03/06/2025;t;$148.00;;30;120
212853;04/06/2025;t;$148.00;;30;120
212853;05/06/2025;t;$148.00;;30;120
212853;06/06/2025;t;$148.00;;30;120
212853;07/06/2025;t;$148.00;;30;120
212853;08/06/2025;t;$148.00;;30;120
212853;09/06/2025;t;$148.00;;30;120
212853;10/06/2025;t;$148.00;;30;120
212853;11/06/2025;t;$148.00;;30;120
212853;12/06/2025;t;$148.00;;30;120
212853;13/06/2025;t;$148.00;;30;120
212853;14/06/2025;t;$148.00;;30;120
212853;15/06/2025;t;$148.00;;30;120
212853;16/06/2025;t;$148.00;;30;120
212853;17/06/2025;t;$148.00;;30;120
212853;18/06/2025;t;$148.00;;30;120
212853;19/06/2025;t;$148.00;;30;120
212853;20/06/2025;t;$148.00;;30;120
212853;21/06/2025;t;$148.00;;30;120
212853;22/06/2025;t;$148.00;;30;120
212853;23/06/2025;t;$148.00;;30;120
212853;24/06/2025;t;$148.00;;30;120
212853;25/06/2025;t;$148.00;;30;120
212853;26/06/2025;t;$148.00;;30;120
212853;27/06/2025;t;$148.00;;30;120
212853;28/06/2025;t;$148.00;;30;120
212853;29/06/2025;t;$148.00;;30;120
212853;30/06/2025;t;$148.00;;30;120
212853;01/07/2025;f;$148.00;;30;120
212853;02/07/2025;f;$148.00;;30;120
212853;03/07/2025;f;$148.00;;30;120
212853;04/07/2025;f;$148.00;;30;120
212853;05/07/2025;f;$148.00;;30;120
212853;06/07/2025;f;$148.00;;30;120
212853;07/07/2025;f;$148.00;;30;120
212853;08/07/2025;f;$148.00;;30;120
212853;09/07/2025;f;$148.00;;30;120
212853;10/07/2025;f;$148.00;;30;120
212853;11/07/2025;f;$148.00;;30;120
212853;12/07/2025;f;$148.00;;30;120
212853;13/07/2025;f;$148.00;;30;120
212853;14/07/2025;f;$148.00;;30;120
212853;15/07/2025;f;$148.00;;30;120
212853;16/07/2025;f;$148.00;;30;120
212853;17/07/2025;f;$148.00;;30;120
212853;18/07/2025;f;$148.00;;30;120
212853;19/07/2025;f;$148.00;;30;120
212853;20/07/2025;f;$148.00;;30;120
212853;21/07/2025;f;$148.00;;30;120
212853;22/07/2025;f;$148.00;;30;120
212853;23/07/2025;f;$148.00;;30;120
212853;24/07/2025;f;$148.00;;30;120
212853;25/07/2025;f;$148.00;;30;120
212853;26/07/2025;f;$148.00;;30;120
212853;27/07/2025;f;$148.00;;30;120
212853;28/07/2025;f;$148.00;;30;120
212853;29/07/2025;f;$148.00;;30;120
212853;30/07/2025;f;$148.00;;30;120
212853;31/07/2025;f;$148.00;;30;120
212853;01/08/2025;f;$148.00;;30;120
212853;02/08/2025;f;$148.00;;30;120
212853;03/08/2025;f;$148.00;;30;120
212853;04/08/2025;f;$148.00;;30;120
212853;05/08/2025;f;$148.00;;30;120
212853;06/08/2025;f;$148.00;;30;120
212853;07/08/2025;f;$148.00;;30;120
212853;08/08/2025;f;$148.00;;30;120
212853;09/08/2025;f;$148.00;;30;120
212853;10/08/2025;f;$148.00;;30;120
212853;11/08/2025;f;$148.00;;30;120
212853;12/08/2025;f;$148.00;;30;120
212853;13/08/2025;f;$148.00;;30;120
212853;14/08/2025;f;$148.00;;30;120
212853;15/08/2025;f;$148.00;;30;120
212853;16/08/2025;f;$148.00;;30;120
212853;17/08/2025;f;$148.00;;30;120
212853;18/08/2025;f;$148.00;;30;120
212853;19/08/2025;f;$148.00;;30;120
212853;20/08/2025;f;$148.00;;30;120
212853;21/08/2025;f;$148.00;;30;120
212853;22/08/2025;f;$148.00;;30;120
212853;23/08/2025;f;$148.00;;30;120
212853;24/08/2025;f;$148.00;;30;120
212853;25/08/2025;f;$148.00;;30;120
212853;26/08/2025;f;$148.00;;30;120
212853;27/08/2025;f;$148.00;;30;120
212853;28/08/2025;f;$148.00;;30;120
212853;29/08/2025;f;$148.00;;30;120
212853;30/08/2025;f;$148.00;;30;120
212853;31/08/2025;f;$148.00;;30;120
212853;01/09/2025;f;$148.00;;30;120
212853;02/09/2025;f;$148.00;;30;120
212853;03/09/2025;f;$148.00;;30;120
212853;04/09/2025;f;$148.00;;30;120
212853;05/09/2025;f;$148.00;;30;120
212853;06/09/2025;f;$148.00;;30;120
212853;07/09/2025;f;$148.00;;30;120
212853;08/09/2025;f;$148.00;;30;120
212853;09/09/2025;f;$148.00;;30;120
212853;10/09/2025;f;$148.00;;30;120
212853;11/09/2025;f;$148.00;;30;120
212853;12/09/2025;f;$148.00;;30;120
212853;13/09/2025;f;$148.00;;30;120
212853;14/09/2025;f;$148.00;;30;120
212853;15/09/2025;f;$148.00;;30;120
212853;16/09/2025;f;$148.00;;30;120
212853;17/09/2025;f;$148.00;;30;120
212853;18/09/2025;f;$148.00;;30;120
212853;19/09/2025;f;$148.00;;30;120
212853;20/09/2025;f;$148.00;;30;120
212853;21/09/2025;f;$148.00;;30;120
212853;22/09/2025;f;$148.00;;30;120
212853;23/09/2025;f;$148.00;;30;120
212853;24/09/2025;f;$148.00;;30;120
212853;25/09/2025;f;$148.00;;30;120
212853;26/09/2025;f;$148.00;;30;120
212853;27/09/2025;f;$148.00;;30;120
212853;28/09/2025;f;$148.00;;30;120
212853;29/09/2025;f;$148.00;;30;120
212853;30/09/2025;f;$148.00;;30;120
212853;01/10/2025;f;$148.00;;30;120
212853;02/10/2025;f;$148.00;;30;120
212853;03/10/2025;f;$148.00;;30;120
212853;04/10/2025;f;$148.00;;30;120
212853;05/10/2025;f;$148.00;;30;120
212853;06/10/2025;f;$148.00;;30;120
212853;07/10/2025;f;$148.00;;30;120
212853;08/10/2025;f;$148.00;;30;120
212853;09/10/2025;f;$148.00;;30;120
212853;10/10/2025;f;$148.00;;30;120
212853;11/10/2025;f;$148.00;;30;120
212853;12/10/2025;f;$148.00;;30;120
212853;13/10/2025;f;$148.00;;30;120
212853;14/10/2025;f;$148.00;;30;120
212853;15/10/2025;f;$148.00;;30;120
212853;16/10/2025;f;$148.00;;30;120
212853;17/10/2025;f;$148.00;;30;120
212853;18/10/2025;f;$148.00;;30;120
212853;19/10/2025;f;$148.00;;30;120
212853;20/10/2025;f;$148.00;;30;120
212853;21/10/2025;f;$148.00;;30;120
212853;22/10/2025;f;$148.00;;30;120
212853;23/10/2025;f;$148.00;;30;120
212853;24/10/2025;f;$148.00;;30;120
212853;25/10/2025;f;$148.00;;30;120
212853;26/10/2025;f;$148.00;;30;120
212853;27/10/2025;f;$148.00;;30;120
212853;28/10/2025;f;$148.00;;30;120
212853;29/10/2025;f;$148.00;;30;120
212853;30/10/2025;f;$148.00;;30;120
212853;31/10/2025;f;$148.00;;30;120
212853;01/11/2025;f;$148.00;;30;120
212853;02/11/2025;f;$148.00;;30;120
212853;03/11/2025;f;$148.00;;30;120
212853;04/11/2025;f;$148.00;;30;120
212853;05/11/2025;f;$148.00;;30;120
212853;06/11/2025;f;$148.00;;30;120
212853;07/11/2025;f;$148.00;;30;120
212853;08/11/2025;f;$148.00;;30;120
212853;09/11/2025;f;$148.00;;30;120
212853;10/11/2025;f;$148.00;;30;120
212853;11/11/2025;f;$148.00;;30;120
212853;12/11/2025;f;$148.00;;30;120
212853;13/11/2025;f;$148.00;;30;120
212853;14/11/2025;f;$148.00;;30;120
212853;15/11/2025;f;$148.00;;30;120
212853;16/11/2025;f;$148.00;;30;120
212853;17/11/2025;f;$148.00;;30;120
212853;18/11/2025;f;$148.00;;30;120
212853;19/11/2025;f;$148.00;;30;120
212853;20/11/2025;f;$148.00;;30;120
212853;21/11/2025;f;$148.00;;30;120
212853;22/11/2025;f;$148.00;;30;120
212853;23/11/2025;f;$148.00;;30;120
212853;24/11/2025;f;$148.00;;30;120
212853;25/11/2025;f;$148.00;;30;120
212853;26/11/2025;f;$148.00;;30;120
212853;27/11/2025;f;$148.00;;30;120
212853;28/11/2025;f;$148.00;;30;120
212853;29/11/2025;f;$148.00;;30;120
212853;30/11/2025;f;$148.00;;30;120
212853;01/12/2025;f;$148.00;;30;120
212853;02/12/2025;f;$148.00;;30;120
212853;03/12/2025;f;$148.00;;30;120
212853;04/12/2025;f;$148.00;;30;120
212853;05/12/2025;f;$148.00;;30;120
212853;06/12/2025;f;$148.00;;30;120
212853;07/12/2025;f;$148.00;;30;120
212853;08/12/2025;f;$148.00;;30;120
213360;09/12/2024;f;$100.00;;7;90
213360;10/12/2024;f;$100.00;;7;90
213360;11/12/2024;f;$100.00;;7;90
213360;12/12/2024;f;$100.00;;7;90
213360;13/12/2024;f;$100.00;;7;90
213360;14/12/2024;f;$100.00;;7;90
213360;15/12/2024;f;$100.00;;7;90
213360;16/12/2024;f;$100.00;;7;90
213360;17/12/2024;f;$100.00;;7;90
213360;18/12/2024;f;$100.00;;7;90
213360;19/12/2024;f;$100.00;;7;90
213360;20/12/2024;f;$100.00;;7;90
213360;21/12/2024;f;$100.00;;7;90
213360;22/12/2024;f;$100.00;;7;90
213360;23/12/2024;f;$100.00;;7;90
213360;24/12/2024;f;$100.00;;7;90
213360;25/12/2024;f;$100.00;;7;90
213360;26/12/2024;f;$100.00;;7;90
213360;27/12/2024;f;$100.00;;7;90
213360;28/12/2024;f;$100.00;;7;90
213360;29/12/2024;f;$100.00;;7;90
213360;30/12/2024;f;$100.00;;7;90
213360;31/12/2024;f;$100.00;;7;90
213360;01/01/2025;f;$100.00;;7;90
213360;02/01/2025;f;$100.00;;7;90
213360;03/01/2025;f;$100.00;;7;90
213360;04/01/2025;f;$100.00;;7;90
213360;05/01/2025;f;$100.00;;7;90
213360;06/01/2025;f;$100.00;;7;90
213360;07/01/2025;f;$100.00;;7;90
213360;08/01/2025;f;$100.00;;7;90
213360;09/01/2025;f;$100.00;;7;90
213360;10/01/2025;f;$100.00;;7;90
213360;11/01/2025;f;$100.00;;7;90
213360;12/01/2025;f;$100.00;;7;90
213360;13/01/2025;f;$100.00;;7;90
213360;14/01/2025;f;$100.00;;7;90
213360;15/01/2025;f;$100.00;;7;90
213360;16/01/2025;f;$100.00;;7;90
213360;17/01/2025;f;$100.00;;7;90
213360;18/01/2025;f;$100.00;;7;90
213360;19/01/2025;f;$100.00;;7;90
213360;20/01/2025;f;$100.00;;7;90
213360;21/01/2025;f;$100.00;;7;90
213360;22/01/2025;f;$100.00;;7;90
213360;23/01/2025;f;$100.00;;7;90
213360;24/01/2025;f;$100.00;;7;90
213360;25/01/2025;f;$100.00;;7;90
213360;26/01/2025;f;$100.00;;7;90
213360;27/01/2025;f;$100.00;;7;90
213360;28/01/2025;f;$100.00;;7;90
213360;29/01/2025;f;$100.00;;7;90
213360;30/01/2025;f;$100.00;;7;90
213360;31/01/2025;f;$100.00;;7;90
213360;01/02/2025;f;$100.00;;7;90
213360;02/02/2025;f;$100.00;;7;90
213360;03/02/2025;f;$100.00;;7;90
213360;04/02/2025;f;$100.00;;7;90
213360;05/02/2025;f;$100.00;;7;90
213360;06/02/2025;f;$100.00;;7;90
213360;07/02/2025;f;$100.00;;7;90
213360;08/02/2025;f;$100.00;;7;90
213360;09/02/2025;f;$100.00;;7;90
213360;10/02/2025;f;$100.00;;7;90
213360;11/02/2025;f;$100.00;;7;90
213360;12/02/2025;f;$100.00;;7;90
213360;13/02/2025;f;$100.00;;7;90
213360;14/02/2025;f;$100.00;;7;90
213360;15/02/2025;f;$100.00;;7;90
213360;16/02/2025;f;$100.00;;7;90
213360;17/02/2025;f;$100.00;;7;90
213360;18/02/2025;f;$100.00;;7;90
213360;19/02/2025;f;$100.00;;7;90
213360;20/02/2025;f;$100.00;;7;90
213360;21/02/2025;f;$100.00;;7;90
213360;22/02/2025;f;$100.00;;7;90
213360;23/02/2025;f;$100.00;;7;90
213360;24/02/2025;f;$100.00;;7;90
213360;25/02/2025;f;$100.00;;7;90
213360;26/02/2025;f;$100.00;;7;90
213360;27/02/2025;f;$100.00;;7;90
213360;28/02/2025;f;$100.00;;7;90
213360;01/03/2025;f;$100.00;;7;90
213360;02/03/2025;f;$100.00;;7;90
213360;03/03/2025;f;$100.00;;7;90
213360;04/03/2025;f;$100.00;;7;90
213360;05/03/2025;f;$100.00;;7;90
213360;06/03/2025;f;$100.00;;7;90
213360;07/03/2025;f;$100.00;;7;90
213360;08/03/2025;f;$100.00;;7;90
213360;09/03/2025;f;$100.00;;7;90
213360;10/03/2025;f;$100.00;;7;90
213360;11/03/2025;f;$100.00;;7;90
213360;12/03/2025;f;$100.00;;7;90
213360;13/03/2025;f;$100.00;;7;90
213360;14/03/2025;f;$100.00;;7;90
213360;15/03/2025;f;$100.00;;7;90
213360;16/03/2025;f;$100.00;;7;90
213360;17/03/2025;f;$100.00;;7;90
213360;18/03/2025;f;$100.00;;7;90
213360;19/03/2025;f;$100.00;;7;90
213360;20/03/2025;f;$100.00;;7;90
213360;21/03/2025;f;$100.00;;7;90
213360;22/03/2025;f;$100.00;;7;90
213360;23/03/2025;f;$100.00;;7;90
213360;24/03/2025;f;$100.00;;7;90
213360;25/03/2025;f;$100.00;;7;90
213360;26/03/2025;f;$100.00;;7;90
213360;27/03/2025;f;$100.00;;7;90
213360;28/03/2025;f;$100.00;;7;90
213360;29/03/2025;f;$100.00;;7;90
213360;30/03/2025;f;$100.00;;7;90
213360;31/03/2025;f;$100.00;;7;90
213360;01/04/2025;f;$100.00;;7;90
213360;02/04/2025;f;$100.00;;7;90
213360;03/04/2025;f;$100.00;;7;90
213360;04/04/2025;f;$100.00;;7;90
213360;05/04/2025;f;$100.00;;7;90
213360;06/04/2025;f;$100.00;;7;90
213360;07/04/2025;f;$100.00;;7;90
213360;08/04/2025;f;$100.00;;7;90
213360;09/04/2025;f;$100.00;;7;90
213360;10/04/2025;f;$100.00;;7;90
213360;11/04/2025;f;$100.00;;7;90
213360;12/04/2025;f;$100.00;;7;90
213360;13/04/2025;f;$100.00;;7;90
213360;14/04/2025;f;$100.00;;7;90
213360;15/04/2025;f;$100.00;;7;90
213360;16/04/2025;f;$100.00;;7;90
213360;17/04/2025;f;$100.00;;7;90
213360;18/04/2025;f;$100.00;;7;90
213360;19/04/2025;f;$100.00;;7;90
213360;20/04/2025;f;$100.00;;7;90
213360;21/04/2025;f;$100.00;;7;90
213360;22/04/2025;f;$100.00;;7;90
213360;23/04/2025;f;$100.00;;7;90
213360;24/04/2025;f;$100.00;;7;90
213360;25/04/2025;f;$100.00;;7;90
213360;26/04/2025;f;$100.00;;7;90
213360;27/04/2025;f;$100.00;;7;90
213360;28/04/2025;f;$100.00;;7;90
213360;29/04/2025;f;$100.00;;7;90
213360;30/04/2025;f;$100.00;;7;90
213360;01/05/2025;f;$100.00;;7;90
213360;02/05/2025;f;$100.00;;7;90
213360;03/05/2025;f;$100.00;;7;90
213360;04/05/2025;f;$100.00;;7;90
213360;05/05/2025;f;$100.00;;7;90
213360;06/05/2025;f;$100.00;;7;90
213360;07/05/2025;f;$100.00;;7;90
213360;08/05/2025;f;$100.00;;7;90
213360;09/05/2025;f;$100.00;;7;90
213360;10/05/2025;f;$100.00;;7;90
213360;11/05/2025;f;$100.00;;7;90
213360;12/05/2025;f;$100.00;;7;90
213360;13/05/2025;f;$100.00;;7;90
213360;14/05/2025;f;$100.00;;7;90
213360;15/05/2025;f;$100.00;;7;90
213360;16/05/2025;f;$100.00;;7;90
213360;17/05/2025;f;$100.00;;7;90
213360;18/05/2025;f;$100.00;;7;90
213360;19/05/2025;f;$100.00;;7;90
213360;20/05/2025;f;$100.00;;7;90
213360;21/05/2025;f;$100.00;;7;90
213360;22/05/2025;f;$100.00;;7;90
213360;23/05/2025;f;$100.00;;7;90
213360;24/05/2025;f;$100.00;;7;90
213360;25/05/2025;f;$100.00;;7;90
213360;26/05/2025;f;$100.00;;7;90
213360;27/05/2025;f;$100.00;;7;90
213360;28/05/2025;f;$100.00;;7;90
213360;29/05/2025;f;$100.00;;7;90
213360;30/05/2025;f;$100.00;;7;90
213360;31/05/2025;f;$100.00;;7;90
213360;01/06/2025;f;$100.00;;7;90
213360;02/06/2025;f;$100.00;;7;90
213360;03/06/2025;f;$100.00;;7;90
213360;04/06/2025;f;$100.00;;7;90
213360;05/06/2025;f;$100.00;;7;90
213360;06/06/2025;f;$100.00;;7;90
213360;07/06/2025;f;$100.00;;7;90
213360;08/06/2025;f;$100.00;;7;90
213360;09/06/2025;f;$100.00;;7;90
213360;10/06/2025;f;$100.00;;7;90
213360;11/06/2025;f;$100.00;;7;90
213360;12/06/2025;f;$100.00;;7;90
213360;13/06/2025;f;$100.00;;7;90
213360;14/06/2025;f;$100.00;;7;90
213360;15/06/2025;f;$100.00;;7;90
213360;16/06/2025;f;$100.00;;7;90
213360;17/06/2025;f;$100.00;;7;90
213360;18/06/2025;f;$100.00;;7;90
213360;19/06/2025;f;$100.00;;7;90
213360;20/06/2025;f;$100.00;;7;90
213360;21/06/2025;f;$100.00;;7;90
213360;22/06/2025;f;$100.00;;7;90
213360;23/06/2025;f;$100.00;;7;90
213360;24/06/2025;f;$100.00;;7;90
213360;25/06/2025;f;$100.00;;7;90
213360;26/06/2025;f;$100.00;;7;90
213360;27/06/2025;f;$100.00;;7;90
213360;28/06/2025;f;$100.00;;7;90
213360;29/06/2025;f;$100.00;;7;90
213360;30/06/2025;f;$100.00;;7;90
213360;01/07/2025;f;$100.00;;7;90
213360;02/07/2025;f;$100.00;;7;90
213360;03/07/2025;f;$100.00;;7;90
213360;04/07/2025;f;$100.00;;7;90
213360;05/07/2025;f;$100.00;;7;90
213360;06/07/2025;f;$100.00;;7;90
213360;07/07/2025;f;$100.00;;7;90
213360;08/07/2025;f;$100.00;;7;90
213360;09/07/2025;f;$100.00;;7;90
213360;10/07/2025;f;$100.00;;7;90
213360;11/07/2025;f;$100.00;;7;90
213360;12/07/2025;f;$100.00;;7;90
213360;13/07/2025;f;$100.00;;7;90
213360;14/07/2025;f;$100.00;;7;90
213360;15/07/2025;f;$100.00;;7;90
213360;16/07/2025;f;$100.00;;7;90
213360;17/07/2025;f;$100.00;;7;90
213360;18/07/2025;f;$100.00;;7;90
213360;19/07/2025;f;$100.00;;7;90
213360;20/07/2025;f;$100.00;;7;90
213360;21/07/2025;f;$100.00;;7;90
213360;22/07/2025;f;$100.00;;7;90
213360;23/07/2025;f;$100.00;;7;90
213360;24/07/2025;f;$100.00;;7;90
213360;25/07/2025;f;$100.00;;7;90
213360;26/07/2025;f;$100.00;;7;90
213360;27/07/2025;f;$100.00;;7;90
213360;28/07/2025;f;$100.00;;7;90
213360;29/07/2025;f;$100.00;;7;90
213360;30/07/2025;f;$100.00;;7;90
213360;31/07/2025;f;$100.00;;7;90
213360;01/08/2025;f;$100.00;;7;90
213360;02/08/2025;f;$100.00;;7;90
213360;03/08/2025;f;$100.00;;7;90
213360;04/08/2025;f;$100.00;;7;90
213360;05/08/2025;f;$100.00;;7;90
213360;06/08/2025;f;$100.00;;7;90
213360;07/08/2025;f;$100.00;;7;90
213360;08/08/2025;f;$100.00;;7;90
213360;09/08/2025;f;$100.00;;7;90
213360;10/08/2025;f;$100.00;;7;90
213360;11/08/2025;f;$100.00;;7;90
213360;12/08/2025;f;$100.00;;7;90
213360;13/08/2025;f;$100.00;;7;90
213360;14/08/2025;f;$100.00;;7;90
213360;15/08/2025;f;$100.00;;7;90
213360;16/08/2025;f;$100.00;;7;90
213360;17/08/2025;f;$100.00;;7;90
213360;18/08/2025;f;$100.00;;7;90
213360;19/08/2025;f;$100.00;;7;90
213360;20/08/2025;f;$100.00;;7;90
213360;21/08/2025;f;$100.00;;7;90
213360;22/08/2025;f;$100.00;;7;90
213360;23/08/2025;f;$100.00;;7;90
213360;24/08/2025;f;$100.00;;7;90
213360;25/08/2025;f;$100.00;;7;90
213360;26/08/2025;f;$100.00;;7;90
213360;27/08/2025;f;$100.00;;7;90
213360;28/08/2025;f;$100.00;;7;90
213360;29/08/2025;f;$100.00;;7;90
213360;30/08/2025;f;$100.00;;7;90
213360;31/08/2025;f;$100.00;;7;90
213360;01/09/2025;f;$100.00;;7;90
213360;02/09/2025;f;$100.00;;7;90
213360;03/09/2025;f;$100.00;;7;90
213360;04/09/2025;f;$100.00;;7;90
213360;05/09/2025;f;$100.00;;7;90
213360;06/09/2025;f;$100.00;;7;90
213360;07/09/2025;f;$100.00;;7;90
213360;08/09/2025;f;$100.00;;7;90
213360;09/09/2025;f;$100.00;;7;90
213360;10/09/2025;f;$100.00;;7;90
213360;11/09/2025;f;$100.00;;7;90
213360;12/09/2025;f;$100.00;;7;90
213360;13/09/2025;t;$100.00;;7;90
213360;14/09/2025;t;$100.00;;7;90
213360;15/09/2025;t;$100.00;;7;90
213360;16/09/2025;t;$100.00;;7;90
213360;17/09/2025;t;$100.00;;7;90
213360;18/09/2025;t;$100.00;;7;90
213360;19/09/2025;t;$100.00;;7;90
213360;20/09/2025;t;$100.00;;7;90
213360;21/09/2025;t;$100.00;;7;90
213360;22/09/2025;t;$100.00;;7;90
213360;23/09/2025;t;$100.00;;7;90
213360;24/09/2025;t;$100.00;;7;90
213360;25/09/2025;t;$100.00;;7;90
213360;26/09/2025;t;$100.00;;7;90
213360;27/09/2025;t;$100.00;;7;90
213360;28/09/2025;t;$100.00;;7;90
213360;29/09/2025;t;$100.00;;7;90
213360;30/09/2025;t;$100.00;;7;90
213360;01/10/2025;t;$100.00;;7;90
213360;02/10/2025;t;$100.00;;7;90
213360;03/10/2025;t;$100.00;;7;90
213360;04/10/2025;t;$100.00;;7;90
213360;05/10/2025;t;$100.00;;7;90
213360;06/10/2025;t;$100.00;;7;90
213360;07/10/2025;t;$100.00;;7;90
213360;08/10/2025;t;$100.00;;7;90
213360;09/10/2025;t;$100.00;;7;90
213360;10/10/2025;t;$100.00;;7;90
213360;11/10/2025;t;$100.00;;7;90
213360;12/10/2025;t;$100.00;;7;90
213360;13/10/2025;t;$100.00;;7;90
213360;14/10/2025;t;$100.00;;7;90
213360;15/10/2025;t;$100.00;;7;90
213360;16/10/2025;t;$100.00;;7;90
213360;17/10/2025;t;$100.00;;7;90
213360;18/10/2025;t;$100.00;;7;90
213360;19/10/2025;t;$100.00;;7;90
213360;20/10/2025;t;$100.00;;7;90
213360;21/10/2025;t;$100.00;;7;90
213360;22/10/2025;t;$100.00;;7;90
213360;23/10/2025;t;$100.00;;7;90
213360;24/10/2025;t;$100.00;;7;90
213360;25/10/2025;t;$100.00;;7;90
213360;26/10/2025;t;$100.00;;7;90
213360;27/10/2025;t;$100.00;;7;90
213360;28/10/2025;t;$100.00;;7;90
213360;29/10/2025;t;$100.00;;7;90
213360;30/10/2025;t;$100.00;;7;90
213360;31/10/2025;t;$100.00;;7;90
213360;01/11/2025;t;$100.00;;7;90
213360;02/11/2025;t;$100.00;;7;90
213360;03/11/2025;t;$100.00;;7;90
213360;04/11/2025;t;$100.00;;7;90
213360;05/11/2025;t;$100.00;;7;90
213360;06/11/2025;t;$100.00;;7;90
213360;07/11/2025;t;$100.00;;7;90
213360;08/11/2025;t;$100.00;;7;90
213360;09/11/2025;t;$100.00;;7;90
213360;10/11/2025;t;$100.00;;7;90
213360;11/11/2025;t;$100.00;;7;90
213360;12/11/2025;t;$100.00;;7;90
213360;13/11/2025;t;$100.00;;7;90
213360;14/11/2025;t;$100.00;;7;90
213360;15/11/2025;t;$100.00;;7;90
213360;16/11/2025;t;$100.00;;7;90
213360;17/11/2025;t;$100.00;;7;90
213360;18/11/2025;t;$100.00;;7;90
213360;19/11/2025;t;$100.00;;7;90
213360;20/11/2025;t;$100.00;;7;90
213360;21/11/2025;t;$100.00;;7;90
213360;22/11/2025;t;$100.00;;7;90
213360;23/11/2025;t;$100.00;;7;90
213360;24/11/2025;t;$100.00;;7;90
213360;25/11/2025;t;$100.00;;7;90
213360;26/11/2025;t;$100.00;;7;90
213360;27/11/2025;t;$100.00;;7;90
213360;28/11/2025;t;$100.00;;7;90
213360;29/11/2025;t;$100.00;;7;90
213360;30/11/2025;t;$100.00;;7;90
213360;01/12/2025;t;$100.00;;7;90
213360;02/12/2025;t;$100.00;;7;90
213360;03/12/2025;t;$100.00;;7;90
213360;04/12/2025;t;$100.00;;7;90
213360;05/12/2025;t;$100.00;;7;90
213360;06/12/2025;t;$100.00;;7;90
213360;07/12/2025;t;$100.00;;7;90
213360;08/12/2025;t;$100.00;;7;90
214046;09/12/2024;f;$180.00;;30;365
214046;10/12/2024;f;$180.00;;30;365
214046;11/12/2024;f;$180.00;;30;365
214046;12/12/2024;f;$180.00;;30;365
214046;13/12/2024;f;$180.00;;30;365
214046;14/12/2024;f;$180.00;;30;365
214046;15/12/2024;f;$180.00;;30;365
214046;16/12/2024;f;$180.00;;30;365
214046;17/12/2024;f;$180.00;;30;365
214046;18/12/2024;f;$180.00;;30;365
214046;19/12/2024;f;$180.00;;30;365
214046;20/12/2024;f;$180.00;;30;365
214046;21/12/2024;f;$180.00;;30;365
214046;22/12/2024;f;$180.00;;30;365
214046;23/12/2024;t;$180.00;;30;365
214046;24/12/2024;t;$180.00;;30;365
214046;25/12/2024;t;$180.00;;30;365
214046;26/12/2024;t;$180.00;;30;365
214046;27/12/2024;t;$180.00;;30;365
214046;28/12/2024;t;$180.00;;30;365
214046;29/12/2024;t;$180.00;;30;365
214046;30/12/2024;t;$180.00;;30;365
214046;31/12/2024;t;$180.00;;30;365
214046;01/01/2025;t;$180.00;;30;365
214046;02/01/2025;t;$180.00;;30;365
214046;03/01/2025;t;$180.00;;30;365
214046;04/01/2025;t;$180.00;;30;365
214046;05/01/2025;t;$180.00;;30;365
214046;06/01/2025;t;$180.00;;30;365
214046;07/01/2025;t;$180.00;;30;365
214046;08/01/2025;t;$180.00;;30;365
214046;09/01/2025;t;$180.00;;30;365
214046;10/01/2025;t;$180.00;;30;365
214046;11/01/2025;t;$180.00;;30;365
214046;12/01/2025;t;$180.00;;30;365
214046;13/01/2025;f;$180.00;;30;365
214046;14/01/2025;f;$180.00;;30;365
214046;15/01/2025;f;$180.00;;30;365
214046;16/01/2025;f;$180.00;;30;365
214046;17/01/2025;f;$180.00;;30;365
214046;18/01/2025;f;$180.00;;30;365
214046;19/01/2025;f;$180.00;;30;365
214046;20/01/2025;f;$180.00;;30;365
214046;21/01/2025;f;$180.00;;30;365
214046;22/01/2025;f;$180.00;;30;365
214046;23/01/2025;f;$180.00;;30;365
214046;24/01/2025;f;$180.00;;30;365
214046;25/01/2025;f;$180.00;;30;365
214046;26/01/2025;f;$180.00;;30;365
214046;27/01/2025;f;$180.00;;30;365
214046;28/01/2025;f;$180.00;;30;365
214046;29/01/2025;f;$180.00;;30;365
214046;30/01/2025;f;$180.00;;30;365
214046;31/01/2025;f;$180.00;;30;365
214046;01/02/2025;f;$180.00;;30;365
214046;02/02/2025;f;$180.00;;30;365
214046;03/02/2025;f;$180.00;;30;365
214046;04/02/2025;f;$180.00;;30;365
214046;05/02/2025;f;$180.00;;30;365
214046;06/02/2025;f;$180.00;;30;365
214046;07/02/2025;f;$180.00;;30;365
214046;08/02/2025;f;$180.00;;30;365
214046;09/02/2025;f;$180.00;;30;365
214046;10/02/2025;f;$180.00;;30;365
214046;11/02/2025;f;$180.00;;30;365
214046;12/02/2025;f;$180.00;;30;365
214046;13/02/2025;f;$180.00;;30;365
214046;14/02/2025;f;$180.00;;30;365
214046;15/02/2025;f;$180.00;;30;365
214046;16/02/2025;f;$180.00;;30;365
214046;17/02/2025;f;$180.00;;30;365
214046;18/02/2025;f;$180.00;;30;365
214046;19/02/2025;f;$180.00;;30;365
214046;20/02/2025;f;$180.00;;30;365
214046;21/02/2025;f;$180.00;;30;365
214046;22/02/2025;f;$180.00;;30;365
214046;23/02/2025;f;$180.00;;30;365
214046;24/02/2025;f;$180.00;;30;365
214046;25/02/2025;f;$180.00;;30;365
214046;26/02/2025;f;$180.00;;30;365
214046;27/02/2025;f;$180.00;;30;365
214046;28/02/2025;f;$180.00;;30;365
214046;01/03/2025;f;$180.00;;30;365
214046;02/03/2025;f;$180.00;;30;365
214046;03/03/2025;f;$180.00;;30;365
214046;04/03/2025;f;$180.00;;30;365
214046;05/03/2025;f;$180.00;;30;365
214046;06/03/2025;f;$180.00;;30;365
214046;07/03/2025;f;$180.00;;30;365
214046;08/03/2025;f;$180.00;;30;365
214046;09/03/2025;f;$180.00;;30;365
214046;10/03/2025;f;$180.00;;30;365
214046;11/03/2025;f;$180.00;;30;365
214046;12/03/2025;f;$180.00;;30;365
214046;13/03/2025;f;$180.00;;30;365
214046;14/03/2025;f;$180.00;;30;365
214046;15/03/2025;f;$180.00;;30;365
214046;16/03/2025;f;$180.00;;30;365
214046;17/03/2025;f;$180.00;;30;365
214046;18/03/2025;f;$180.00;;30;365
214046;19/03/2025;f;$180.00;;30;365
214046;20/03/2025;f;$180.00;;30;365
214046;21/03/2025;f;$180.00;;30;365
214046;22/03/2025;f;$180.00;;30;365
214046;23/03/2025;f;$180.00;;30;365
214046;24/03/2025;f;$180.00;;30;365
214046;25/03/2025;f;$180.00;;30;365
214046;26/03/2025;f;$180.00;;30;365
214046;27/03/2025;f;$180.00;;30;365
214046;28/03/2025;f;$180.00;;30;365
214046;29/03/2025;f;$180.00;;30;365
214046;30/03/2025;f;$180.00;;30;365
214046;31/03/2025;f;$180.00;;30;365
214046;01/04/2025;f;$180.00;;30;365
214046;02/04/2025;f;$180.00;;30;365
214046;03/04/2025;f;$180.00;;30;365
214046;04/04/2025;f;$180.00;;30;365
214046;05/04/2025;f;$180.00;;30;365
214046;06/04/2025;f;$180.00;;30;365
214046;07/04/2025;f;$180.00;;30;365
214046;08/04/2025;f;$180.00;;30;365
214046;09/04/2025;f;$180.00;;30;365
214046;10/04/2025;f;$180.00;;30;365
214046;11/04/2025;f;$180.00;;30;365
214046;12/04/2025;f;$180.00;;30;365
214046;13/04/2025;f;$180.00;;30;365
214046;14/04/2025;f;$180.00;;30;365
214046;15/04/2025;f;$180.00;;30;365
214046;16/04/2025;f;$180.00;;30;365
214046;17/04/2025;f;$180.00;;30;365
214046;18/04/2025;f;$180.00;;30;365
214046;19/04/2025;f;$180.00;;30;365
214046;20/04/2025;f;$180.00;;30;365
214046;21/04/2025;f;$180.00;;30;365
214046;22/04/2025;f;$180.00;;30;365
214046;23/04/2025;f;$180.00;;30;365
214046;24/04/2025;f;$180.00;;30;365
214046;25/04/2025;f;$180.00;;30;365
214046;26/04/2025;f;$180.00;;30;365
214046;27/04/2025;f;$180.00;;30;365
214046;28/04/2025;f;$180.00;;30;365
214046;29/04/2025;f;$180.00;;30;365
214046;30/04/2025;f;$180.00;;30;365
214046;01/05/2025;f;$180.00;;30;365
214046;02/05/2025;f;$180.00;;30;365
214046;03/05/2025;f;$180.00;;30;365
214046;04/05/2025;f;$180.00;;30;365
214046;05/05/2025;f;$180.00;;30;365
214046;06/05/2025;f;$180.00;;30;365
214046;07/05/2025;f;$180.00;;30;365
214046;08/05/2025;f;$180.00;;30;365
214046;09/05/2025;f;$180.00;;30;365
214046;10/05/2025;f;$180.00;;30;365
214046;11/05/2025;f;$180.00;;30;365
214046;12/05/2025;f;$180.00;;30;365
214046;13/05/2025;f;$180.00;;30;365
214046;14/05/2025;f;$180.00;;30;365
214046;15/05/2025;f;$180.00;;30;365
214046;16/05/2025;f;$180.00;;30;365
214046;17/05/2025;f;$180.00;;30;365
214046;18/05/2025;f;$180.00;;30;365
214046;19/05/2025;f;$180.00;;30;365
214046;20/05/2025;f;$180.00;;30;365
214046;21/05/2025;f;$180.00;;30;365
214046;22/05/2025;f;$180.00;;30;365
214046;23/05/2025;f;$180.00;;30;365
214046;24/05/2025;f;$180.00;;30;365
214046;25/05/2025;t;$180.00;;30;365
214046;26/05/2025;t;$180.00;;30;365
214046;27/05/2025;t;$180.00;;30;365
214046;28/05/2025;t;$180.00;;30;365
214046;29/05/2025;t;$180.00;;30;365
214046;30/05/2025;t;$180.00;;30;365
214046;31/05/2025;t;$180.00;;30;365
214046;01/06/2025;t;$180.00;;30;365
214046;02/06/2025;t;$180.00;;30;365
214046;03/06/2025;t;$180.00;;30;365
214046;04/06/2025;t;$180.00;;30;365
214046;05/06/2025;t;$180.00;;30;365
214046;06/06/2025;t;$180.00;;30;365
214046;07/06/2025;t;$180.00;;30;365
214046;08/06/2025;t;$180.00;;30;365
214046;09/06/2025;t;$180.00;;30;365
214046;10/06/2025;t;$180.00;;30;365
214046;11/06/2025;t;$180.00;;30;365
214046;12/06/2025;t;$180.00;;30;365
214046;13/06/2025;t;$180.00;;30;365
214046;14/06/2025;t;$180.00;;30;365
214046;15/06/2025;t;$180.00;;30;365
214046;16/06/2025;t;$180.00;;30;365
214046;17/06/2025;t;$180.00;;30;365
214046;18/06/2025;t;$180.00;;30;365
214046;19/06/2025;t;$180.00;;30;365
214046;20/06/2025;t;$180.00;;30;365
214046;21/06/2025;t;$180.00;;30;365
214046;22/06/2025;t;$180.00;;30;365
214046;23/06/2025;t;$180.00;;30;365
214046;24/06/2025;t;$180.00;;30;365
214046;25/06/2025;t;$180.00;;30;365
214046;26/06/2025;t;$180.00;;30;365
214046;27/06/2025;t;$180.00;;30;365
214046;28/06/2025;t;$180.00;;30;365
214046;29/06/2025;t;$180.00;;30;365
214046;30/06/2025;t;$180.00;;30;365
214046;01/07/2025;t;$180.00;;30;365
214046;02/07/2025;t;$180.00;;30;365
214046;03/07/2025;t;$180.00;;30;365
214046;04/07/2025;t;$180.00;;30;365
214046;05/07/2025;f;$180.00;;30;365
214046;06/07/2025;f;$180.00;;30;365
214046;07/07/2025;f;$180.00;;30;365
214046;08/07/2025;f;$180.00;;30;365
214046;09/07/2025;f;$180.00;;30;365
214046;10/07/2025;f;$180.00;;30;365
214046;11/07/2025;f;$180.00;;30;365
214046;12/07/2025;f;$180.00;;30;365
214046;13/07/2025;f;$180.00;;30;365
214046;14/07/2025;f;$180.00;;30;365
214046;15/07/2025;f;$180.00;;30;365
214046;16/07/2025;f;$180.00;;30;365
214046;17/07/2025;f;$180.00;;30;365
214046;18/07/2025;f;$180.00;;30;365
214046;19/07/2025;f;$180.00;;30;365
214046;20/07/2025;f;$180.00;;30;365
214046;21/07/2025;f;$180.00;;30;365
214046;22/07/2025;f;$180.00;;30;365
214046;23/07/2025;f;$180.00;;30;365
214046;24/07/2025;f;$180.00;;30;365
214046;25/07/2025;f;$180.00;;30;365
214046;26/07/2025;f;$180.00;;30;365
214046;27/07/2025;f;$180.00;;30;365
214046;28/07/2025;f;$180.00;;30;365
214046;29/07/2025;f;$180.00;;30;365
214046;30/07/2025;f;$180.00;;30;365
214046;31/07/2025;f;$180.00;;30;365
214046;01/08/2025;f;$180.00;;30;365
214046;02/08/2025;f;$180.00;;30;365
214046;03/08/2025;f;$180.00;;30;365
214046;04/08/2025;f;$180.00;;30;365
214046;05/08/2025;f;$180.00;;30;365
214046;06/08/2025;f;$180.00;;30;365
214046;07/08/2025;f;$180.00;;30;365
214046;08/08/2025;f;$180.00;;30;365
214046;09/08/2025;t;$180.00;;30;365
214046;10/08/2025;t;$180.00;;30;365
214046;11/08/2025;t;$180.00;;30;365
214046;12/08/2025;t;$180.00;;30;365
214046;13/08/2025;t;$180.00;;30;365
214046;14/08/2025;t;$180.00;;30;365
214046;15/08/2025;t;$180.00;;30;365
214046;16/08/2025;t;$180.00;;30;365
214046;17/08/2025;t;$180.00;;30;365
214046;18/08/2025;t;$180.00;;30;365
214046;19/08/2025;t;$180.00;;30;365
214046;20/08/2025;t;$180.00;;30;365
214046;21/08/2025;t;$180.00;;30;365
214046;22/08/2025;t;$180.00;;30;365
214046;23/08/2025;t;$180.00;;30;365
214046;24/08/2025;t;$180.00;;30;365
214046;25/08/2025;t;$180.00;;30;365
214046;26/08/2025;t;$180.00;;30;365
214046;27/08/2025;t;$180.00;;30;365
214046;28/08/2025;t;$180.00;;30;365
214046;29/08/2025;t;$180.00;;30;365
214046;30/08/2025;t;$180.00;;30;365
214046;31/08/2025;t;$180.00;;30;365
214046;01/09/2025;t;$180.00;;30;365
214046;02/09/2025;t;$180.00;;30;365
214046;03/09/2025;t;$180.00;;30;365
214046;04/09/2025;t;$180.00;;30;365
214046;05/09/2025;t;$180.00;;30;365
214046;06/09/2025;t;$180.00;;30;365
214046;07/09/2025;t;$180.00;;30;365
214046;08/09/2025;t;$180.00;;30;365
214046;09/09/2025;t;$180.00;;30;365
214046;10/09/2025;t;$180.00;;30;365
214046;11/09/2025;t;$180.00;;30;365
214046;12/09/2025;t;$180.00;;30;365
214046;13/09/2025;t;$180.00;;30;365
214046;14/09/2025;t;$180.00;;30;365
214046;15/09/2025;t;$180.00;;30;365
214046;16/09/2025;t;$180.00;;30;365
214046;17/09/2025;t;$180.00;;30;365
214046;18/09/2025;t;$180.00;;30;365
214046;19/09/2025;t;$180.00;;30;365
214046;20/09/2025;t;$180.00;;30;365
214046;21/09/2025;t;$180.00;;30;365
214046;22/09/2025;t;$180.00;;30;365
214046;23/09/2025;t;$180.00;;30;365
214046;24/09/2025;t;$180.00;;30;365
214046;25/09/2025;t;$180.00;;30;365
214046;26/09/2025;t;$180.00;;30;365
214046;27/09/2025;t;$180.00;;30;365
214046;28/09/2025;t;$180.00;;30;365
214046;29/09/2025;t;$180.00;;30;365
214046;30/09/2025;t;$180.00;;30;365
214046;01/10/2025;t;$180.00;;30;365
214046;02/10/2025;t;$180.00;;30;365
214046;03/10/2025;t;$180.00;;30;365
214046;04/10/2025;t;$180.00;;30;365
214046;05/10/2025;t;$180.00;;30;365
214046;06/10/2025;t;$180.00;;30;365
214046;07/10/2025;t;$180.00;;30;365
214046;08/10/2025;t;$180.00;;30;365
214046;09/10/2025;t;$180.00;;30;365
214046;10/10/2025;t;$180.00;;30;365
214046;11/10/2025;t;$180.00;;30;365
214046;12/10/2025;t;$180.00;;30;365
214046;13/10/2025;t;$180.00;;30;365
214046;14/10/2025;t;$180.00;;30;365
214046;15/10/2025;t;$180.00;;30;365
214046;16/10/2025;t;$180.00;;30;365
214046;17/10/2025;t;$180.00;;30;365
214046;18/10/2025;t;$180.00;;30;365
214046;19/10/2025;t;$180.00;;30;365
214046;20/10/2025;t;$180.00;;30;365
214046;21/10/2025;t;$180.00;;30;365
214046;22/10/2025;t;$180.00;;30;365
214046;23/10/2025;t;$180.00;;30;365
214046;24/10/2025;t;$180.00;;30;365
214046;25/10/2025;t;$180.00;;30;365
214046;26/10/2025;t;$180.00;;30;365
214046;27/10/2025;t;$180.00;;30;365
214046;28/10/2025;t;$180.00;;30;365
214046;29/10/2025;t;$180.00;;30;365
214046;30/10/2025;t;$180.00;;30;365
214046;31/10/2025;t;$180.00;;30;365
214046;01/11/2025;t;$180.00;;30;365
214046;02/11/2025;t;$180.00;;30;365
214046;03/11/2025;t;$180.00;;30;365
214046;04/11/2025;t;$180.00;;30;365
214046;05/11/2025;t;$180.00;;30;365
214046;06/11/2025;t;$180.00;;30;365
214046;07/11/2025;t;$180.00;;30;365
214046;08/11/2025;t;$180.00;;30;365
214046;09/11/2025;t;$180.00;;30;365
214046;10/11/2025;t;$180.00;;30;365
214046;11/11/2025;t;$180.00;;30;365
214046;12/11/2025;t;$180.00;;30;365
214046;13/11/2025;t;$180.00;;30;365
214046;14/11/2025;t;$180.00;;30;365
214046;15/11/2025;t;$180.00;;30;365
214046;16/11/2025;t;$180.00;;30;365
214046;17/11/2025;t;$180.00;;30;365
214046;18/11/2025;t;$180.00;;30;365
214046;19/11/2025;t;$180.00;;30;365
214046;20/11/2025;t;$180.00;;30;365
214046;21/11/2025;t;$180.00;;30;365
214046;22/11/2025;t;$180.00;;30;365
214046;23/11/2025;t;$180.00;;30;365
214046;24/11/2025;t;$180.00;;30;365
214046;25/11/2025;t;$180.00;;30;365
214046;26/11/2025;t;$180.00;;30;365
214046;27/11/2025;t;$180.00;;30;365
214046;28/11/2025;t;$180.00;;30;365
214046;29/11/2025;t;$180.00;;30;365
214046;30/11/2025;t;$180.00;;30;365
214046;01/12/2025;t;$180.00;;30;365
214046;02/12/2025;t;$180.00;;30;365
214046;03/12/2025;t;$180.00;;30;365
214046;04/12/2025;t;$180.00;;30;365
214046;05/12/2025;t;$180.00;;30;365
214046;06/12/2025;t;$180.00;;30;365
214046;07/12/2025;t;$180.00;;30;365
214046;08/12/2025;t;$180.00;;30;365
214578;08/12/2024;f;$170.00;;3;1125
214578;09/12/2024;f;$170.00;;3;1125
214578;10/12/2024;f;$170.00;;3;1125
214578;11/12/2024;f;$170.00;;3;1125
214578;12/12/2024;f;$170.00;;3;1125
214578;13/12/2024;f;$170.00;;3;1125
214578;14/12/2024;f;$170.00;;3;1125
214578;15/12/2024;f;$170.00;;3;1125
214578;16/12/2024;f;$170.00;;3;1125
214578;17/12/2024;f;$170.00;;3;1125
214578;18/12/2024;f;$170.00;;3;1125
214578;19/12/2024;f;$170.00;;3;1125
214578;20/12/2024;f;$170.00;;3;1125
214578;21/12/2024;f;$170.00;;3;1125
214578;22/12/2024;f;$170.00;;3;1125
214578;23/12/2024;f;$170.00;;3;1125
214578;24/12/2024;f;$170.00;;3;1125
214578;25/12/2024;f;$170.00;;3;1125
214578;26/12/2024;f;$170.00;;3;1125
214578;27/12/2024;f;$170.00;;3;1125
214578;28/12/2024;f;$170.00;;3;1125
214578;29/12/2024;f;$170.00;;3;1125
214578;30/12/2024;f;$170.00;;3;1125
214578;31/12/2024;f;$170.00;;3;1125
214578;01/01/2025;f;$170.00;;3;1125
214578;02/01/2025;f;$170.00;;3;1125
214578;03/01/2025;f;$170.00;;3;1125
214578;04/01/2025;f;$170.00;;3;1125
214578;05/01/2025;t;$170.00;;3;1125
214578;06/01/2025;t;$170.00;;3;1125
214578;07/01/2025;t;$170.00;;3;1125
214578;08/01/2025;t;$170.00;;3;1125
214578;09/01/2025;t;$170.00;;3;1125
214578;10/01/2025;t;$170.00;;3;1125
214578;11/01/2025;t;$170.00;;3;1125
214578;12/01/2025;t;$170.00;;3;1125
214578;13/01/2025;t;$170.00;;3;1125
214578;14/01/2025;t;$170.00;;3;1125
214578;15/01/2025;t;$170.00;;3;1125
214578;16/01/2025;t;$170.00;;3;1125
214578;17/01/2025;t;$170.00;;3;1125
214578;18/01/2025;t;$170.00;;3;1125
214578;19/01/2025;t;$170.00;;3;1125
214578;20/01/2025;t;$170.00;;3;1125
214578;21/01/2025;t;$170.00;;3;1125
214578;22/01/2025;t;$170.00;;3;1125
214578;23/01/2025;t;$170.00;;3;1125
214578;24/01/2025;t;$170.00;;3;1125
214578;25/01/2025;t;$170.00;;3;1125
214578;26/01/2025;t;$170.00;;3;1125
214578;27/01/2025;t;$170.00;;3;1125
214578;28/01/2025;t;$170.00;;3;1125
214578;29/01/2025;t;$170.00;;3;1125
214578;30/01/2025;t;$170.00;;3;1125
214578;31/01/2025;t;$170.00;;3;1125
214578;01/02/2025;t;$170.00;;3;1125
214578;02/02/2025;f;$170.00;;3;1125
214578;03/02/2025;f;$170.00;;3;1125
214578;04/02/2025;f;$170.00;;3;1125
214578;05/02/2025;f;$170.00;;3;1125
214578;06/02/2025;f;$170.00;;3;1125
214578;07/02/2025;f;$170.00;;3;1125
214578;08/02/2025;f;$170.00;;3;1125
214578;09/02/2025;t;$170.00;;3;1125
214578;10/02/2025;t;$170.00;;3;1125
214578;11/02/2025;t;$170.00;;3;1125
214578;12/02/2025;t;$170.00;;3;1125
214578;13/02/2025;t;$170.00;;3;1125
214578;14/02/2025;t;$170.00;;3;1125
214578;15/02/2025;t;$170.00;;3;1125
214578;16/02/2025;t;$170.00;;3;1125
214578;17/02/2025;t;$170.00;;3;1125
214578;18/02/2025;t;$170.00;;3;1125
214578;19/02/2025;t;$170.00;;3;1125
214578;20/02/2025;t;$170.00;;3;1125
214578;21/02/2025;t;$170.00;;3;1125
214578;22/02/2025;t;$170.00;;3;1125
214578;23/02/2025;t;$170.00;;3;1125
214578;24/02/2025;t;$170.00;;3;1125
214578;25/02/2025;t;$170.00;;3;1125
214578;26/02/2025;t;$170.00;;3;1125
214578;27/02/2025;t;$170.00;;3;1125
214578;28/02/2025;t;$170.00;;3;1125
214578;01/03/2025;t;$170.00;;3;1125
214578;02/03/2025;t;$170.00;;3;1125
214578;03/03/2025;t;$170.00;;3;1125
214578;04/03/2025;t;$170.00;;3;1125
214578;05/03/2025;t;$170.00;;3;1125
214578;06/03/2025;t;$170.00;;3;1125
214578;07/03/2025;t;$170.00;;3;1125
214578;08/03/2025;t;$170.00;;3;1125
214578;09/03/2025;t;$170.00;;3;1125
214578;10/03/2025;t;$170.00;;3;1125
214578;11/03/2025;t;$170.00;;3;1125
214578;12/03/2025;t;$170.00;;3;1125
214578;13/03/2025;t;$170.00;;3;1125
214578;14/03/2025;t;$170.00;;3;1125
214578;15/03/2025;t;$170.00;;3;1125
214578;16/03/2025;t;$170.00;;3;1125
214578;17/03/2025;t;$170.00;;3;1125
214578;18/03/2025;t;$170.00;;3;1125
214578;19/03/2025;t;$170.00;;3;1125
214578;20/03/2025;t;$170.00;;3;1125
214578;21/03/2025;t;$170.00;;3;1125
214578;22/03/2025;t;$170.00;;3;1125
214578;23/03/2025;t;$170.00;;3;1125
214578;24/03/2025;t;$170.00;;3;1125
214578;25/03/2025;t;$170.00;;3;1125
214578;26/03/2025;t;$170.00;;3;1125
214578;27/03/2025;t;$170.00;;3;1125
214578;28/03/2025;t;$170.00;;3;1125
214578;29/03/2025;t;$170.00;;3;1125
214578;30/03/2025;t;$170.00;;3;1125
214578;31/03/2025;t;$170.00;;3;1125
214578;01/04/2025;t;$170.00;;3;1125
214578;02/04/2025;t;$170.00;;3;1125
214578;03/04/2025;f;$170.00;;3;1125
214578;04/04/2025;f;$170.00;;3;1125
214578;05/04/2025;f;$170.00;;3;1125
214578;06/04/2025;f;$170.00;;3;1125
214578;07/04/2025;t;$170.00;;3;1125
214578;08/04/2025;t;$170.00;;3;1125
214578;09/04/2025;t;$170.00;;3;1125
214578;10/04/2025;f;$170.00;;3;1125
214578;11/04/2025;f;$170.00;;3;1125
214578;12/04/2025;f;$170.00;;3;1125
214578;13/04/2025;f;$170.00;;3;1125
214578;14/04/2025;t;$170.00;;3;1125
214578;15/04/2025;t;$170.00;;3;1125
214578;16/04/2025;t;$170.00;;3;1125
214578;17/04/2025;t;$170.00;;3;1125
214578;18/04/2025;t;$170.00;;3;1125
214578;19/04/2025;t;$170.00;;3;1125
214578;20/04/2025;t;$170.00;;3;1125
214578;21/04/2025;t;$170.00;;3;1125
214578;22/04/2025;t;$170.00;;3;1125
214578;23/04/2025;t;$170.00;;3;1125
214578;24/04/2025;t;$170.00;;3;1125
214578;25/04/2025;t;$170.00;;3;1125
214578;26/04/2025;t;$170.00;;3;1125
214578;27/04/2025;t;$170.00;;3;1125
214578;28/04/2025;t;$170.00;;3;1125
214578;29/04/2025;t;$170.00;;3;1125
214578;30/04/2025;t;$170.00;;3;1125
