event_id,event_name,neighbourhood,start_date,end_date
1,Concert,Élysée,2023-08-10,2023-08-14
2,Festival,Buttes-Montmartre,2023-03-14,2023-03-18
3,Concert,Gobelins,2023-06-23,2023-06-24
4,Conférence,Palais-Bourbon,2023-02-01,2023-02-03
5,Concert,Luxembourg,2023-03-26,2023-03-30
6,Festival,Entrepôt,2023-10-09,2023-10-12
7,Concert,Élysée,2023-02-24,2023-02-27
8,Conférence,Opéra,2023-05-16,2023-05-17
9,Salon,Palais-Bourbon,2023-04-26,2023-04-30
10,Conférence,Observatoire,2023-02-25,2023-02-27
11,Concert,Louvre,2023-08-31,2023-09-01
12,Compétition Sportive,Popincourt,2023-08-26,2023-08-28
13,Concert,Gobelins,2023-10-26,2023-10-28
14,Concert,Popincourt,2023-11-27,2023-11-30
15,Festival,Passy,2023-02-25,2023-03-01
16,Compétition Sportive,Louvre,2023-06-13,2023-06-15
17,Festival,Opéra,2023-10-14,2023-10-16
18,Festival,Popincourt,2023-01-08,2023-01-10
19,Conférence,Opéra,2023-04-10,2023-04-12
20,Salon,Batignolles-Monceau,2023-05-27,2023-05-28
21,Concert,Ménilmontant,2023-03-07,2023-03-09
22,Compétition Sportive,Buttes-Montmartre,2023-05-19,2023-05-22
23,Concert,Batignolles-Monceau,2023-07-14,2023-07-15
24,Festival,Élysée,2023-10-16,2023-10-19
25,Salon,Opéra,2023-11-05,2023-11-07
26,Festival,Hôtel-de-Ville,2023-07-14,2023-07-18
27,Concert,Buttes-Montmartre,2023-05-03,2023-05-06
28,Conférence,Ménilmontant,2023-10-22,2023-10-26
29,Concert,Popincourt,2023-09-06,2023-09-07
30,Festival,Opéra,2023-04-08,2023-04-11
31,Compétition Sportive,Louvre,2023-02-19,2023-02-21
32,Compétition Sportive,Ménilmontant,2023-10-11,2023-10-13
33,Compétition Sportive,Opéra,2023-09-27,2023-10-01
34,Compétition Sportive,Batignolles-Monceau,2023-11-04,2023-11-08
35,Compétition Sportive,Popincourt,2023-04-02,2023-04-05
36,Salon,Temple,2023-01-30,2023-02-03
37,Salon,Luxembourg,2023-06-07,2023-06-09
38,Conférence,Gobelins,2023-05-01,2023-05-05
39,Compétition Sportive,Palais-Bourbon,2023-06-04,2023-06-05
40,Festival,Batignolles-Monceau,2023-03-07,2023-03-08
41,Festival,Luxembourg,2023-04-11,2023-04-12
42,Concert,Entrepôt,2023-11-29,2023-12-03
43,Compétition Sportive,Popincourt,2023-10-22,2023-10-25
44,Festival,Hôtel-de-Ville,2023-10-11,2023-10-14
45,Conférence,Reuilly,2023-03-25,2023-03-29
46,Festival,Buttes-Chaumont,2023-11-15,2023-11-19
47,Conférence,Buttes-Montmartre,2023-12-25,2023-12-26
48,Compétition Sportive,Opéra,2023-02-24,2023-02-28
49,Concert,Vaugirard,2023-08-30,2023-09-02
50,Concert,Louvre,2023-05-26,2023-05-27
51,Salon,Vaugirard,2023-06-11,2023-06-15
52,Compétition Sportive,Ménilmontant,2023-07-04,2023-07-06
53,Festival,Palais-Bourbon,2023-06-22,2023-06-25
54,Concert,Opéra,2023-03-22,2023-03-23
55,Conférence,Vaugirard,2023-01-31,2023-02-01
56,Conférence,Buttes-Chaumont,2023-10-18,2023-10-19
57,Festival,Hôtel-de-Ville,2023-06-16,2023-06-19
58,Festival,Gobelins,2023-09-18,2023-09-20
59,Compétition Sportive,Buttes-Montmartre,2023-06-05,2023-06-09
60,Festival,Gobelins,2023-04-27,2023-04-30
61,Festival,Gobelins,2023-01-07,2023-01-08
62,Festival,Hôtel-de-Ville,2023-12-28,2024-01-01
63,Concert,Reuilly,2023-09-03,2023-09-06
64,Compétition Sportive,Vaugirard,2023-10-25,2023-10-27
65,Festival,Buttes-Chaumont,2023-11-09,2023-11-11
66,Festival,Passy,2023-08-18,2023-08-22
67,Conférence,Bourse,2023-12-05,2023-12-09
68,Concert,Popincourt,2023-05-04,2023-05-07
69,Festival,Palais-Bourbon,2023-08-05,2023-08-07
70,Concert,Panthéon,2023-11-15,2023-11-18
71,Compétition Sportive,Bourse,2023-01-18,2023-01-21
72,Compétition Sportive,Opéra,2023-04-27,2023-05-01
73,Salon,Temple,2023-08-27,2023-08-29
74,Conférence,Hôtel-de-Ville,2023-03-31,2023-04-01
75,Salon,Panthéon,2023-10-03,2023-10-06
76,Concert,Buttes-Montmartre,2023-01-02,2023-01-03
77,Conférence,Élysée,2023-11-16,2023-11-18
78,Festival,Reuilly,2023-10-13,2023-10-14
79,Conférence,Palais-Bourbon,2023-05-30,2023-06-02
80,Conférence,Buttes-Chaumont,2023-09-09,2023-09-11
81,Compétition Sportive,Batignolles-Monceau,2023-04-16,2023-04-19
82,Salon,Passy,2023-10-17,2023-10-19
83,Compétition Sportive,Reuilly,2023-05-05,2023-05-08
84,Compétition Sportive,Ménilmontant,2023-06-12,2023-06-13
85,Salon,Passy,2023-07-16,2023-07-19
86,Compétition Sportive,Buttes-Montmartre,2023-11-09,2023-11-10
87,Conférence,Temple,2023-01-15,2023-01-18
88,Concert,Palais-Bourbon,2023-10-22,2023-10-25
89,Festival,Palais-Bourbon,2023-01-28,2023-01-31
90,Festival,Ménilmontant,2023-01-12,2023-01-15
91,Compétition Sportive,Gobelins,2023-07-14,2023-07-18
92,Salon,Opéra,2023-09-23,2023-09-26
93,Conférence,Passy,2023-12-22,2023-12-26
94,Compétition Sportive,Bourse,2023-09-20,2023-09-22
95,Conférence,Louvre,2023-06-20,2023-06-21
96,Conférence,Palais-Bourbon,2023-12-03,2023-12-04
97,Festival,Hôtel-de-Ville,2023-10-03,2023-10-07
98,Concert,Bourse,2023-10-30,2023-11-01
99,Concert,Batignolles-Monceau,2023-08-29,2023-09-01
100,Salon,Luxembourg,2023-09-02,2023-09-03
101,Concert,Hôtel-de-Ville,2023-01-28,2023-02-01
102,Compétition Sportive,Ménilmontant,2023-07-23,2023-07-25
103,Festival,Passy,2023-10-01,2023-10-03
104,Festival,Buttes-Montmartre,2023-11-09,2023-11-13
105,Conférence,Gobelins,2023-12-31,2024-01-02
106,Compétition Sportive,Observatoire,2023-02-06,2023-02-07
107,Compétition Sportive,Louvre,2023-09-11,2023-09-15
108,Conférence,Luxembourg,2023-12-26,2023-12-30
109,Conférence,Bourse,2023-04-15,2023-04-17
110,Festival,Louvre,2023-08-31,2023-09-04
111,Compétition Sportive,Hôtel-de-Ville,2023-04-10,2023-04-14
112,Concert,Élysée,2023-09-04,2023-09-06
113,Concert,Panthéon,2023-02-13,2023-02-17
114,Festival,Hôtel-de-Ville,2023-03-06,2023-03-07
115,Concert,Élysée,2023-06-27,2023-07-01
116,Concert,Buttes-Chaumont,2023-05-27,2023-05-29
117,Compétition Sportive,Opéra,2023-02-18,2023-02-22
118,Compétition Sportive,Popincourt,2023-03-08,2023-03-09
119,Salon,Popincourt,2023-12-13,2023-12-16
120,Compétition Sportive,Buttes-Montmartre,2023-02-15,2023-02-16
121,Salon,Gobelins,2023-03-11,2023-03-15
122,Compétition Sportive,Buttes-Montmartre,2023-12-13,2023-12-14
123,Conférence,Entrepôt,2023-04-19,2023-04-22
124,Compétition Sportive,Observatoire,2023-12-27,2023-12-29
125,Salon,Batignolles-Monceau,2023-07-28,2023-07-30
126,Concert,Gobelins,2023-10-30,2023-11-01
127,Compétition Sportive,Ménilmontant,2023-07-26,2023-07-27
128,Concert,Bourse,2023-03-24,2023-03-27
129,Concert,Gobelins,2023-10-13,2023-10-16
130,Compétition Sportive,Reuilly,2023-12-26,2023-12-28
131,Compétition Sportive,Popincourt,2023-05-03,2023-05-05
132,Conférence,Popincourt,2023-08-26,2023-08-28
133,Salon,Popincourt,2023-12-12,2023-12-16
134,Compétition Sportive,Popincourt,2023-12-23,2023-12-27
135,Concert,Vaugirard,2023-03-02,2023-03-05
136,Concert,Passy,2023-06-12,2023-06-14
137,Compétition Sportive,Gobelins,2023-08-22,2023-08-25
138,Salon,Bourse,2023-03-07,2023-03-08
139,Concert,Buttes-Chaumont,2023-01-13,2023-01-17
140,Conférence,Observatoire,2023-03-01,2023-03-03
141,Concert,Opéra,2023-04-17,2023-04-18
142,Salon,Buttes-Montmartre,2023-12-29,2024-01-01
143,Festival,Batignolles-Monceau,2023-09-22,2023-09-23
144,Conférence,Buttes-Montmartre,2023-04-18,2023-04-22
145,Conférence,Palais-Bourbon,2023-11-17,2023-11-18
146,Festival,Observatoire,2023-06-26,2023-06-28
147,Conférence,Reuilly,2023-11-21,2023-11-23
148,Conférence,Ménilmontant,2023-09-25,2023-09-29
149,Conférence,Vaugirard,2023-08-23,2023-08-26
150,Concert,Élysée,2023-11-13,2023-11-16
151,Concert,Hôtel-de-Ville,2023-04-22,2023-04-25
152,Compétition Sportive,Passy,2023-10-22,2023-10-25
153,Compétition Sportive,Ménilmontant,2023-08-03,2023-08-04
154,Concert,Louvre,2023-10-05,2023-10-08
155,Conférence,Batignolles-Monceau,2023-03-31,2023-04-04
156,Salon,Luxembourg,2023-12-05,2023-12-06
157,Festival,Gobelins,2023-11-09,2023-11-12
158,Compétition Sportive,Passy,2023-07-26,2023-07-28
159,Conférence,Hôtel-de-Ville,2023-06-14,2023-06-17
160,Compétition Sportive,Temple,2023-02-10,2023-02-11
161,Salon,Palais-Bourbon,2023-08-01,2023-08-02
162,Conférence,Louvre,2023-04-25,2023-04-26
163,Concert,Élysée,2023-05-15,2023-05-19
164,Salon,Vaugirard,2023-12-11,2023-12-12
165,Compétition Sportive,Bourse,2023-02-02,2023-02-06
166,Conférence,Popincourt,2023-01-03,2023-01-07
167,Conférence,Élysée,2023-02-08,2023-02-12
168,Festival,Buttes-Montmartre,2023-12-18,2023-12-19
169,Festival,Temple,2023-08-21,2023-08-25
170,Festival,Élysée,2023-06-17,2023-06-18
171,Concert,Passy,2023-10-06,2023-10-07
172,Conférence,Observatoire,2023-08-12,2023-08-15
173,Conférence,Bourse,2023-10-29,2023-11-01
174,Compétition Sportive,Observatoire,2023-01-06,2023-01-10
175,Concert,Passy,2023-11-23,2023-11-26
176,Festival,Gobelins,2023-11-08,2023-11-10
177,Conférence,Temple,2023-10-04,2023-10-05
178,Festival,Gobelins,2023-04-07,2023-04-10
179,Salon,Louvre,2023-03-21,2023-03-23
180,Concert,Élysée,2023-10-09,2023-10-11
181,Festival,Temple,2023-09-12,2023-09-16
182,Concert,Palais-Bourbon,2023-06-02,2023-06-03
183,Conférence,Buttes-Chaumont,2023-12-01,2023-12-03
184,Salon,Vaugirard,2023-08-02,2023-08-05
185,Compétition Sportive,Batignolles-Monceau,2023-04-17,2023-04-18
186,Salon,Reuilly,2023-04-11,2023-04-14
187,Concert,Vaugirard,2023-04-23,2023-04-26
188,Salon,Batignolles-Monceau,2023-07-11,2023-07-13
189,Conférence,Temple,2023-06-30,2023-07-04
190,Concert,Buttes-Chaumont,2023-02-19,2023-02-20
191,Concert,Observatoire,2023-01-29,2023-02-02
192,Conférence,Popincourt,2023-12-23,2023-12-25
193,Festival,Bourse,2023-04-14,2023-04-18
194,Compétition Sportive,Ménilmontant,2023-04-05,2023-04-07
195,Salon,Temple,2023-02-27,2023-03-02
196,Compétition Sportive,Entrepôt,2023-05-22,2023-05-25
197,Compétition Sportive,Palais-Bourbon,2023-05-05,2023-05-07
198,Conférence,Popincourt,2023-03-04,2023-03-07
199,Festival,Palais-Bourbon,2023-09-14,2023-09-16
200,Compétition Sportive,Popincourt,2023-07-23,2023-07-24
201,Concert,Louvre,2023-11-16,2023-11-19
202,Festival,Vaugirard,2023-05-19,2023-05-22
203,Conférence,Palais-Bourbon,2023-06-24,2023-06-26
204,Compétition Sportive,Louvre,2023-09-22,2023-09-24
205,Conférence,Buttes-Chaumont,2023-04-07,2023-04-10
206,Salon,Panthéon,2023-07-01,2023-07-02
207,Conférence,Opéra,2023-04-28,2023-05-01
208,Concert,Reuilly,2023-08-14,2023-08-16
209,Conférence,Temple,2023-05-09,2023-05-10
210,Festival,Palais-Bourbon,2023-01-10,2023-01-11
211,Salon,Popincourt,2023-05-21,2023-05-22
212,Concert,Opéra,2023-06-06,2023-06-10
213,Salon,Gobelins,2023-04-21,2023-04-25
214,Concert,Hôtel-de-Ville,2023-09-18,2023-09-20
215,Salon,Élysée,2023-02-22,2023-02-25
216,Compétition Sportive,Observatoire,2023-04-01,2023-04-04
217,Conférence,Hôtel-de-Ville,2023-09-07,2023-09-11
218,Festival,Reuilly,2023-06-16,2023-06-17
219,Festival,Passy,2023-09-06,2023-09-10
220,Compétition Sportive,Luxembourg,2023-08-16,2023-08-19
221,Salon,Observatoire,2023-08-07,2023-08-09
222,Conférence,Entrepôt,2023-08-23,2023-08-26
223,Compétition Sportive,Palais-Bourbon,2023-04-13,2023-04-17
224,Salon,Buttes-Chaumont,2023-02-15,2023-02-17
225,Conférence,Vaugirard,2023-03-30,2023-03-31
226,Salon,Panthéon,2023-10-22,2023-10-23
227,Festival,Élysée,2023-12-10,2023-12-12
228,Conférence,Batignolles-Monceau,2023-02-11,2023-02-12
229,Festival,Temple,2023-06-25,2023-06-28
230,Festival,Ménilmontant,2023-01-31,2023-02-03
231,Conférence,Reuilly,2023-03-12,2023-03-15
232,Compétition Sportive,Popincourt,2023-03-16,2023-03-18
233,Salon,Panthéon,2023-10-08,2023-10-12
234,Conférence,Hôtel-de-Ville,2023-08-05,2023-08-08
235,Festival,Opéra,2023-01-28,2023-01-29
236,Salon,Panthéon,2023-01-02,2023-01-05
237,Conférence,Batignolles-Monceau,2023-01-26,2023-01-29
238,Compétition Sportive,Élysée,2023-11-24,2023-11-26
239,Conférence,Gobelins,2023-06-20,2023-06-21
240,Conférence,Observatoire,2023-01-21,2023-01-24
241,Concert,Vaugirard,2023-11-02,2023-11-03
242,Salon,Élysée,2023-09-30,2023-10-02
243,Conférence,Luxembourg,2023-10-13,2023-10-17
244,Festival,Reuilly,2023-08-31,2023-09-02
245,Festival,Batignolles-Monceau,2023-10-26,2023-10-29
246,Concert,Panthéon,2023-02-07,2023-02-10
247,Festival,Ménilmontant,2023-05-05,2023-05-06
248,Conférence,Gobelins,2023-11-11,2023-11-14
249,Salon,Bourse,2023-02-28,2023-03-02
250,Concert,Luxembourg,2023-02-13,2023-02-15
251,Concert,Bourse,2023-11-28,2023-11-30
252,Compétition Sportive,Popincourt,2023-01-31,2023-02-02
253,Compétition Sportive,Bourse,2023-08-24,2023-08-26
254,Salon,Ménilmontant,2023-06-14,2023-06-17
255,Salon,Louvre,2023-12-24,2023-12-25
256,Concert,Panthéon,2023-10-30,2023-11-02
257,Conférence,Panthéon,2023-09-08,2023-09-11
258,Conférence,Hôtel-de-Ville,2023-07-18,2023-07-19
259,Compétition Sportive,Entrepôt,2023-08-07,2023-08-11
260,Salon,Gobelins,2023-06-03,2023-06-06
261,Salon,Palais-Bourbon,2023-07-03,2023-07-04
262,Conférence,Vaugirard,2023-10-26,2023-10-28
263,Compétition Sportive,Panthéon,2023-05-30,2023-06-01
264,Conférence,Buttes-Chaumont,2023-03-06,2023-03-08
265,Conférence,Passy,2023-06-11,2023-06-13
266,Concert,Buttes-Chaumont,2023-02-19,2023-02-21
267,Salon,Reuilly,2023-06-09,2023-06-10
268,Concert,Panthéon,2023-11-05,2023-11-08
269,Concert,Passy,2023-02-20,2023-02-21
270,Conférence,Luxembourg,2023-10-03,2023-10-07
271,Compétition Sportive,Ménilmontant,2023-12-14,2023-12-15
272,Conférence,Buttes-Chaumont,2023-02-14,2023-02-15
273,Compétition Sportive,Hôtel-de-Ville,2023-04-25,2023-04-26
274,Salon,Bourse,2023-12-14,2023-12-15
275,Festival,Ménilmontant,2023-05-16,2023-05-20
276,Salon,Temple,2023-01-21,2023-01-23
277,Conférence,Passy,2023-01-18,2023-01-22
278,Compétition Sportive,Reuilly,2023-12-28,2023-12-31
279,Festival,Buttes-Chaumont,2023-09-28,2023-09-30
280,Compétition Sportive,Ménilmontant,2023-08-07,2023-08-08
281,Compétition Sportive,Panthéon,2023-11-15,2023-11-18
282,Festival,Panthéon,2023-05-01,2023-05-02
283,Festival,Luxembourg,2023-03-03,2023-03-07
284,Salon,Élysée,2023-04-07,2023-04-09
285,Concert,Batignolles-Monceau,2023-09-08,2023-09-12
286,Festival,Observatoire,2023-05-09,2023-05-11
287,Concert,Batignolles-Monceau,2023-09-03,2023-09-04
288,Concert,Panthéon,2023-01-10,2023-01-13
289,Concert,Reuilly,2023-11-01,2023-11-02
290,Concert,Batignolles-Monceau,2023-03-06,2023-03-09
291,Festival,Gobelins,2023-09-04,2023-09-08
292,Compétition Sportive,Temple,2023-12-15,2023-12-19
293,Festival,Panthéon,2023-06-14,2023-06-18
294,Festival,Temple,2023-06-28,2023-06-29
295,Conférence,Temple,2023-02-23,2023-02-26
296,Conférence,Temple,2023-11-15,2023-11-16
297,Salon,Entrepôt,2023-02-15,2023-02-19
298,Concert,Reuilly,2023-06-27,2023-06-29
299,Concert,Louvre,2023-01-07,2023-01-08
300,Conférence,Luxembourg,2023-03-25,2023-03-28
301,Compétition Sportive,Gobelins,2023-05-08,2023-05-11
302,Salon,Ménilmontant,2023-08-02,2023-08-06
303,Compétition Sportive,Buttes-Montmartre,2023-08-22,2023-08-26
304,Conférence,Palais-Bourbon,2023-01-12,2023-01-14
305,Compétition Sportive,Hôtel-de-Ville,2023-03-15,2023-03-18
306,Concert,Panthéon,2023-02-07,2023-02-10
307,Conférence,Élysée,2023-12-17,2023-12-21
308,Compétition Sportive,Panthéon,2023-05-29,2023-06-01
309,Salon,Batignolles-Monceau,2023-06-21,2023-06-23
310,Salon,Élysée,2023-08-02,2023-08-03
311,Festival,Bourse,2023-08-25,2023-08-27
312,Conférence,Popincourt,2023-01-21,2023-01-23
313,Conférence,Vaugirard,2023-12-27,2023-12-28
314,Conférence,Élysée,2023-12-14,2023-12-17
315,Concert,Luxembourg,2023-08-19,2023-08-20
316,Concert,Buttes-Montmartre,2023-07-27,2023-07-29
317,Conférence,Louvre,2023-07-30,2023-07-31
318,Compétition Sportive,Panthéon,2023-06-01,2023-06-03
319,Concert,Batignolles-Monceau,2023-09-06,2023-09-07
320,Conférence,Luxembourg,2023-04-17,2023-04-19
321,Concert,Passy,2023-06-08,2023-06-12
322,Festival,Temple,2023-01-05,2023-01-08
323,Salon,Temple,2023-07-12,2023-07-13
324,Festival,Entrepôt,2023-06-14,2023-06-15
325,Conférence,Panthéon,2023-04-04,2023-04-05
326,Salon,Louvre,2023-10-15,2023-10-19
327,Compétition Sportive,Buttes-Chaumont,2023-07-13,2023-07-16
328,Conférence,Luxembourg,2023-10-17,2023-10-18
329,Compétition Sportive,Opéra,2023-08-24,2023-08-25
330,Compétition Sportive,Observatoire,2023-01-29,2023-02-02
331,Concert,Popincourt,2023-04-28,2023-04-29
332,Concert,Ménilmontant,2023-05-13,2023-05-17
333,Salon,Opéra,2023-06-07,2023-06-09
334,Salon,Luxembourg,2023-04-17,2023-04-21
335,Concert,Louvre,2023-06-22,2023-06-24
336,Salon,Entrepôt,2023-05-26,2023-05-30
337,Festival,Vaugirard,2023-11-30,2023-12-01
338,Conférence,Opéra,2023-09-24,2023-09-27
339,Festival,Opéra,2023-09-17,2023-09-19
340,Conférence,Luxembourg,2023-02-15,2023-02-18
341,Concert,Buttes-Chaumont,2023-11-05,2023-11-08
342,Festival,Luxembourg,2023-06-01,2023-06-04
343,Compétition Sportive,Bourse,2023-12-20,2023-12-24
344,Festival,Bourse,2023-05-16,2023-05-17
345,Salon,Élysée,2023-08-04,2023-08-07
346,Festival,Élysée,2023-05-14,2023-05-17
347,Concert,Hôtel-de-Ville,2023-12-07,2023-12-10
348,Concert,Opéra,2023-08-12,2023-08-13
349,Salon,Luxembourg,2023-08-19,2023-08-21
350,Conférence,Louvre,2023-12-08,2023-12-10
351,Salon,Opéra,2023-07-20,2023-07-23
352,Conférence,Gobelins,2023-01-18,2023-01-20
353,Concert,Popincourt,2023-07-23,2023-07-27
354,Concert,Passy,2023-05-14,2023-05-18
355,Conférence,Opéra,2023-12-13,2023-12-14
356,Festival,Élysée,2023-04-18,2023-04-22
357,Festival,Opéra,2023-01-01,2023-01-02
358,Salon,Panthéon,2023-01-15,2023-01-16
359,Concert,Ménilmontant,2023-05-22,2023-05-24
360,Festival,Buttes-Chaumont,2023-03-18,2023-03-21
361,Concert,Hôtel-de-Ville,2023-12-07,2023-12-10
362,Salon,Luxembourg,2023-06-23,2023-06-26
363,Compétition Sportive,Gobelins,2023-04-21,2023-04-23
364,Concert,Louvre,2023-04-27,2023-04-30
365,Compétition Sportive,Panthéon,2023-02-10,2023-02-12
366,Concert,Panthéon,2023-01-06,2023-01-08
367,Conférence,Louvre,2023-10-03,2023-10-07
368,Compétition Sportive,Panthéon,2023-03-09,2023-03-12
369,Conférence,Entrepôt,2023-10-23,2023-10-24
370,Conférence,Vaugirard,2023-04-14,2023-04-17
371,Salon,Batignolles-Monceau,2023-05-07,2023-05-11
372,Salon,Louvre,2023-03-15,2023-03-19
373,Festival,Bourse,2023-05-05,2023-05-09
374,Compétition Sportive,Passy,2023-11-21,2023-11-22
375,Festival,Élysée,2023-09-15,2023-09-19
376,Compétition Sportive,Louvre,2023-12-17,2023-12-21
377,Salon,Louvre,2023-10-27,2023-10-28
378,Salon,Bourse,2023-11-05,2023-11-06
379,Salon,Hôtel-de-Ville,2023-07-31,2023-08-02
380,Compétition Sportive,Élysée,2023-09-06,2023-09-08
381,Salon,Vaugirard,2023-01-06,2023-01-07
382,Festival,Luxembourg,2023-02-12,2023-02-13
383,Conférence,Buttes-Montmartre,2023-09-10,2023-09-14
384,Compétition Sportive,Vaugirard,2023-05-26,2023-05-27
385,Conférence,Buttes-Montmartre,2023-10-13,2023-10-16
386,Festival,Louvre,2023-07-18,2023-07-19
387,Concert,Temple,2023-04-27,2023-04-29
388,Salon,Observatoire,2023-06-30,2023-07-04
389,Festival,Buttes-Chaumont,2023-07-11,2023-07-12
390,Concert,Hôtel-de-Ville,2023-05-11,2023-05-15
391,Compétition Sportive,Luxembourg,2023-09-12,2023-09-16
392,Festival,Luxembourg,2023-06-13,2023-06-17
393,Compétition Sportive,Panthéon,2023-11-30,2023-12-04
394,Conférence,Ménilmontant,2023-05-31,2023-06-03
395,Conférence,Reuilly,2023-09-06,2023-09-09
396,Compétition Sportive,Ménilmontant,2023-06-27,2023-06-28
397,Conférence,Buttes-Montmartre,2023-04-24,2023-04-25
398,Conférence,Buttes-Chaumont,2023-01-16,2023-01-19
399,Salon,Élysée,2023-04-02,2023-04-06
400,Compétition Sportive,Panthéon,2023-06-07,2023-06-11
401,Compétition Sportive,Observatoire,2023-11-12,2023-11-16
402,Concert,Vaugirard,2023-12-27,2023-12-28
403,Salon,Popincourt,2023-07-08,2023-07-11
404,Festival,Passy,2023-08-30,2023-09-02
405,Salon,Panthéon,2023-08-18,2023-08-20
406,Festival,Palais-Bourbon,2023-08-26,2023-08-27
407,Compétition Sportive,Gobelins,2023-09-19,2023-09-23
408,Salon,Batignolles-Monceau,2023-10-22,2023-10-24
409,Concert,Observatoire,2023-01-05,2023-01-07
410,Conférence,Élysée,2023-09-16,2023-09-20
411,Festival,Gobelins,2023-03-15,2023-03-16
412,Conférence,Temple,2023-01-30,2023-02-03
413,Compétition Sportive,Gobelins,2023-12-02,2023-12-04
414,Compétition Sportive,Passy,2023-09-24,2023-09-28
415,Compétition Sportive,Bourse,2023-05-11,2023-05-13
416,Conférence,Opéra,2023-01-15,2023-01-19
417,Compétition Sportive,Buttes-Montmartre,2023-02-23,2023-02-25
418,Compétition Sportive,Buttes-Montmartre,2023-05-09,2023-05-13
419,Conférence,Hôtel-de-Ville,2023-01-13,2023-01-16
420,Compétition Sportive,Hôtel-de-Ville,2023-03-04,2023-03-06
421,Festival,Panthéon,2023-11-08,2023-11-11
422,Salon,Panthéon,2023-10-22,2023-10-23
423,Festival,Louvre,2023-12-24,2023-12-27
424,Compétition Sportive,Ménilmontant,2023-03-08,2023-03-09
425,Compétition Sportive,Reuilly,2023-04-18,2023-04-22
426,Compétition Sportive,Passy,2023-03-31,2023-04-01
427,Compétition Sportive,Louvre,2023-03-17,2023-03-19
428,Conférence,Buttes-Chaumont,2023-04-28,2023-04-29
429,Salon,Bourse,2023-03-27,2023-03-30
430,Conférence,Reuilly,2023-10-05,2023-10-08
431,Conférence,Élysée,2023-06-15,2023-06-17
432,Compétition Sportive,Ménilmontant,2023-01-12,2023-01-14
433,Festival,Élysée,2023-11-02,2023-11-04
434,Festival,Gobelins,2023-09-30,2023-10-01
435,Concert,Passy,2023-08-20,2023-08-21
436,Salon,Passy,2023-06-09,2023-06-10
437,Concert,Entrepôt,2023-06-22,2023-06-23
438,Conférence,Gobelins,2023-07-14,2023-07-16
439,Concert,Popincourt,2023-10-08,2023-10-09
440,Concert,Reuilly,2023-03-24,2023-03-27
441,Concert,Bourse,2023-12-23,2023-12-26
442,Salon,Buttes-Chaumont,2023-04-24,2023-04-26
443,Festival,Opéra,2023-04-12,2023-04-14
444,Festival,Reuilly,2023-04-15,2023-04-18
445,Concert,Vaugirard,2023-11-01,2023-11-05
446,Salon,Élysée,2023-02-12,2023-02-16
447,Festival,Observatoire,2023-08-27,2023-08-28
448,Compétition Sportive,Opéra,2023-10-02,2023-10-06
449,Festival,Panthéon,2023-12-02,2023-12-03
450,Festival,Louvre,2023-10-09,2023-10-11
451,Salon,Opéra,2023-04-07,2023-04-09
452,Salon,Gobelins,2023-01-15,2023-01-18
453,Festival,Luxembourg,2023-11-05,2023-11-08
454,Compétition Sportive,Observatoire,2023-08-17,2023-08-19
455,Compétition Sportive,Luxembourg,2023-01-20,2023-01-21
456,Concert,Temple,2023-05-13,2023-05-16
457,Concert,Popincourt,2023-11-16,2023-11-20
458,Festival,Popincourt,2023-10-07,2023-10-11
459,Festival,Louvre,2023-11-22,2023-11-23
460,Festival,Opéra,2023-05-08,2023-05-09
461,Compétition Sportive,Louvre,2023-09-17,2023-09-19
462,Conférence,Gobelins,2023-04-22,2023-04-26
463,Concert,Passy,2023-06-20,2023-06-21
464,Concert,Gobelins,2023-06-29,2023-07-01
465,Conférence,Ménilmontant,2023-07-16,2023-07-18
466,Festival,Hôtel-de-Ville,2023-09-15,2023-09-19
467,Concert,Luxembourg,2023-12-30,2024-01-03
468,Compétition Sportive,Bourse,2023-05-14,2023-05-18
469,Conférence,Passy,2023-04-03,2023-04-04
470,Compétition Sportive,Palais-Bourbon,2023-05-31,2023-06-03
471,Festival,Batignolles-Monceau,2023-11-26,2023-11-27
472,Concert,Luxembourg,2023-12-11,2023-12-13
473,Compétition Sportive,Buttes-Montmartre,2023-06-13,2023-06-14
474,Conférence,Gobelins,2023-01-10,2023-01-13
475,Festival,Panthéon,2023-02-19,2023-02-20
476,Concert,Gobelins,2023-10-04,2023-10-08
477,Concert,Observatoire,2023-03-27,2023-03-28
478,Festival,Buttes-Montmartre,2023-02-15,2023-02-19
479,Festival,Hôtel-de-Ville,2023-01-01,2023-01-05
480,Festival,Bourse,2023-12-11,2023-12-13
481,Compétition Sportive,Batignolles-Monceau,2023-09-05,2023-09-06
482,Salon,Temple,2023-02-22,2023-02-23
483,Concert,Opéra,2023-04-23,2023-04-24
484,Compétition Sportive,Observatoire,2023-08-27,2023-08-30
485,Conférence,Élysée,2023-01-14,2023-01-15
486,Concert,Opéra,2023-10-22,2023-10-23
487,Salon,Bourse,2023-05-06,2023-05-07
488,Conférence,Hôtel-de-Ville,2023-10-25,2023-10-28
489,Concert,Bourse,2023-10-08,2023-10-09
490,Salon,Vaugirard,2023-09-10,2023-09-14
491,Festival,Temple,2023-10-15,2023-10-19
492,Salon,Opéra,2023-01-11,2023-01-12
493,Concert,Observatoire,2023-06-05,2023-06-09
494,Salon,Hôtel-de-Ville,2023-09-13,2023-09-14
495,Concert,Entrepôt,2023-08-15,2023-08-18
496,Concert,Palais-Bourbon,2023-10-08,2023-10-10
497,Salon,Panthéon,2023-02-21,2023-02-25
498,Salon,Buttes-Chaumont,2023-06-18,2023-06-20
499,Conférence,Temple,2023-06-28,2023-06-30
500,Conférence,Gobelins,2023-05-15,2023-05-16
501,Compétition Sportive,Buttes-Montmartre,2023-02-11,2023-02-14
502,Concert,Gobelins,2023-12-30,2024-01-01
503,Conférence,Reuilly,2023-04-21,2023-04-25
504,Compétition Sportive,Temple,2023-08-01,2023-08-04
505,Concert,Passy,2023-02-26,2023-03-02
506,Compétition Sportive,Opéra,2023-01-11,2023-01-15
507,Conférence,Luxembourg,2023-11-22,2023-11-25
508,Compétition Sportive,Ménilmontant,2023-11-19,2023-11-23
509,Salon,Palais-Bourbon,2023-01-30,2023-01-31
510,Compétition Sportive,Temple,2023-12-27,2023-12-28
511,Festival,Passy,2023-07-28,2023-07-31
512,Festival,Louvre,2023-01-23,2023-01-27
513,Compétition Sportive,Observatoire,2023-11-03,2023-11-05
514,Festival,Passy,2023-08-14,2023-08-17
515,Compétition Sportive,Hôtel-de-Ville,2023-12-07,2023-12-09
516,Compétition Sportive,Palais-Bourbon,2023-01-05,2023-01-08
517,Compétition Sportive,Popincourt,2023-11-02,2023-11-04
518,Festival,Reuilly,2023-09-13,2023-09-15
519,Concert,Luxembourg,2023-06-21,2023-06-24
520,Compétition Sportive,Louvre,2023-01-15,2023-01-18
521,Compétition Sportive,Panthéon,2023-04-20,2023-04-23
522,Salon,Batignolles-Monceau,2023-01-02,2023-01-05
523,Salon,Hôtel-de-Ville,2023-07-01,2023-07-05
524,Conférence,Ménilmontant,2023-09-23,2023-09-26
525,Festival,Batignolles-Monceau,2023-07-31,2023-08-02
526,Concert,Popincourt,2023-10-18,2023-10-20
527,Compétition Sportive,Gobelins,2023-02-10,2023-02-14
528,Compétition Sportive,Popincourt,2023-10-30,2023-11-02
529,Festival,Opéra,2023-05-06,2023-05-10
530,Conférence,Popincourt,2023-09-03,2023-09-07
531,Conférence,Opéra,2023-12-07,2023-12-11
532,Salon,Luxembourg,2023-09-10,2023-09-14
533,Festival,Bourse,2023-05-02,2023-05-06
534,Conférence,Observatoire,2023-12-21,2023-12-25
535,Conférence,Opéra,2023-01-26,2023-01-30
536,Concert,Louvre,2023-01-20,2023-01-22
537,Salon,Luxembourg,2023-10-19,2023-10-21
538,Salon,Hôtel-de-Ville,2023-11-16,2023-11-18
539,Salon,Temple,2023-02-12,2023-02-14
540,Conférence,Panthéon,2023-06-17,2023-06-19
541,Compétition Sportive,Vaugirard,2023-01-18,2023-01-22
542,Conférence,Ménilmontant,2023-07-24,2023-07-28
543,Conférence,Hôtel-de-Ville,2023-03-20,2023-03-22
544,Festival,Entrepôt,2023-01-16,2023-01-19
545,Salon,Palais-Bourbon,2023-09-16,2023-09-18
546,Salon,Louvre,2023-11-21,2023-11-25
547,Concert,Temple,2023-04-13,2023-04-16
548,Salon,Bourse,2023-04-07,2023-04-08
549,Conférence,Vaugirard,2023-04-12,2023-04-14
550,Festival,Entrepôt,2023-01-04,2023-01-07
551,Concert,Élysée,2023-06-20,2023-06-22
552,Conférence,Observatoire,2023-04-12,2023-04-13
553,Conférence,Opéra,2023-11-04,2023-11-07
554,Concert,Hôtel-de-Ville,2023-09-05,2023-09-06
555,Conférence,Batignolles-Monceau,2023-11-04,2023-11-05
556,Conférence,Élysée,2023-04-27,2023-04-28
557,Festival,Palais-Bourbon,2023-11-18,2023-11-20
558,Festival,Reuilly,2023-03-24,2023-03-27
559,Festival,Entrepôt,2023-03-04,2023-03-08
560,Salon,Hôtel-de-Ville,2023-06-28,2023-07-02
561,Concert,Temple,2023-07-11,2023-07-13
562,Festival,Opéra,2023-07-29,2023-07-31
563,Conférence,Luxembourg,2023-05-04,2023-05-05
564,Salon,Panthéon,2023-01-11,2023-01-13
565,Concert,Batignolles-Monceau,2023-06-12,2023-06-15
566,Festival,Ménilmontant,2023-03-07,2023-03-11
567,Festival,Luxembourg,2023-02-02,2023-02-05
568,Concert,Panthéon,2023-03-18,2023-03-19
569,Festival,Ménilmontant,2023-06-04,2023-06-06
570,Concert,Entrepôt,2023-12-28,2023-12-30
571,Concert,Temple,2023-08-09,2023-08-10
572,Conférence,Hôtel-de-Ville,2023-06-22,2023-06-26
573,Concert,Louvre,2023-12-26,2023-12-28
574,Compétition Sportive,Buttes-Montmartre,2023-03-27,2023-03-28
575,Festival,Vaugirard,2023-12-25,2023-12-29
576,Conférence,Observatoire,2023-03-25,2023-03-29
577,Salon,Louvre,2023-10-27,2023-10-29
578,Compétition Sportive,Hôtel-de-Ville,2023-10-23,2023-10-26
579,Concert,Observatoire,2023-02-14,2023-02-18
580,Salon,Observatoire,2023-05-10,2023-05-14
581,Salon,Observatoire,2023-06-18,2023-06-22
582,Salon,Buttes-Montmartre,2023-01-17,2023-01-18
583,Salon,Élysée,2023-02-19,2023-02-23
584,Conférence,Panthéon,2023-06-18,2023-06-19
585,Conférence,Hôtel-de-Ville,2023-12-12,2023-12-16
586,Salon,Batignolles-Monceau,2023-09-26,2023-09-28
587,Compétition Sportive,Louvre,2023-06-11,2023-06-14
588,Festival,Temple,2023-11-07,2023-11-10
589,Festival,Passy,2023-12-16,2023-12-20
590,Conférence,Hôtel-de-Ville,2023-01-02,2023-01-03
591,Compétition Sportive,Entrepôt,2023-07-23,2023-07-24
592,Compétition Sportive,Buttes-Montmartre,2023-07-03,2023-07-06
593,Concert,Palais-Bourbon,2023-12-08,2023-12-10
594,Conférence,Popincourt,2023-12-24,2023-12-25
595,Compétition Sportive,Luxembourg,2023-09-26,2023-09-28
596,Compétition Sportive,Temple,2023-12-11,2023-12-15
597,Festival,Vaugirard,2023-04-13,2023-04-15
598,Compétition Sportive,Opéra,2023-02-06,2023-02-08
599,Compétition Sportive,Luxembourg,2023-01-21,2023-01-24
600,Salon,Palais-Bourbon,2023-10-01,2023-10-03
601,Festival,Luxembourg,2023-11-29,2023-12-03
602,Festival,Gobelins,2023-07-02,2023-07-04
603,Salon,Palais-Bourbon,2023-03-30,2023-03-31
604,Festival,Ménilmontant,2023-07-27,2023-07-28
605,Concert,Batignolles-Monceau,2023-04-19,2023-04-22
606,Concert,Vaugirard,2023-09-07,2023-09-11
607,Conférence,Popincourt,2023-03-04,2023-03-05
608,Festival,Ménilmontant,2023-08-09,2023-08-10
609,Festival,Panthéon,2023-07-07,2023-07-09
610,Concert,Louvre,2023-06-23,2023-06-26
611,Conférence,Temple,2023-01-16,2023-01-19
612,Conférence,Louvre,2023-08-02,2023-08-03
613,Concert,Louvre,2023-06-21,2023-06-24
614,Concert,Vaugirard,2023-05-20,2023-05-23
615,Salon,Buttes-Montmartre,2023-08-23,2023-08-24
616,Conférence,Hôtel-de-Ville,2023-11-16,2023-11-19
617,Conférence,Temple,2023-06-05,2023-06-09
618,Salon,Vaugirard,2023-10-11,2023-10-14
619,Concert,Bourse,2023-03-28,2023-03-31
620,Salon,Panthéon,2023-04-13,2023-04-14
621,Salon,Ménilmontant,2023-04-04,2023-04-08
622,Compétition Sportive,Luxembourg,2023-12-22,2023-12-26
623,Conférence,Bourse,2023-09-07,2023-09-10
624,Concert,Hôtel-de-Ville,2023-06-08,2023-06-10
625,Compétition Sportive,Vaugirard,2023-03-04,2023-03-06
626,Compétition Sportive,Palais-Bourbon,2023-03-17,2023-03-18
627,Compétition Sportive,Opéra,2023-12-29,2024-01-02
628,Concert,Buttes-Montmartre,2023-12-11,2023-12-12
629,Salon,Louvre,2023-12-30,2024-01-01
630,Concert,Observatoire,2023-10-03,2023-10-06
631,Conférence,Entrepôt,2023-01-24,2023-01-25
632,Conférence,Buttes-Chaumont,2023-12-04,2023-12-05
633,Salon,Louvre,2023-10-21,2023-10-24
634,Concert,Entrepôt,2023-11-25,2023-11-26
635,Salon,Passy,2023-11-21,2023-11-24
636,Salon,Reuilly,2023-02-14,2023-02-15
637,Concert,Buttes-Chaumont,2023-11-29,2023-12-03
638,Conférence,Reuilly,2023-11-25,2023-11-27
639,Concert,Louvre,2023-07-13,2023-07-15
640,Conférence,Buttes-Montmartre,2023-09-21,2023-09-22
641,Festival,Opéra,2023-02-03,2023-02-07
642,Festival,Bourse,2023-05-18,2023-05-22
643,Festival,Élysée,2023-12-31,2024-01-03
644,Compétition Sportive,Opéra,2023-06-12,2023-06-14
645,Conférence,Hôtel-de-Ville,2023-12-27,2023-12-29
646,Conférence,Observatoire,2023-02-24,2023-02-25
647,Concert,Gobelins,2023-01-26,2023-01-28
648,Conférence,Opéra,2023-03-09,2023-03-13
649,Concert,Palais-Bourbon,2023-12-17,2023-12-20
650,Compétition Sportive,Ménilmontant,2023-05-13,2023-05-17
651,Concert,Bourse,2023-03-28,2023-03-31
652,Festival,Temple,2023-03-20,2023-03-22
653,Concert,Temple,2023-10-02,2023-10-03
654,Concert,Batignolles-Monceau,2023-10-26,2023-10-29
655,Concert,Louvre,2023-02-08,2023-02-11
656,Conférence,Bourse,2023-08-19,2023-08-22
657,Salon,Batignolles-Monceau,2023-11-01,2023-11-03
658,Salon,Élysée,2023-11-10,2023-11-14
659,Salon,Palais-Bourbon,2023-11-11,2023-11-14
660,Conférence,Batignolles-Monceau,2023-07-26,2023-07-29
661,Festival,Hôtel-de-Ville,2023-02-09,2023-02-13
662,Salon,Reuilly,2023-04-16,2023-04-20
663,Salon,Vaugirard,2023-09-28,2023-09-30
664,Compétition Sportive,Ménilmontant,2023-10-15,2023-10-17
665,Compétition Sportive,Buttes-Montmartre,2023-02-27,2023-03-01
666,Festival,Élysée,2023-12-17,2023-12-21
667,Concert,Opéra,2023-02-25,2023-02-26
668,Concert,Vaugirard,2023-04-13,2023-04-17
669,Compétition Sportive,Buttes-Chaumont,2023-02-21,2023-02-25
670,Compétition Sportive,Entrepôt,2023-08-17,2023-08-18
671,Festival,Luxembourg,2023-07-27,2023-07-29
672,Festival,Vaugirard,2023-10-11,2023-10-12
673,Conférence,Luxembourg,2023-04-06,2023-04-09
674,Concert,Reuilly,2023-09-05,2023-09-09
675,Conférence,Buttes-Montmartre,2023-06-14,2023-06-18
676,Salon,Élysée,2023-07-09,2023-07-10
677,Festival,Ménilmontant,2023-01-05,2023-01-06
678,Concert,Buttes-Chaumont,2023-06-21,2023-06-24
679,Concert,Luxembourg,2023-11-02,2023-11-04
680,Conférence,Louvre,2023-05-09,2023-05-12
681,Compétition Sportive,Entrepôt,2023-09-01,2023-09-04
682,Compétition Sportive,Élysée,2023-08-24,2023-08-28
683,Festival,Buttes-Montmartre,2023-09-14,2023-09-18
684,Compétition Sportive,Hôtel-de-Ville,2023-05-23,2023-05-27
685,Salon,Batignolles-Monceau,2023-07-21,2023-07-25
686,Concert,Opéra,2023-01-01,2023-01-04
687,Compétition Sportive,Popincourt,2023-11-04,2023-11-08
688,Festival,Temple,2023-08-22,2023-08-24
689,Salon,Passy,2023-12-23,2023-12-27
690,Conférence,Ménilmontant,2023-02-10,2023-02-11
691,Conférence,Hôtel-de-Ville,2023-11-15,2023-11-19
692,Salon,Buttes-Montmartre,2023-10-04,2023-10-08
693,Festival,Louvre,2023-08-27,2023-08-30
694,Conférence,Temple,2023-08-07,2023-08-10
695,Concert,Gobelins,2023-02-21,2023-02-22
696,Concert,Élysée,2023-07-18,2023-07-19
697,Festival,Reuilly,2023-10-19,2023-10-22
698,Festival,Louvre,2023-10-07,2023-10-10
699,Concert,Temple,2023-04-09,2023-04-13
700,Festival,Bourse,2023-03-09,2023-03-12
701,Salon,Temple,2023-09-06,2023-09-07
702,Festival,Entrepôt,2023-09-15,2023-09-18
703,Concert,Observatoire,2023-12-21,2023-12-23
704,Compétition Sportive,Batignolles-Monceau,2023-12-04,2023-12-05
705,Festival,Hôtel-de-Ville,2023-04-01,2023-04-03
706,Conférence,Buttes-Montmartre,2023-11-09,2023-11-10
707,Salon,Opéra,2023-11-15,2023-11-18
708,Salon,Palais-Bourbon,2023-04-14,2023-04-15
709,Salon,Panthéon,2023-11-23,2023-11-24
710,Conférence,Entrepôt,2023-09-11,2023-09-14
711,Conférence,Gobelins,2023-10-24,2023-10-25
712,Salon,Opéra,2023-12-17,2023-12-20
713,Salon,Palais-Bourbon,2023-09-05,2023-09-09
714,Salon,Louvre,2023-04-15,2023-04-18
715,Festival,Passy,2023-08-14,2023-08-15
716,Conférence,Opéra,2023-09-20,2023-09-22
717,Concert,Bourse,2023-02-26,2023-03-01
718,Festival,Opéra,2023-06-22,2023-06-25
719,Concert,Temple,2023-05-06,2023-05-09
720,Festival,Opéra,2023-04-03,2023-04-06
721,Festival,Batignolles-Monceau,2023-05-01,2023-05-03
722,Concert,Entrepôt,2023-08-13,2023-08-16
723,Salon,Batignolles-Monceau,2023-01-03,2023-01-05
724,Concert,Panthéon,2023-04-14,2023-04-16
725,Compétition Sportive,Gobelins,2023-06-09,2023-06-12
726,Conférence,Observatoire,2023-07-30,2023-07-31
727,Compétition Sportive,Ménilmontant,2023-11-20,2023-11-24
728,Festival,Élysée,2023-10-01,2023-10-03
729,Concert,Temple,2023-12-05,2023-12-06
730,Salon,Passy,2023-06-30,2023-07-04
731,Salon,Panthéon,2023-03-17,2023-03-20
732,Compétition Sportive,Gobelins,2023-06-09,2023-06-10
733,Compétition Sportive,Buttes-Chaumont,2023-01-06,2023-01-10
734,Festival,Buttes-Chaumont,2023-06-15,2023-06-16
735,Conférence,Buttes-Chaumont,2023-11-07,2023-11-10
736,Festival,Batignolles-Monceau,2023-10-09,2023-10-13
737,Salon,Opéra,2023-07-19,2023-07-20
738,Concert,Temple,2023-03-15,2023-03-19
739,Compétition Sportive,Opéra,2023-08-02,2023-08-05
740,Salon,Popincourt,2023-08-14,2023-08-15
741,Festival,Élysée,2023-04-19,2023-04-21
742,Conférence,Luxembourg,2023-04-25,2023-04-29
743,Concert,Élysée,2023-09-13,2023-09-17
744,Conférence,Bourse,2023-03-27,2023-03-31
745,Festival,Passy,2023-01-06,2023-01-10
746,Festival,Observatoire,2023-10-19,2023-10-23
747,Salon,Passy,2023-05-07,2023-05-11
748,Concert,Luxembourg,2023-09-24,2023-09-27
749,Festival,Popincourt,2023-12-04,2023-12-05
750,Salon,Ménilmontant,2023-02-03,2023-02-05
751,Festival,Temple,2023-09-16,2023-09-20
752,Salon,Élysée,2023-08-29,2023-08-31
753,Conférence,Luxembourg,2023-04-15,2023-04-16
754,Salon,Vaugirard,2023-04-25,2023-04-26
755,Conférence,Entrepôt,2023-12-24,2023-12-25
756,Compétition Sportive,Ménilmontant,2023-09-05,2023-09-07
757,Festival,Popincourt,2023-10-19,2023-10-22
758,Compétition Sportive,Palais-Bourbon,2023-07-28,2023-08-01
759,Concert,Buttes-Chaumont,2023-04-04,2023-04-05
760,Compétition Sportive,Luxembourg,2023-01-30,2023-02-01
761,Salon,Panthéon,2023-03-03,2023-03-07
762,Salon,Passy,2023-08-31,2023-09-04
763,Concert,Panthéon,2023-06-30,2023-07-01
764,Concert,Buttes-Chaumont,2023-04-17,2023-04-19
765,Festival,Élysée,2023-02-19,2023-02-20
766,Salon,Buttes-Chaumont,2023-08-11,2023-08-12
767,Concert,Louvre,2023-06-09,2023-06-10
768,Compétition Sportive,Opéra,2023-04-30,2023-05-01
769,Salon,Batignolles-Monceau,2023-12-05,2023-12-09
770,Concert,Hôtel-de-Ville,2023-09-22,2023-09-26
771,Festival,Popincourt,2023-09-29,2023-10-03
772,Conférence,Hôtel-de-Ville,2023-12-16,2023-12-17
773,Salon,Bourse,2023-10-19,2023-10-23
774,Salon,Louvre,2023-09-24,2023-09-27
775,Salon,Élysée,2023-03-20,2023-03-22
776,Salon,Buttes-Montmartre,2023-08-21,2023-08-22
777,Conférence,Passy,2023-07-10,2023-07-11
778,Conférence,Entrepôt,2023-03-26,2023-03-30
779,Festival,Ménilmontant,2023-05-04,2023-05-05
780,Salon,Palais-Bourbon,2023-03-15,2023-03-17
781,Concert,Louvre,2023-08-05,2023-08-09
782,Compétition Sportive,Batignolles-Monceau,2023-12-18,2023-12-20
783,Salon,Opéra,2023-10-16,2023-10-19
784,Conférence,Ménilmontant,2023-02-18,2023-02-20
785,Festival,Batignolles-Monceau,2023-06-28,2023-07-02
786,Salon,Luxembourg,2023-06-27,2023-06-28
787,Festival,Passy,2023-01-24,2023-01-26
788,Concert,Temple,2023-10-04,2023-10-05
789,Concert,Ménilmontant,2023-03-22,2023-03-25
790,Concert,Buttes-Montmartre,2023-05-27,2023-05-30
791,Concert,Buttes-Montmartre,2023-07-14,2023-07-17
792,Compétition Sportive,Élysée,2023-03-07,2023-03-10
793,Festival,Hôtel-de-Ville,2023-03-05,2023-03-06
794,Salon,Gobelins,2023-12-31,2024-01-02
795,Compétition Sportive,Entrepôt,2023-02-01,2023-02-05
796,Salon,Entrepôt,2023-04-16,2023-04-17
797,Conférence,Bourse,2023-06-02,2023-06-05
798,Compétition Sportive,Temple,2023-12-28,2023-12-29
799,Compétition Sportive,Ménilmontant,2023-11-03,2023-11-06
800,Conférence,Batignolles-Monceau,2023-01-07,2023-01-09
801,Compétition Sportive,Louvre,2023-04-23,2023-04-25
802,Festival,Observatoire,2023-07-08,2023-07-12
803,Concert,Temple,2023-10-08,2023-10-11
804,Salon,Vaugirard,2023-12-09,2023-12-11
805,Conférence,Opéra,2023-09-11,2023-09-13
806,Concert,Vaugirard,2023-04-02,2023-04-04
807,Compétition Sportive,Popincourt,2023-07-23,2023-07-25
808,Festival,Palais-Bourbon,2023-01-08,2023-01-12
809,Compétition Sportive,Panthéon,2023-08-30,2023-08-31
810,Conférence,Vaugirard,2023-08-15,2023-08-19
811,Compétition Sportive,Entrepôt,2023-10-08,2023-10-10
812,Festival,Gobelins,2023-08-10,2023-08-11
813,Compétition Sportive,Observatoire,2023-08-16,2023-08-19
814,Compétition Sportive,Hôtel-de-Ville,2023-02-22,2023-02-26
815,Compétition Sportive,Hôtel-de-Ville,2023-10-08,2023-10-09
816,Compétition Sportive,Gobelins,2023-01-26,2023-01-30
817,Festival,Entrepôt,2023-01-08,2023-01-12
818,Salon,Louvre,2023-07-16,2023-07-18
819,Concert,Louvre,2023-05-27,2023-05-28
820,Conférence,Batignolles-Monceau,2023-07-23,2023-07-26
821,Salon,Popincourt,2023-08-12,2023-08-13
822,Festival,Luxembourg,2023-07-17,2023-07-18
823,Conférence,Entrepôt,2023-09-04,2023-09-06
824,Conférence,Opéra,2023-09-21,2023-09-22
825,Compétition Sportive,Élysée,2023-07-06,2023-07-09
826,Concert,Hôtel-de-Ville,2023-05-13,2023-05-17
827,Concert,Reuilly,2023-11-29,2023-12-01
828,Festival,Observatoire,2023-06-08,2023-06-10
829,Salon,Bourse,2023-04-28,2023-04-29
830,Compétition Sportive,Buttes-Chaumont,2023-02-15,2023-02-16
831,Concert,Popincourt,2023-05-12,2023-05-16
832,Compétition Sportive,Popincourt,2023-12-15,2023-12-16
833,Salon,Hôtel-de-Ville,2023-02-01,2023-02-03
834,Conférence,Buttes-Chaumont,2023-04-07,2023-04-08
835,Salon,Observatoire,2023-03-19,2023-03-21
836,Conférence,Louvre,2023-12-05,2023-12-08
837,Salon,Buttes-Chaumont,2023-11-04,2023-11-06
838,Compétition Sportive,Entrepôt,2023-09-24,2023-09-26
839,Salon,Passy,2023-09-22,2023-09-24
840,Concert,Louvre,2023-07-04,2023-07-08
841,Concert,Ménilmontant,2023-07-03,2023-07-06
842,Festival,Palais-Bourbon,2023-02-20,2023-02-22
843,Concert,Luxembourg,2023-08-08,2023-08-09
844,Concert,Bourse,2023-01-02,2023-01-03
845,Conférence,Panthéon,2023-03-18,2023-03-20
846,Compétition Sportive,Temple,2023-12-29,2023-12-30
847,Compétition Sportive,Temple,2023-11-21,2023-11-22
848,Conférence,Popincourt,2023-02-08,2023-02-12
849,Concert,Entrepôt,2023-02-03,2023-02-06
850,Salon,Gobelins,2023-08-18,2023-08-19
851,Conférence,Buttes-Montmartre,2023-06-20,2023-06-23
852,Compétition Sportive,Popincourt,2023-09-08,2023-09-09
853,Festival,Passy,2023-03-07,2023-03-09
854,Compétition Sportive,Reuilly,2023-12-19,2023-12-21
855,Salon,Opéra,2023-01-27,2023-01-30
856,Compétition Sportive,Hôtel-de-Ville,2023-03-08,2023-03-11
857,Conférence,Passy,2023-07-09,2023-07-12
858,Festival,Reuilly,2023-11-16,2023-11-19
859,Compétition Sportive,Hôtel-de-Ville,2023-08-31,2023-09-02
860,Conférence,Buttes-Chaumont,2023-04-28,2023-04-29
861,Conférence,Louvre,2023-06-18,2023-06-20
862,Conférence,Vaugirard,2023-03-28,2023-03-31
863,Festival,Luxembourg,2023-04-07,2023-04-11
864,Conférence,Passy,2023-09-27,2023-09-28
865,Festival,Observatoire,2023-03-02,2023-03-04
866,Salon,Buttes-Chaumont,2023-02-19,2023-02-23
867,Salon,Gobelins,2023-01-13,2023-01-14
868,Salon,Palais-Bourbon,2023-07-15,2023-07-17
869,Conférence,Gobelins,2023-10-02,2023-10-03
870,Festival,Entrepôt,2023-08-04,2023-08-08
871,Salon,Buttes-Chaumont,2023-10-19,2023-10-22
872,Concert,Buttes-Montmartre,2023-11-22,2023-11-23
873,Salon,Batignolles-Monceau,2023-09-25,2023-09-28
874,Conférence,Gobelins,2023-11-25,2023-11-27
875,Concert,Passy,2023-01-13,2023-01-15
876,Compétition Sportive,Buttes-Chaumont,2023-01-24,2023-01-25
877,Concert,Panthéon,2023-06-23,2023-06-24
878,Compétition Sportive,Hôtel-de-Ville,2023-09-28,2023-10-02
879,Concert,Palais-Bourbon,2023-04-04,2023-04-07
880,Festival,Luxembourg,2023-04-06,2023-04-07
881,Concert,Élysée,2023-02-04,2023-02-05
882,Salon,Observatoire,2023-08-30,2023-08-31
883,Compétition Sportive,Passy,2023-07-26,2023-07-27
884,Compétition Sportive,Popincourt,2023-05-30,2023-05-31
885,Salon,Passy,2023-10-08,2023-10-09
886,Festival,Observatoire,2023-10-07,2023-10-11
887,Concert,Vaugirard,2023-06-13,2023-06-14
888,Festival,Élysée,2023-09-25,2023-09-29
889,Salon,Luxembourg,2023-11-21,2023-11-24
890,Concert,Popincourt,2023-02-06,2023-02-09
891,Salon,Panthéon,2023-01-18,2023-01-22
892,Compétition Sportive,Élysée,2023-04-21,2023-04-22
893,Compétition Sportive,Ménilmontant,2023-08-13,2023-08-15
894,Compétition Sportive,Luxembourg,2023-10-24,2023-10-26
895,Conférence,Bourse,2023-09-25,2023-09-26
896,Conférence,Élysée,2023-12-19,2023-12-20
897,Compétition Sportive,Passy,2023-07-16,2023-07-17
898,Conférence,Élysée,2023-11-25,2023-11-28
899,Conférence,Ménilmontant,2023-04-07,2023-04-08
900,Salon,Temple,2023-06-07,2023-06-10
901,Concert,Vaugirard,2023-01-17,2023-01-21
902,Compétition Sportive,Bourse,2023-02-04,2023-02-06
903,Conférence,Palais-Bourbon,2023-12-02,2023-12-05
904,Salon,Palais-Bourbon,2023-11-12,2023-11-15
905,Salon,Ménilmontant,2023-07-17,2023-07-19
906,Concert,Vaugirard,2023-04-27,2023-04-30
907,Salon,Vaugirard,2023-08-27,2023-08-30
908,Festival,Vaugirard,2023-01-11,2023-01-12
909,Festival,Buttes-Chaumont,2023-11-25,2023-11-27
910,Compétition Sportive,Vaugirard,2023-01-27,2023-01-30
911,Concert,Temple,2023-09-27,2023-10-01
912,Festival,Palais-Bourbon,2023-04-09,2023-04-10
913,Concert,Buttes-Chaumont,2023-05-06,2023-05-08
914,Compétition Sportive,Gobelins,2023-07-31,2023-08-04
915,Salon,Louvre,2023-05-02,2023-05-04
916,Salon,Ménilmontant,2023-12-18,2023-12-20
917,Salon,Temple,2023-03-16,2023-03-18
918,Festival,Gobelins,2023-01-05,2023-01-08
919,Concert,Panthéon,2023-06-07,2023-06-09
920,Festival,Panthéon,2023-08-24,2023-08-26
921,Conférence,Élysée,2023-07-22,2023-07-24
922,Concert,Entrepôt,2023-07-27,2023-07-30
923,Compétition Sportive,Élysée,2023-10-08,2023-10-09
924,Festival,Louvre,2023-12-28,2023-12-31
925,Salon,Reuilly,2023-10-08,2023-10-11
926,Salon,Bourse,2023-11-27,2023-11-30
927,Salon,Popincourt,2023-03-03,2023-03-05
928,Festival,Ménilmontant,2023-11-17,2023-11-18
929,Festival,Ménilmontant,2023-08-13,2023-08-17
930,Salon,Reuilly,2023-09-14,2023-09-16
931,Salon,Buttes-Montmartre,2023-04-26,2023-04-30
932,Salon,Gobelins,2023-06-24,2023-06-28
933,Conférence,Buttes-Chaumont,2023-11-25,2023-11-26
934,Festival,Opéra,2023-10-10,2023-10-11
935,Salon,Gobelins,2023-10-21,2023-10-24
936,Compétition Sportive,Entrepôt,2023-10-23,2023-10-27
937,Salon,Gobelins,2023-07-28,2023-07-31
938,Festival,Batignolles-Monceau,2023-05-20,2023-05-24
939,Compétition Sportive,Ménilmontant,2023-03-07,2023-03-10
940,Festival,Ménilmontant,2023-07-19,2023-07-20
941,Festival,Entrepôt,2023-02-02,2023-02-06
942,Festival,Hôtel-de-Ville,2023-05-21,2023-05-25
943,Concert,Opéra,2023-02-12,2023-02-13
944,Compétition Sportive,Passy,2023-05-29,2023-06-02
945,Conférence,Ménilmontant,2023-07-30,2023-08-02
946,Conférence,Vaugirard,2023-10-13,2023-10-16
947,Concert,Ménilmontant,2023-10-03,2023-10-07
948,Festival,Temple,2023-03-23,2023-03-27
949,Conférence,Observatoire,2023-08-01,2023-08-04
950,Compétition Sportive,Opéra,2023-04-30,2023-05-01
951,Salon,Observatoire,2023-09-20,2023-09-21
952,Compétition Sportive,Luxembourg,2023-07-16,2023-07-19
953,Festival,Reuilly,2023-09-22,2023-09-23
954,Compétition Sportive,Buttes-Chaumont,2023-02-14,2023-02-15
955,Festival,Hôtel-de-Ville,2023-01-18,2023-01-22
956,Compétition Sportive,Panthéon,2023-10-30,2023-11-01
957,Concert,Panthéon,2023-04-24,2023-04-27
958,Compétition Sportive,Luxembourg,2023-01-01,2023-01-03
959,Conférence,Panthéon,2023-08-25,2023-08-28
960,Salon,Temple,2023-11-30,2023-12-01
961,Concert,Temple,2023-11-24,2023-11-25
962,Compétition Sportive,Palais-Bourbon,2023-11-05,2023-11-09
963,Festival,Gobelins,2023-02-06,2023-02-10
964,Concert,Popincourt,2023-01-20,2023-01-21
965,Conférence,Élysée,2023-12-17,2023-12-21
966,Salon,Panthéon,2023-07-05,2023-07-09
967,Salon,Temple,2023-04-30,2023-05-03
968,Compétition Sportive,Entrepôt,2023-02-10,2023-02-14
969,Conférence,Temple,2023-10-27,2023-10-28
970,Conférence,Buttes-Montmartre,2023-08-23,2023-08-24
971,Salon,Palais-Bourbon,2023-03-22,2023-03-23
972,Salon,Louvre,2023-01-27,2023-01-31
973,Conférence,Palais-Bourbon,2023-01-21,2023-01-25
974,Salon,Luxembourg,2023-10-23,2023-10-25
975,Festival,Entrepôt,2023-09-03,2023-09-04
976,Salon,Gobelins,2023-02-13,2023-02-17
977,Festival,Reuilly,2023-12-31,2024-01-02
978,Salon,Gobelins,2023-12-12,2023-12-13
979,Concert,Batignolles-Monceau,2023-06-21,2023-06-22
980,Concert,Palais-Bourbon,2023-09-18,2023-09-19
981,Concert,Observatoire,2023-12-19,2023-12-22
982,Festival,Bourse,2023-07-16,2023-07-17
983,Festival,Passy,2023-08-08,2023-08-09
984,Compétition Sportive,Popincourt,2023-05-29,2023-05-31
985,Compétition Sportive,Panthéon,2023-01-08,2023-01-09
986,Salon,Buttes-Montmartre,2023-11-18,2023-11-21
987,Festival,Batignolles-Monceau,2023-06-14,2023-06-18
988,Concert,Passy,2023-04-18,2023-04-19
989,Concert,Palais-Bourbon,2023-11-12,2023-11-16
990,Concert,Temple,2023-05-29,2023-06-01
991,Salon,Popincourt,2023-08-07,2023-08-09
992,Festival,Batignolles-Monceau,2023-09-06,2023-09-08
993,Salon,Entrepôt,2023-10-01,2023-10-05
994,Conférence,Élysée,2023-11-13,2023-11-17
995,Conférence,Louvre,2023-07-16,2023-07-20
996,Compétition Sportive,Entrepôt,2023-06-11,2023-06-14
997,Festival,Gobelins,2023-12-04,2023-12-08
998,Concert,Reuilly,2023-04-09,2023-04-13
999,Festival,Gobelins,2023-03-31,2023-04-04
1000,Compétition Sportive,Entrepôt,2023-06-06,2023-06-09
1001,Concert,Ménilmontant,2023-12-14,2023-12-17
1002,Salon,Luxembourg,2023-07-17,2023-07-20
1003,Concert,Gobelins,2023-03-31,2023-04-03
1004,Conférence,Popincourt,2023-11-10,2023-11-13
1005,Salon,Observatoire,2023-07-29,2023-07-30
1006,Concert,Louvre,2023-06-10,2023-06-14
1007,Salon,Ménilmontant,2023-04-06,2023-04-09
1008,Conférence,Panthéon,2023-08-06,2023-08-07
1009,Conférence,Opéra,2023-08-02,2023-08-06
1010,Festival,Palais-Bourbon,2023-10-17,2023-10-19
1011,Conférence,Buttes-Montmartre,2023-04-29,2023-05-02
1012,Conférence,Reuilly,2023-04-29,2023-05-01
1013,Conférence,Passy,2023-02-18,2023-02-19
1014,Compétition Sportive,Batignolles-Monceau,2023-01-12,2023-01-15
1015,Conférence,Palais-Bourbon,2023-09-11,2023-09-15
1016,Festival,Popincourt,2023-05-30,2023-05-31
1017,Salon,Bourse,2023-06-01,2023-06-05
1018,Compétition Sportive,Buttes-Montmartre,2023-11-08,2023-11-11
1019,Salon,Reuilly,2023-06-02,2023-06-05
1020,Salon,Élysée,2023-05-09,2023-05-12
1021,Festival,Temple,2023-07-21,2023-07-25
1022,Compétition Sportive,Luxembourg,2023-06-11,2023-06-14
1023,Concert,Opéra,2023-09-30,2023-10-04
1024,Conférence,Hôtel-de-Ville,2023-05-09,2023-05-10
1025,Salon,Temple,2023-01-06,2023-01-07
1026,Salon,Palais-Bourbon,2023-11-27,2023-12-01
1027,Festival,Temple,2023-02-08,2023-02-12
1028,Festival,Gobelins,2023-05-28,2023-06-01
1029,Festival,Bourse,2023-12-06,2023-12-08
1030,Compétition Sportive,Bourse,2023-08-01,2023-08-04
1031,Conférence,Louvre,2023-04-28,2023-05-02
1032,Compétition Sportive,Buttes-Chaumont,2023-06-01,2023-06-03
1033,Festival,Opéra,2023-02-10,2023-02-12
1034,Festival,Panthéon,2023-04-29,2023-05-01
1035,Salon,Panthéon,2023-03-31,2023-04-04
1036,Compétition Sportive,Popincourt,2023-11-19,2023-11-20
1037,Compétition Sportive,Opéra,2023-10-21,2023-10-23
1038,Conférence,Reuilly,2023-08-21,2023-08-24
1039,Compétition Sportive,Entrepôt,2023-02-07,2023-02-11
1040,Conférence,Entrepôt,2023-10-11,2023-10-14
1041,Concert,Buttes-Montmartre,2023-09-08,2023-09-11
1042,Conférence,Gobelins,2023-09-23,2023-09-25
1043,Festival,Palais-Bourbon,2023-06-01,2023-06-03
1044,Concert,Hôtel-de-Ville,2023-11-14,2023-11-16
1045,Salon,Élysée,2023-04-14,2023-04-18
1046,Salon,Panthéon,2023-06-29,2023-07-02
1047,Salon,Luxembourg,2023-03-12,2023-03-13
1048,Festival,Opéra,2023-08-03,2023-08-05
1049,Salon,Ménilmontant,2023-08-03,2023-08-04
1050,Conférence,Buttes-Chaumont,2023-12-17,2023-12-19
1051,Festival,Vaugirard,2023-09-09,2023-09-13
1052,Compétition Sportive,Palais-Bourbon,2023-02-19,2023-02-23
1053,Festival,Buttes-Chaumont,2023-08-27,2023-08-28
1054,Festival,Passy,2023-08-07,2023-08-10
1055,Compétition Sportive,Louvre,2023-11-21,2023-11-24
1056,Conférence,Passy,2023-12-21,2023-12-23
1057,Concert,Temple,2023-06-26,2023-06-28
1058,Compétition Sportive,Panthéon,2023-01-17,2023-01-20
1059,Festival,Observatoire,2023-08-19,2023-08-20
1060,Salon,Bourse,2023-03-27,2023-03-28
1061,Compétition Sportive,Bourse,2023-11-05,2023-11-08
1062,Compétition Sportive,Vaugirard,2023-12-16,2023-12-18
1063,Concert,Panthéon,2023-07-13,2023-07-15
1064,Festival,Panthéon,2023-05-13,2023-05-17
1065,Salon,Temple,2023-07-09,2023-07-11
1066,Salon,Élysée,2023-04-09,2023-04-12
1067,Concert,Panthéon,2023-03-22,2023-03-24
1068,Salon,Temple,2023-07-10,2023-07-12
1069,Conférence,Gobelins,2023-08-11,2023-08-12
1070,Compétition Sportive,Élysée,2023-08-31,2023-09-04
1071,Compétition Sportive,Luxembourg,2023-11-26,2023-11-29
1072,Salon,Gobelins,2023-11-28,2023-11-30
1073,Salon,Bourse,2023-04-28,2023-05-01
1074,Salon,Gobelins,2023-01-18,2023-01-22
1075,Compétition Sportive,Entrepôt,2023-04-25,2023-04-26
1076,Salon,Bourse,2023-07-24,2023-07-28
1077,Conférence,Batignolles-Monceau,2023-07-19,2023-07-22
1078,Conférence,Hôtel-de-Ville,2023-12-21,2023-12-24
1079,Compétition Sportive,Hôtel-de-Ville,2023-11-14,2023-11-15
1080,Festival,Panthéon,2023-09-12,2023-09-15
1081,Festival,Opéra,2023-10-29,2023-10-31
1082,Festival,Gobelins,2023-11-23,2023-11-26
1083,Conférence,Ménilmontant,2023-11-12,2023-11-14
1084,Concert,Passy,2023-06-22,2023-06-26
1085,Festival,Reuilly,2023-12-30,2023-12-31
1086,Concert,Panthéon,2023-03-20,2023-03-22
1087,Compétition Sportive,Passy,2023-05-30,2023-06-01
1088,Conférence,Observatoire,2023-07-12,2023-07-13
1089,Festival,Reuilly,2023-09-19,2023-09-21
1090,Conférence,Panthéon,2023-11-17,2023-11-19
1091,Compétition Sportive,Panthéon,2023-03-24,2023-03-27
1092,Conférence,Temple,2023-05-07,2023-05-11
1093,Salon,Gobelins,2023-07-02,2023-07-06
1094,Festival,Luxembourg,2023-06-11,2023-06-13
1095,Conférence,Reuilly,2023-02-10,2023-02-11
1096,Conférence,Ménilmontant,2023-06-09,2023-06-12
1097,Conférence,Buttes-Montmartre,2023-02-20,2023-02-23
1098,Compétition Sportive,Gobelins,2023-04-20,2023-04-22
1099,Festival,Observatoire,2023-03-21,2023-03-24
1100,Festival,Louvre,2023-08-13,2023-08-14
1101,Salon,Luxembourg,2023-01-05,2023-01-06
1102,Salon,Luxembourg,2023-11-10,2023-11-12
1103,Conférence,Buttes-Chaumont,2023-08-15,2023-08-17
1104,Festival,Ménilmontant,2023-06-23,2023-06-24
1105,Festival,Élysée,2023-04-22,2023-04-23
1106,Conférence,Palais-Bourbon,2023-04-15,2023-04-19
1107,Concert,Luxembourg,2023-03-03,2023-03-04
1108,Festival,Popincourt,2023-01-07,2023-01-10
1109,Conférence,Passy,2023-01-15,2023-01-19
1110,Conférence,Opéra,2023-05-05,2023-05-09
1111,Concert,Opéra,2023-01-20,2023-01-22
1112,Salon,Buttes-Chaumont,2023-12-08,2023-12-10
1113,Conférence,Bourse,2023-11-06,2023-11-07
1114,Festival,Panthéon,2023-11-23,2023-11-24
1115,Salon,Palais-Bourbon,2023-04-05,2023-04-07
1116,Salon,Entrepôt,2023-09-06,2023-09-09
1117,Salon,Bourse,2023-11-02,2023-11-04
1118,Conférence,Luxembourg,2023-09-16,2023-09-18
1119,Festival,Buttes-Chaumont,2023-04-17,2023-04-21
1120,Concert,Entrepôt,2023-09-04,2023-09-06
1121,Compétition Sportive,Gobelins,2023-02-15,2023-02-19
1122,Compétition Sportive,Reuilly,2023-12-03,2023-12-07
1123,Salon,Gobelins,2023-02-06,2023-02-07
1124,Compétition Sportive,Passy,2023-05-05,2023-05-09
1125,Compétition Sportive,Élysée,2023-03-01,2023-03-03
1126,Conférence,Palais-Bourbon,2023-08-04,2023-08-06
1127,Concert,Palais-Bourbon,2023-04-07,2023-04-09
1128,Compétition Sportive,Hôtel-de-Ville,2023-10-26,2023-10-28
1129,Concert,Vaugirard,2023-05-18,2023-05-22
1130,Compétition Sportive,Bourse,2023-11-23,2023-11-27
1131,Salon,Buttes-Chaumont,2023-12-18,2023-12-21
1132,Salon,Hôtel-de-Ville,2023-01-02,2023-01-05
1133,Concert,Palais-Bourbon,2023-03-13,2023-03-14
1134,Concert,Buttes-Chaumont,2023-11-19,2023-11-21
1135,Concert,Bourse,2023-08-14,2023-08-15
1136,Concert,Panthéon,2023-08-27,2023-08-31
1137,Festival,Panthéon,2023-06-23,2023-06-27
1138,Salon,Palais-Bourbon,2023-06-18,2023-06-20
1139,Compétition Sportive,Temple,2023-01-04,2023-01-05
1140,Festival,Louvre,2023-03-28,2023-04-01
1141,Concert,Passy,2023-01-10,2023-01-14
1142,Compétition Sportive,Buttes-Chaumont,2023-04-23,2023-04-27
1143,Salon,Opéra,2023-04-12,2023-04-14
1144,Concert,Buttes-Montmartre,2023-01-05,2023-01-08
1145,Conférence,Buttes-Chaumont,2023-03-15,2023-03-18
1146,Concert,Entrepôt,2023-03-31,2023-04-04
1147,Compétition Sportive,Panthéon,2023-04-23,2023-04-25
1148,Salon,Ménilmontant,2023-03-21,2023-03-22
1149,Concert,Popincourt,2023-05-01,2023-05-05
1150,Salon,Palais-Bourbon,2023-11-13,2023-11-15
1151,Festival,Buttes-Chaumont,2023-10-11,2023-10-15
1152,Conférence,Buttes-Montmartre,2023-05-26,2023-05-30
1153,Festival,Observatoire,2023-11-04,2023-11-06
1154,Conférence,Entrepôt,2023-02-27,2023-03-01
1155,Festival,Gobelins,2023-06-18,2023-06-22
1156,Salon,Reuilly,2023-07-22,2023-07-25
1157,Salon,Vaugirard,2023-08-14,2023-08-15
1158,Festival,Temple,2023-03-20,2023-03-23
1159,Compétition Sportive,Buttes-Montmartre,2023-09-14,2023-09-16
1160,Festival,Popincourt,2023-12-19,2023-12-20
1161,Concert,Passy,2023-03-14,2023-03-15
1162,Compétition Sportive,Buttes-Chaumont,2023-04-18,2023-04-22
1163,Salon,Batignolles-Monceau,2023-05-25,2023-05-28
1164,Festival,Hôtel-de-Ville,2023-09-17,2023-09-19
1165,Compétition Sportive,Buttes-Montmartre,2023-04-11,2023-04-13
1166,Concert,Palais-Bourbon,2023-10-29,2023-10-30
1167,Conférence,Buttes-Chaumont,2023-11-22,2023-11-25
1168,Salon,Ménilmontant,2023-01-06,2023-01-09
1169,Compétition Sportive,Opéra,2023-12-05,2023-12-07
1170,Compétition Sportive,Vaugirard,2023-04-04,2023-04-07
1171,Compétition Sportive,Ménilmontant,2023-04-30,2023-05-01
1172,Festival,Hôtel-de-Ville,2023-07-20,2023-07-22
1173,Salon,Hôtel-de-Ville,2023-07-08,2023-07-12
1174,Salon,Louvre,2023-07-12,2023-07-16
1175,Festival,Hôtel-de-Ville,2023-11-09,2023-11-10
1176,Festival,Observatoire,2023-01-25,2023-01-28
1177,Festival,Passy,2023-01-16,2023-01-18
1178,Concert,Gobelins,2023-08-08,2023-08-09
1179,Compétition Sportive,Louvre,2023-01-05,2023-01-07
1180,Concert,Vaugirard,2023-05-30,2023-06-01
1181,Salon,Panthéon,2023-09-27,2023-09-28
1182,Festival,Ménilmontant,2023-03-21,2023-03-25
1183,Compétition Sportive,Buttes-Chaumont,2023-05-07,2023-05-09
1184,Conférence,Batignolles-Monceau,2023-08-12,2023-08-14
1185,Compétition Sportive,Buttes-Montmartre,2023-11-22,2023-11-24
1186,Conférence,Palais-Bourbon,2023-09-30,2023-10-01
1187,Compétition Sportive,Gobelins,2023-09-14,2023-09-15
1188,Festival,Batignolles-Monceau,2023-05-26,2023-05-30
1189,Conférence,Luxembourg,2023-03-16,2023-03-18
1190,Conférence,Observatoire,2023-01-11,2023-01-12
1191,Salon,Buttes-Montmartre,2023-04-02,2023-04-04
1192,Compétition Sportive,Gobelins,2023-09-25,2023-09-29
1193,Concert,Opéra,2023-06-11,2023-06-14
1194,Concert,Louvre,2023-03-21,2023-03-24
1195,Salon,Panthéon,2023-07-21,2023-07-24
1196,Salon,Buttes-Montmartre,2023-09-07,2023-09-11
1197,Salon,Gobelins,2023-09-02,2023-09-03
1198,Festival,Luxembourg,2023-09-11,2023-09-13
1199,Festival,Observatoire,2023-04-13,2023-04-14
1200,Festival,Palais-Bourbon,2023-08-06,2023-08-09
1201,Festival,Batignolles-Monceau,2023-10-25,2023-10-28
1202,Salon,Élysée,2023-08-22,2023-08-24
1203,Salon,Temple,2023-05-22,2023-05-24
1204,Festival,Buttes-Chaumont,2023-08-29,2023-09-02
1205,Festival,Entrepôt,2023-03-24,2023-03-26
1206,Conférence,Panthéon,2023-12-20,2023-12-21
1207,Compétition Sportive,Reuilly,2023-05-08,2023-05-09
1208,Conférence,Bourse,2023-10-12,2023-10-14
1209,Compétition Sportive,Opéra,2023-01-28,2023-01-29
1210,Festival,Vaugirard,2023-08-28,2023-08-29
1211,Festival,Buttes-Montmartre,2023-08-29,2023-09-01
1212,Festival,Observatoire,2023-12-10,2023-12-13
1213,Conférence,Ménilmontant,2023-04-02,2023-04-04
1214,Salon,Panthéon,2023-04-16,2023-04-18
1215,Compétition Sportive,Passy,2023-08-24,2023-08-26
1216,Conférence,Observatoire,2023-05-02,2023-05-05
1217,Festival,Entrepôt,2023-03-17,2023-03-18
1218,Salon,Reuilly,2023-12-05,2023-12-09
1219,Conférence,Élysée,2023-09-19,2023-09-20
1220,Compétition Sportive,Buttes-Montmartre,2023-09-15,2023-09-19
1221,Festival,Buttes-Chaumont,2023-02-22,2023-02-25
1222,Compétition Sportive,Buttes-Montmartre,2023-09-13,2023-09-17
1223,Festival,Passy,2023-12-25,2023-12-27
1224,Festival,Hôtel-de-Ville,2023-10-14,2023-10-16
1225,Concert,Louvre,2023-02-06,2023-02-08
1226,Compétition Sportive,Gobelins,2023-07-03,2023-07-05
1227,Salon,Hôtel-de-Ville,2023-04-28,2023-04-29
1228,Festival,Élysée,2023-06-17,2023-06-19
1229,Salon,Popincourt,2023-05-20,2023-05-24
1230,Conférence,Temple,2023-09-06,2023-09-09
1231,Festival,Opéra,2023-02-24,2023-02-26
1232,Festival,Buttes-Montmartre,2023-08-13,2023-08-14
1233,Festival,Ménilmontant,2023-07-04,2023-07-06
1234,Salon,Élysée,2023-06-22,2023-06-24
1235,Concert,Opéra,2023-01-25,2023-01-26
1236,Compétition Sportive,Luxembourg,2023-06-19,2023-06-22
1237,Festival,Palais-Bourbon,2023-05-26,2023-05-27
1238,Compétition Sportive,Temple,2023-06-07,2023-06-11
1239,Compétition Sportive,Temple,2023-10-01,2023-10-02
1240,Compétition Sportive,Popincourt,2023-05-15,2023-05-19
1241,Salon,Hôtel-de-Ville,2023-03-20,2023-03-22
1242,Compétition Sportive,Hôtel-de-Ville,2023-10-13,2023-10-14
1243,Conférence,Panthéon,2023-07-16,2023-07-18
1244,Salon,Temple,2023-01-06,2023-01-07
1245,Salon,Luxembourg,2023-10-31,2023-11-04
1246,Conférence,Vaugirard,2023-12-26,2023-12-27
1247,Concert,Temple,2023-05-21,2023-05-25
1248,Concert,Opéra,2023-04-16,2023-04-18
1249,Festival,Reuilly,2023-10-09,2023-10-10
1250,Concert,Panthéon,2023-01-20,2023-01-21
1251,Festival,Hôtel-de-Ville,2023-06-09,2023-06-11
1252,Compétition Sportive,Entrepôt,2023-08-12,2023-08-13
1253,Festival,Élysée,2023-04-24,2023-04-28
1254,Concert,Passy,2023-04-18,2023-04-19
1255,Festival,Popincourt,2023-09-07,2023-09-09
1256,Salon,Hôtel-de-Ville,2023-06-30,2023-07-01
1257,Concert,Batignolles-Monceau,2023-03-06,2023-03-09
1258,Festival,Luxembourg,2023-05-11,2023-05-12
1259,Concert,Gobelins,2023-12-25,2023-12-26
1260,Conférence,Buttes-Chaumont,2023-10-26,2023-10-27
1261,Concert,Élysée,2023-10-08,2023-10-10
1262,Conférence,Opéra,2023-12-07,2023-12-09
1263,Festival,Palais-Bourbon,2023-08-09,2023-08-13
1264,Conférence,Temple,2023-03-27,2023-03-30
1265,Concert,Entrepôt,2023-05-31,2023-06-02
1266,Salon,Luxembourg,2023-09-26,2023-09-29
1267,Conférence,Panthéon,2023-01-23,2023-01-24
1268,Concert,Reuilly,2023-03-04,2023-03-05
1269,Salon,Entrepôt,2023-04-09,2023-04-10
1270,Compétition Sportive,Hôtel-de-Ville,2023-03-24,2023-03-25
1271,Conférence,Popincourt,2023-01-15,2023-01-18
1272,Conférence,Louvre,2023-04-27,2023-05-01
1273,Festival,Hôtel-de-Ville,2023-09-01,2023-09-04
1274,Compétition Sportive,Palais-Bourbon,2023-10-09,2023-10-10
1275,Festival,Buttes-Chaumont,2023-12-25,2023-12-29
1276,Festival,Popincourt,2023-12-03,2023-12-07
1277,Concert,Panthéon,2023-04-04,2023-04-05
1278,Festival,Popincourt,2023-03-02,2023-03-06
1279,Conférence,Élysée,2023-06-05,2023-06-07
1280,Festival,Entrepôt,2023-10-17,2023-10-18
1281,Salon,Buttes-Chaumont,2023-05-24,2023-05-28
1282,Conférence,Observatoire,2023-08-21,2023-08-24
1283,Concert,Vaugirard,2023-05-19,2023-05-23
1284,Festival,Hôtel-de-Ville,2023-06-01,2023-06-04
1285,Salon,Entrepôt,2023-08-17,2023-08-19
1286,Salon,Élysée,2023-03-18,2023-03-19
1287,Conférence,Popincourt,2023-10-17,2023-10-21
1288,Festival,Ménilmontant,2023-11-18,2023-11-20
1289,Salon,Hôtel-de-Ville,2023-07-19,2023-07-22
1290,Festival,Panthéon,2023-05-13,2023-05-15
1291,Conférence,Buttes-Montmartre,2023-03-16,2023-03-18
1292,Compétition Sportive,Opéra,2023-11-18,2023-11-21
1293,Salon,Popincourt,2023-12-24,2023-12-25
1294,Concert,Bourse,2023-07-01,2023-07-03
1295,Festival,Observatoire,2023-09-11,2023-09-13
1296,Conférence,Palais-Bourbon,2023-10-07,2023-10-10
1297,Conférence,Louvre,2023-03-17,2023-03-20
1298,Concert,Buttes-Chaumont,2023-08-18,2023-08-20
1299,Compétition Sportive,Temple,2023-12-02,2023-12-06
1300,Festival,Élysée,2023-06-28,2023-07-01
1301,Compétition Sportive,Palais-Bourbon,2023-06-01,2023-06-02
1302,Conférence,Entrepôt,2023-12-27,2023-12-31
1303,Salon,Palais-Bourbon,2023-09-30,2023-10-04
1304,Compétition Sportive,Popincourt,2023-01-30,2023-02-01
1305,Salon,Gobelins,2023-06-24,2023-06-25
1306,Concert,Batignolles-Monceau,2023-10-25,2023-10-29
1307,Conférence,Hôtel-de-Ville,2023-10-05,2023-10-08
1308,Salon,Buttes-Montmartre,2023-01-31,2023-02-01
1309,Festival,Hôtel-de-Ville,2023-02-20,2023-02-21
1310,Conférence,Opéra,2023-06-14,2023-06-16
1311,Concert,Passy,2023-12-10,2023-12-14
1312,Festival,Passy,2023-03-30,2023-04-02
1313,Conférence,Observatoire,2023-05-04,2023-05-08
1314,Compétition Sportive,Temple,2023-06-08,2023-06-12
1315,Conférence,Entrepôt,2023-04-10,2023-04-13
1316,Festival,Popincourt,2023-05-22,2023-05-26
1317,Salon,Observatoire,2023-04-27,2023-04-28
1318,Salon,Ménilmontant,2023-02-08,2023-02-10
1319,Conférence,Hôtel-de-Ville,2023-12-14,2023-12-16
1320,Conférence,Vaugirard,2023-06-15,2023-06-16
1321,Concert,Observatoire,2023-04-17,2023-04-21
1322,Compétition Sportive,Ménilmontant,2023-11-27,2023-12-01
1323,Concert,Louvre,2023-10-01,2023-10-03
1324,Concert,Popincourt,2023-02-08,2023-02-10
1325,Salon,Palais-Bourbon,2023-03-24,2023-03-27
1326,Salon,Batignolles-Monceau,2023-11-19,2023-11-22
1327,Festival,Hôtel-de-Ville,2023-10-24,2023-10-27
1328,Concert,Buttes-Montmartre,2023-10-29,2023-11-01
1329,Festival,Opéra,2023-06-04,2023-06-06
1330,Conférence,Temple,2023-05-02,2023-05-06
1331,Festival,Entrepôt,2023-01-23,2023-01-24
1332,Salon,Vaugirard,2023-02-04,2023-02-06
1333,Concert,Batignolles-Monceau,2023-08-18,2023-08-19
1334,Salon,Reuilly,2023-05-21,2023-05-22
1335,Conférence,Gobelins,2023-10-09,2023-10-13
1336,Compétition Sportive,Bourse,2023-07-25,2023-07-29
1337,Concert,Popincourt,2023-06-12,2023-06-13
1338,Salon,Reuilly,2023-05-14,2023-05-16
1339,Compétition Sportive,Gobelins,2023-03-13,2023-03-14
1340,Conférence,Opéra,2023-02-21,2023-02-25
1341,Compétition Sportive,Opéra,2023-02-22,2023-02-25
1342,Salon,Louvre,2023-06-24,2023-06-28
1343,Salon,Gobelins,2023-03-21,2023-03-25
1344,Conférence,Buttes-Montmartre,2023-04-03,2023-04-05
1345,Conférence,Gobelins,2023-03-05,2023-03-06
1346,Compétition Sportive,Opéra,2023-02-03,2023-02-04
1347,Compétition Sportive,Passy,2023-10-12,2023-10-13
1348,Salon,Élysée,2023-10-31,2023-11-03
1349,Conférence,Opéra,2023-07-21,2023-07-24
1350,Festival,Observatoire,2023-04-26,2023-04-29
1351,Conférence,Buttes-Montmartre,2023-07-12,2023-07-15
1352,Concert,Passy,2023-12-25,2023-12-28
1353,Concert,Louvre,2023-06-23,2023-06-27
1354,Conférence,Temple,2023-01-27,2023-01-29
1355,Compétition Sportive,Popincourt,2023-09-14,2023-09-16
1356,Concert,Observatoire,2023-12-04,2023-12-08
1357,Salon,Buttes-Montmartre,2023-05-11,2023-05-14
1358,Salon,Hôtel-de-Ville,2023-01-26,2023-01-30
1359,Salon,Vaugirard,2023-04-28,2023-05-02
1360,Conférence,Palais-Bourbon,2023-10-07,2023-10-11
1361,Concert,Buttes-Chaumont,2023-10-28,2023-10-29
1362,Compétition Sportive,Entrepôt,2023-04-26,2023-04-28
1363,Salon,Opéra,2023-08-27,2023-08-31
1364,Compétition Sportive,Louvre,2023-07-31,2023-08-03
1365,Salon,Buttes-Montmartre,2023-01-18,2023-01-22
1366,Conférence,Entrepôt,2023-05-11,2023-05-14
1367,Salon,Panthéon,2023-04-21,2023-04-24
1368,Conférence,Gobelins,2023-05-08,2023-05-09
1369,Concert,Batignolles-Monceau,2023-04-24,2023-04-26
1370,Concert,Entrepôt,2023-08-13,2023-08-17
1371,Compétition Sportive,Palais-Bourbon,2023-05-26,2023-05-28
1372,Salon,Observatoire,2023-07-10,2023-07-13
1373,Concert,Reuilly,2023-04-18,2023-04-22
1374,Festival,Buttes-Chaumont,2023-01-19,2023-01-23
1375,Festival,Panthéon,2023-05-31,2023-06-04
1376,Compétition Sportive,Élysée,2023-12-06,2023-12-08
1377,Concert,Luxembourg,2023-07-02,2023-07-06
1378,Conférence,Palais-Bourbon,2023-10-07,2023-10-08
1379,Festival,Gobelins,2023-06-03,2023-06-04
1380,Concert,Batignolles-Monceau,2023-08-13,2023-08-15
1381,Conférence,Popincourt,2023-02-23,2023-02-27
1382,Salon,Hôtel-de-Ville,2023-04-09,2023-04-10
1383,Concert,Passy,2023-03-30,2023-04-03
1384,Salon,Temple,2023-06-10,2023-06-13
1385,Festival,Passy,2023-02-26,2023-03-01
1386,Salon,Passy,2023-05-02,2023-05-06
1387,Festival,Panthéon,2023-04-11,2023-04-15
1388,Compétition Sportive,Panthéon,2023-11-16,2023-11-20
1389,Compétition Sportive,Élysée,2023-08-17,2023-08-20
1390,Festival,Temple,2023-07-22,2023-07-23
1391,Conférence,Vaugirard,2023-03-26,2023-03-29
1392,Compétition Sportive,Opéra,2023-02-28,2023-03-04
1393,Conférence,Popincourt,2023-07-28,2023-07-30
1394,Conférence,Buttes-Montmartre,2023-01-16,2023-01-17
1395,Conférence,Buttes-Chaumont,2023-02-13,2023-02-15
1396,Concert,Vaugirard,2023-02-15,2023-02-18
1397,Concert,Passy,2023-09-11,2023-09-12
1398,Conférence,Popincourt,2023-11-29,2023-11-30
1399,Festival,Observatoire,2023-02-27,2023-03-01
1400,Compétition Sportive,Élysée,2023-03-11,2023-03-13
1401,Salon,Bourse,2023-08-17,2023-08-19
1402,Concert,Temple,2023-11-16,2023-11-18
1403,Concert,Ménilmontant,2023-07-27,2023-07-28
1404,Salon,Entrepôt,2023-11-22,2023-11-25
1405,Conférence,Vaugirard,2023-08-09,2023-08-11
1406,Salon,Temple,2023-03-01,2023-03-05
1407,Conférence,Luxembourg,2023-10-08,2023-10-09
1408,Concert,Élysée,2023-12-09,2023-12-11
1409,Salon,Gobelins,2023-09-24,2023-09-28
1410,Festival,Palais-Bourbon,2023-12-15,2023-12-18
1411,Compétition Sportive,Buttes-Montmartre,2023-12-07,2023-12-10
1412,Compétition Sportive,Palais-Bourbon,2023-11-15,2023-11-17
1413,Compétition Sportive,Élysée,2023-06-03,2023-06-07
1414,Salon,Élysée,2023-02-10,2023-02-12
1415,Conférence,Batignolles-Monceau,2023-11-05,2023-11-06
1416,Concert,Panthéon,2023-07-22,2023-07-23
1417,Compétition Sportive,Passy,2023-08-18,2023-08-19
1418,Salon,Gobelins,2023-06-01,2023-06-03
1419,Compétition Sportive,Vaugirard,2023-12-03,2023-12-05
1420,Conférence,Hôtel-de-Ville,2023-04-04,2023-04-06
1421,Festival,Opéra,2023-05-08,2023-05-11
1422,Festival,Bourse,2023-08-17,2023-08-20
1423,Concert,Panthéon,2023-03-14,2023-03-18
1424,Festival,Bourse,2023-03-24,2023-03-26
1425,Festival,Entrepôt,2023-08-24,2023-08-25
1426,Salon,Batignolles-Monceau,2023-07-11,2023-07-12
1427,Salon,Élysée,2023-02-15,2023-02-17
1428,Concert,Passy,2023-02-20,2023-02-24
1429,Concert,Batignolles-Monceau,2023-08-08,2023-08-09
1430,Salon,Batignolles-Monceau,2023-04-09,2023-04-13
1431,Festival,Palais-Bourbon,2023-10-13,2023-10-15
1432,Conférence,Vaugirard,2023-04-11,2023-04-14
1433,Festival,Ménilmontant,2023-05-24,2023-05-25
1434,Festival,Ménilmontant,2023-08-23,2023-08-27
1435,Conférence,Luxembourg,2023-11-09,2023-11-12
1436,Concert,Buttes-Montmartre,2023-12-28,2024-01-01
1437,Salon,Élysée,2023-11-13,2023-11-16
1438,Concert,Passy,2023-09-30,2023-10-02
1439,Concert,Luxembourg,2023-09-02,2023-09-05
1440,Concert,Reuilly,2023-09-05,2023-09-06
1441,Salon,Élysée,2023-09-20,2023-09-22
1442,Concert,Buttes-Chaumont,2023-06-12,2023-06-14
1443,Concert,Hôtel-de-Ville,2023-05-01,2023-05-02
1444,Compétition Sportive,Bourse,2023-07-16,2023-07-19
1445,Festival,Ménilmontant,2023-12-13,2023-12-15
1446,Compétition Sportive,Passy,2023-01-30,2023-02-01
1447,Salon,Passy,2023-06-21,2023-06-23
1448,Conférence,Buttes-Montmartre,2023-04-16,2023-04-20
1449,Conférence,Observatoire,2023-07-27,2023-07-28
1450,Compétition Sportive,Buttes-Chaumont,2023-02-25,2023-02-26
1451,Compétition Sportive,Popincourt,2023-05-16,2023-05-18
1452,Compétition Sportive,Panthéon,2023-08-11,2023-08-13
1453,Festival,Passy,2023-01-20,2023-01-21
1454,Salon,Observatoire,2023-10-13,2023-10-16
1455,Concert,Temple,2023-11-29,2023-12-01
1456,Compétition Sportive,Observatoire,2023-01-26,2023-01-30
1457,Festival,Louvre,2023-03-07,2023-03-08
1458,Conférence,Passy,2023-03-02,2023-03-05
1459,Conférence,Louvre,2023-02-14,2023-02-17
1460,Conférence,Temple,2023-10-29,2023-10-30
1461,Compétition Sportive,Gobelins,2023-10-07,2023-10-11
1462,Conférence,Panthéon,2023-11-29,2023-12-01
1463,Conférence,Élysée,2023-04-25,2023-04-26
1464,Conférence,Passy,2023-01-16,2023-01-20
1465,Concert,Passy,2023-12-04,2023-12-05
1466,Conférence,Opéra,2023-05-24,2023-05-27
1467,Festival,Temple,2023-11-18,2023-11-20
1468,Compétition Sportive,Luxembourg,2023-05-09,2023-05-12
1469,Concert,Entrepôt,2023-03-15,2023-03-16
1470,Concert,Hôtel-de-Ville,2023-01-25,2023-01-29
1471,Compétition Sportive,Passy,2023-01-14,2023-01-15
1472,Conférence,Gobelins,2023-07-28,2023-07-30
1473,Conférence,Panthéon,2023-05-15,2023-05-16
1474,Salon,Passy,2023-01-21,2023-01-22
1475,Conférence,Observatoire,2023-12-15,2023-12-18
1476,Festival,Temple,2023-04-01,2023-04-03
1477,Conférence,Palais-Bourbon,2023-02-18,2023-02-19
1478,Compétition Sportive,Popincourt,2023-01-12,2023-01-14
1479,Conférence,Buttes-Chaumont,2023-01-22,2023-01-24
1480,Compétition Sportive,Passy,2023-12-26,2023-12-30
1481,Concert,Reuilly,2023-06-11,2023-06-15
1482,Salon,Reuilly,2023-06-05,2023-06-08
1483,Concert,Reuilly,2023-06-08,2023-06-11
1484,Compétition Sportive,Panthéon,2023-09-27,2023-10-01
1485,Salon,Entrepôt,2023-03-28,2023-03-29
1486,Concert,Observatoire,2023-12-03,2023-12-04
1487,Conférence,Opéra,2023-07-28,2023-07-30
1488,Conférence,Palais-Bourbon,2023-01-08,2023-01-11
1489,Salon,Temple,2023-06-15,2023-06-19
1490,Concert,Popincourt,2023-01-10,2023-01-11
1491,Festival,Louvre,2023-01-30,2023-02-03
1492,Festival,Popincourt,2023-09-20,2023-09-22
1493,Festival,Buttes-Chaumont,2023-09-15,2023-09-19
1494,Concert,Palais-Bourbon,2023-10-05,2023-10-07
1495,Concert,Buttes-Montmartre,2023-05-13,2023-05-16
1496,Concert,Buttes-Chaumont,2023-07-16,2023-07-17
1497,Compétition Sportive,Reuilly,2023-02-25,2023-02-26
1498,Festival,Gobelins,2023-10-03,2023-10-04
1499,Festival,Élysée,2023-07-17,2023-07-20
1500,Festival,Temple,2023-11-20,2023-11-22
1501,Compétition Sportive,Reuilly,2023-07-04,2023-07-05
1502,Compétition Sportive,Buttes-Chaumont,2023-01-21,2023-01-24
1503,Concert,Gobelins,2023-01-17,2023-01-18
1504,Festival,Passy,2023-03-20,2023-03-21
1505,Festival,Buttes-Chaumont,2023-01-27,2023-01-30
1506,Conférence,Observatoire,2023-06-16,2023-06-17
1507,Conférence,Batignolles-Monceau,2023-12-05,2023-12-06
1508,Conférence,Palais-Bourbon,2023-08-23,2023-08-27
1509,Compétition Sportive,Élysée,2023-04-21,2023-04-25
1510,Concert,Opéra,2023-08-02,2023-08-04
1511,Salon,Batignolles-Monceau,2023-07-17,2023-07-20
1512,Festival,Popincourt,2023-07-16,2023-07-20
1513,Conférence,Luxembourg,2023-01-13,2023-01-17
1514,Festival,Opéra,2023-04-23,2023-04-24
1515,Festival,Buttes-Chaumont,2023-04-08,2023-04-12
1516,Festival,Observatoire,2023-11-02,2023-11-04
1517,Concert,Louvre,2023-05-18,2023-05-19
1518,Festival,Gobelins,2023-02-25,2023-02-26
1519,Concert,Reuilly,2023-04-14,2023-04-16
1520,Salon,Temple,2023-08-20,2023-08-21
1521,Salon,Gobelins,2023-06-21,2023-06-23
1522,Compétition Sportive,Popincourt,2023-01-28,2023-01-30
1523,Festival,Passy,2023-10-20,2023-10-22
1524,Conférence,Luxembourg,2023-10-19,2023-10-23
1525,Compétition Sportive,Palais-Bourbon,2023-04-02,2023-04-03
1526,Compétition Sportive,Vaugirard,2023-07-24,2023-07-27
1527,Salon,Vaugirard,2023-11-09,2023-11-13
1528,Conférence,Luxembourg,2023-02-05,2023-02-08
1529,Festival,Vaugirard,2023-05-09,2023-05-10
1530,Festival,Ménilmontant,2023-06-20,2023-06-22
1531,Salon,Luxembourg,2023-12-29,2024-01-01
1532,Concert,Luxembourg,2023-12-28,2024-01-01
1533,Salon,Popincourt,2023-07-14,2023-07-16
1534,Conférence,Batignolles-Monceau,2023-02-01,2023-02-04
1535,Concert,Buttes-Montmartre,2023-04-29,2023-04-30
1536,Conférence,Reuilly,2023-03-11,2023-03-14
1537,Festival,Vaugirard,2023-11-10,2023-11-14
1538,Concert,Vaugirard,2023-07-17,2023-07-18
1539,Conférence,Ménilmontant,2023-12-11,2023-12-13
1540,Festival,Entrepôt,2023-10-11,2023-10-15
1541,Conférence,Buttes-Montmartre,2023-08-19,2023-08-21
1542,Concert,Passy,2023-07-12,2023-07-13
1543,Festival,Panthéon,2023-06-17,2023-06-20
1544,Conférence,Buttes-Chaumont,2023-03-29,2023-04-02
1545,Compétition Sportive,Buttes-Chaumont,2023-04-25,2023-04-27
1546,Concert,Ménilmontant,2023-05-18,2023-05-19
1547,Concert,Louvre,2023-03-17,2023-03-18
1548,Concert,Ménilmontant,2023-10-20,2023-10-23
1549,Festival,Ménilmontant,2023-08-15,2023-08-19
1550,Concert,Buttes-Chaumont,2023-11-12,2023-11-15
1551,Conférence,Temple,2023-04-01,2023-04-02
1552,Compétition Sportive,Entrepôt,2023-03-18,2023-03-21
1553,Conférence,Élysée,2023-12-16,2023-12-20
1554,Conférence,Popincourt,2023-11-19,2023-11-20
1555,Concert,Élysée,2023-06-29,2023-07-01
1556,Compétition Sportive,Gobelins,2023-07-09,2023-07-10
1557,Compétition Sportive,Ménilmontant,2023-08-30,2023-09-02
1558,Compétition Sportive,Panthéon,2023-01-29,2023-02-01
1559,Compétition Sportive,Luxembourg,2023-10-13,2023-10-16
1560,Salon,Buttes-Chaumont,2023-05-30,2023-06-02
1561,Compétition Sportive,Ménilmontant,2023-12-03,2023-12-04
1562,Concert,Hôtel-de-Ville,2023-11-05,2023-11-09
1563,Compétition Sportive,Passy,2023-08-07,2023-08-08
1564,Conférence,Buttes-Chaumont,2023-10-05,2023-10-09
1565,Salon,Observatoire,2023-11-01,2023-11-02
1566,Conférence,Passy,2023-02-15,2023-02-16
1567,Concert,Ménilmontant,2023-01-11,2023-01-15
1568,Concert,Hôtel-de-Ville,2023-01-16,2023-01-19
1569,Compétition Sportive,Reuilly,2023-07-01,2023-07-05
1570,Concert,Panthéon,2023-07-04,2023-07-08
1571,Salon,Gobelins,2023-02-05,2023-02-07
1572,Conférence,Observatoire,2023-02-20,2023-02-22
1573,Concert,Élysée,2023-05-30,2023-06-02
1574,Concert,Bourse,2023-09-16,2023-09-18
1575,Salon,Élysée,2023-10-18,2023-10-19
1576,Festival,Buttes-Montmartre,2023-04-23,2023-04-25
1577,Festival,Buttes-Chaumont,2023-10-21,2023-10-25
1578,Salon,Vaugirard,2023-12-28,2023-12-29
1579,Concert,Buttes-Chaumont,2023-02-24,2023-02-28
1580,Salon,Élysée,2023-10-21,2023-10-22
1581,Salon,Vaugirard,2023-08-04,2023-08-08
1582,Festival,Entrepôt,2023-06-11,2023-06-12
1583,Compétition Sportive,Popincourt,2023-01-11,2023-01-14
1584,Concert,Observatoire,2023-07-26,2023-07-30
1585,Conférence,Opéra,2023-09-27,2023-10-01
1586,Salon,Reuilly,2023-12-03,2023-12-04
1587,Festival,Palais-Bourbon,2023-01-21,2023-01-25
1588,Compétition Sportive,Gobelins,2023-04-17,2023-04-20
1589,Concert,Passy,2023-04-12,2023-04-16
1590,Salon,Passy,2023-12-08,2023-12-11
1591,Festival,Élysée,2023-03-01,2023-03-03
1592,Salon,Ménilmontant,2023-02-03,2023-02-05
1593,Conférence,Panthéon,2023-03-06,2023-03-08
1594,Concert,Hôtel-de-Ville,2023-08-03,2023-08-06
1595,Concert,Ménilmontant,2023-09-17,2023-09-20
1596,Concert,Batignolles-Monceau,2023-12-27,2023-12-28
1597,Concert,Temple,2023-08-23,2023-08-27
1598,Festival,Hôtel-de-Ville,2023-11-08,2023-11-11
1599,Conférence,Gobelins,2023-03-11,2023-03-12
1600,Salon,Observatoire,2023-12-02,2023-12-04
1601,Festival,Observatoire,2023-01-10,2023-01-14
1602,Compétition Sportive,Élysée,2023-10-18,2023-10-21
1603,Concert,Reuilly,2023-08-04,2023-08-05
1604,Concert,Luxembourg,2023-09-09,2023-09-10
1605,Salon,Batignolles-Monceau,2023-11-28,2023-12-01
1606,Concert,Panthéon,2023-07-10,2023-07-12
1607,Concert,Luxembourg,2023-04-07,2023-04-08
1608,Salon,Passy,2023-08-07,2023-08-10
1609,Conférence,Panthéon,2023-07-21,2023-07-24
1610,Festival,Temple,2023-08-05,2023-08-06
1611,Conférence,Entrepôt,2023-10-15,2023-10-19
1612,Salon,Louvre,2023-04-16,2023-04-20
1613,Concert,Entrepôt,2023-02-25,2023-03-01
1614,Concert,Opéra,2023-06-03,2023-06-04
1615,Conférence,Opéra,2023-03-09,2023-03-10
1616,Compétition Sportive,Buttes-Montmartre,2023-07-20,2023-07-23
1617,Festival,Vaugirard,2023-03-31,2023-04-03
1618,Concert,Buttes-Montmartre,2023-01-11,2023-01-14
1619,Salon,Reuilly,2023-04-12,2023-04-14
1620,Conférence,Palais-Bourbon,2023-10-15,2023-10-17
1621,Festival,Élysée,2023-07-06,2023-07-10
1622,Compétition Sportive,Opéra,2023-08-19,2023-08-22
1623,Concert,Passy,2023-05-17,2023-05-18
1624,Conférence,Entrepôt,2023-01-11,2023-01-14
1625,Concert,Temple,2023-12-09,2023-12-12
1626,Conférence,Temple,2023-12-18,2023-12-22
1627,Compétition Sportive,Opéra,2023-09-24,2023-09-26
1628,Salon,Buttes-Montmartre,2023-02-26,2023-03-01
1629,Salon,Entrepôt,2023-02-19,2023-02-20
1630,Festival,Temple,2023-03-14,2023-03-18
1631,Concert,Hôtel-de-Ville,2023-12-03,2023-12-05
1632,Concert,Gobelins,2023-02-22,2023-02-25
1633,Concert,Gobelins,2023-03-30,2023-04-01
1634,Salon,Observatoire,2023-09-09,2023-09-10
1635,Festival,Louvre,2023-07-27,2023-07-28
1636,Salon,Popincourt,2023-04-20,2023-04-23
1637,Conférence,Observatoire,2023-08-13,2023-08-17
1638,Concert,Observatoire,2023-06-20,2023-06-24
1639,Conférence,Palais-Bourbon,2023-10-22,2023-10-26
1640,Compétition Sportive,Luxembourg,2023-02-11,2023-02-15
1641,Conférence,Gobelins,2023-07-23,2023-07-27
1642,Conférence,Entrepôt,2023-06-02,2023-06-05
1643,Conférence,Vaugirard,2023-03-19,2023-03-21
1644,Salon,Bourse,2023-08-10,2023-08-11
1645,Conférence,Popincourt,2023-09-23,2023-09-26
1646,Concert,Bourse,2023-08-04,2023-08-05
1647,Festival,Entrepôt,2023-06-11,2023-06-14
1648,Compétition Sportive,Popincourt,2023-03-17,2023-03-20
1649,Concert,Opéra,2023-01-26,2023-01-27
1650,Festival,Reuilly,2023-02-04,2023-02-07
1651,Concert,Palais-Bourbon,2023-03-18,2023-03-21
1652,Conférence,Vaugirard,2023-07-30,2023-08-02
1653,Compétition Sportive,Popincourt,2023-11-08,2023-11-11
1654,Concert,Opéra,2023-02-17,2023-02-20
1655,Compétition Sportive,Opéra,2023-01-23,2023-01-27
1656,Salon,Luxembourg,2023-03-06,2023-03-09
1657,Salon,Popincourt,2023-01-08,2023-01-11
1658,Conférence,Reuilly,2023-08-19,2023-08-22
1659,Conférence,Entrepôt,2023-08-14,2023-08-16
1660,Salon,Popincourt,2023-05-21,2023-05-24
1661,Concert,Passy,2023-08-24,2023-08-27
1662,Festival,Temple,2023-06-26,2023-06-28
1663,Festival,Opéra,2023-09-12,2023-09-14
1664,Salon,Reuilly,2023-04-15,2023-04-16
1665,Festival,Passy,2023-05-18,2023-05-19
1666,Concert,Batignolles-Monceau,2023-05-11,2023-05-12
1667,Festival,Popincourt,2023-01-28,2023-01-29
1668,Festival,Passy,2023-01-27,2023-01-29
1669,Salon,Palais-Bourbon,2023-12-07,2023-12-08
1670,Compétition Sportive,Entrepôt,2023-01-11,2023-01-14
1671,Compétition Sportive,Buttes-Montmartre,2023-08-04,2023-08-06
1672,Concert,Passy,2023-01-12,2023-01-16
1673,Compétition Sportive,Luxembourg,2023-01-07,2023-01-10
1674,Conférence,Panthéon,2023-06-19,2023-06-23
1675,Salon,Batignolles-Monceau,2023-12-18,2023-12-19
1676,Compétition Sportive,Observatoire,2023-11-13,2023-11-14
1677,Festival,Popincourt,2023-03-05,2023-03-08
1678,Compétition Sportive,Élysée,2023-10-11,2023-10-12
1679,Salon,Popincourt,2023-12-15,2023-12-16
1680,Festival,Ménilmontant,2023-12-13,2023-12-14
1681,Festival,Entrepôt,2023-06-29,2023-06-30
1682,Salon,Opéra,2023-04-16,2023-04-20
1683,Concert,Observatoire,2023-05-30,2023-06-02
1684,Concert,Bourse,2023-09-23,2023-09-24
1685,Salon,Temple,2023-05-15,2023-05-19
1686,Salon,Élysée,2023-07-10,2023-07-12
1687,Salon,Louvre,2023-08-30,2023-09-02
1688,Festival,Palais-Bourbon,2023-03-28,2023-03-31
1689,Festival,Batignolles-Monceau,2023-07-14,2023-07-16
1690,Salon,Passy,2023-03-29,2023-03-30
1691,Festival,Gobelins,2023-12-27,2023-12-30
1692,Conférence,Passy,2023-04-26,2023-04-28
1693,Salon,Panthéon,2023-11-28,2023-11-30
1694,Festival,Élysée,2023-10-04,2023-10-08
1695,Concert,Reuilly,2023-09-30,2023-10-02
1696,Salon,Observatoire,2023-12-22,2023-12-25
1697,Salon,Ménilmontant,2023-01-09,2023-01-11
1698,Salon,Hôtel-de-Ville,2023-08-30,2023-09-01
1699,Compétition Sportive,Buttes-Montmartre,2023-08-02,2023-08-04
1700,Salon,Louvre,2023-08-12,2023-08-15
1701,Concert,Ménilmontant,2023-07-06,2023-07-08
1702,Festival,Bourse,2023-11-21,2023-11-25
1703,Salon,Élysée,2023-05-02,2023-05-05
1704,Conférence,Reuilly,2023-07-15,2023-07-19
1705,Festival,Luxembourg,2023-07-08,2023-07-12
1706,Concert,Panthéon,2023-09-18,2023-09-21
1707,Compétition Sportive,Buttes-Montmartre,2023-01-07,2023-01-09
1708,Concert,Ménilmontant,2023-12-25,2023-12-26
1709,Compétition Sportive,Popincourt,2023-06-06,2023-06-09
1710,Festival,Luxembourg,2023-01-28,2023-01-30
1711,Compétition Sportive,Popincourt,2023-11-09,2023-11-12
1712,Festival,Batignolles-Monceau,2023-11-15,2023-11-17
1713,Concert,Panthéon,2023-07-30,2023-08-01
1714,Concert,Buttes-Chaumont,2023-02-18,2023-02-19
1715,Compétition Sportive,Élysée,2023-09-25,2023-09-28
1716,Conférence,Vaugirard,2023-06-22,2023-06-25
1717,Concert,Palais-Bourbon,2023-12-24,2023-12-27
1718,Compétition Sportive,Entrepôt,2023-07-30,2023-08-03
1719,Salon,Panthéon,2023-10-28,2023-10-31
1720,Festival,Hôtel-de-Ville,2023-03-06,2023-03-10
1721,Salon,Palais-Bourbon,2023-06-12,2023-06-16
1722,Salon,Bourse,2023-04-21,2023-04-23
1723,Salon,Opéra,2023-06-08,2023-06-12
1724,Compétition Sportive,Louvre,2023-09-03,2023-09-06
1725,Concert,Vaugirard,2023-10-19,2023-10-20
1726,Salon,Bourse,2023-04-09,2023-04-12
1727,Compétition Sportive,Buttes-Montmartre,2023-07-08,2023-07-10
1728,Concert,Passy,2023-01-12,2023-01-14
1729,Festival,Entrepôt,2023-09-04,2023-09-08
1730,Concert,Hôtel-de-Ville,2023-07-29,2023-07-31
1731,Concert,Entrepôt,2023-08-08,2023-08-10
1732,Salon,Reuilly,2023-09-26,2023-09-30
1733,Compétition Sportive,Hôtel-de-Ville,2023-02-09,2023-02-13
1734,Conférence,Buttes-Chaumont,2023-03-14,2023-03-16
1735,Festival,Temple,2023-12-25,2023-12-28
1736,Compétition Sportive,Opéra,2023-02-25,2023-02-28
1737,Salon,Passy,2023-11-14,2023-11-18
1738,Compétition Sportive,Panthéon,2023-02-26,2023-02-28
1739,Conférence,Entrepôt,2023-05-23,2023-05-25
1740,Festival,Buttes-Montmartre,2023-12-15,2023-12-18
1741,Concert,Temple,2023-02-23,2023-02-27
1742,Festival,Buttes-Montmartre,2023-05-24,2023-05-26
1743,Conférence,Louvre,2023-07-31,2023-08-02
1744,Festival,Élysée,2023-08-20,2023-08-21
1745,Festival,Observatoire,2023-03-21,2023-03-22
1746,Salon,Entrepôt,2023-07-27,2023-07-31
1747,Concert,Élysée,2023-05-07,2023-05-08
1748,Conférence,Luxembourg,2023-07-02,2023-07-03
1749,Salon,Bourse,2023-05-03,2023-05-05
1750,Festival,Buttes-Chaumont,2023-06-27,2023-06-29
1751,Festival,Passy,2023-08-29,2023-09-02
1752,Compétition Sportive,Batignolles-Monceau,2023-04-26,2023-04-30
1753,Salon,Panthéon,2023-11-23,2023-11-27
1754,Conférence,Temple,2023-08-18,2023-08-20
1755,Conférence,Palais-Bourbon,2023-12-14,2023-12-16
1756,Conférence,Observatoire,2023-06-05,2023-06-06
1757,Conférence,Vaugirard,2023-06-09,2023-06-12
1758,Festival,Passy,2023-03-29,2023-03-31
1759,Festival,Buttes-Montmartre,2023-01-08,2023-01-12
1760,Salon,Entrepôt,2023-10-27,2023-10-31
1761,Concert,Vaugirard,2023-04-06,2023-04-08
1762,Conférence,Louvre,2023-01-28,2023-01-31
1763,Festival,Gobelins,2023-05-04,2023-05-07
1764,Salon,Reuilly,2023-07-14,2023-07-18
1765,Conférence,Panthéon,2023-05-15,2023-05-19
1766,Concert,Vaugirard,2023-05-14,2023-05-18
1767,Conférence,Louvre,2023-02-14,2023-02-17
1768,Compétition Sportive,Passy,2023-01-14,2023-01-18
1769,Conférence,Passy,2023-06-22,2023-06-26
1770,Compétition Sportive,Élysée,2023-07-06,2023-07-07
1771,Concert,Temple,2023-03-24,2023-03-26
1772,Compétition Sportive,Vaugirard,2023-06-23,2023-06-27
1773,Concert,Vaugirard,2023-11-11,2023-11-12
1774,Salon,Buttes-Chaumont,2023-12-11,2023-12-12
1775,Compétition Sportive,Temple,2023-10-20,2023-10-23
1776,Conférence,Élysée,2023-03-23,2023-03-26
1777,Conférence,Bourse,2023-03-06,2023-03-07
1778,Salon,Ménilmontant,2023-12-19,2023-12-23
1779,Festival,Popincourt,2023-02-10,2023-02-14
1780,Concert,Élysée,2023-12-05,2023-12-08
1781,Festival,Gobelins,2023-04-07,2023-04-10
1782,Festival,Panthéon,2023-09-28,2023-10-01
1783,Salon,Entrepôt,2023-08-25,2023-08-26
1784,Salon,Palais-Bourbon,2023-12-09,2023-12-10
1785,Compétition Sportive,Temple,2023-06-16,2023-06-18
1786,Compétition Sportive,Hôtel-de-Ville,2023-07-13,2023-07-17
1787,Compétition Sportive,Reuilly,2023-11-29,2023-12-02
1788,Compétition Sportive,Popincourt,2023-10-11,2023-10-12
1789,Compétition Sportive,Louvre,2023-05-20,2023-05-23
1790,Conférence,Passy,2023-09-26,2023-09-28
1791,Salon,Reuilly,2023-01-03,2023-01-07
1792,Concert,Batignolles-Monceau,2023-03-04,2023-03-08
1793,Concert,Palais-Bourbon,2023-01-29,2023-01-31
1794,Concert,Luxembourg,2023-03-05,2023-03-09
1795,Concert,Ménilmontant,2023-04-04,2023-04-08
1796,Concert,Panthéon,2023-11-28,2023-11-30
1797,Conférence,Popincourt,2023-12-07,2023-12-09
1798,Salon,Buttes-Chaumont,2023-05-06,2023-05-08
1799,Compétition Sportive,Louvre,2023-11-18,2023-11-21
1800,Compétition Sportive,Opéra,2023-06-27,2023-07-01
1801,Compétition Sportive,Opéra,2023-07-27,2023-07-29
1802,Salon,Buttes-Chaumont,2023-12-18,2023-12-19
1803,Salon,Luxembourg,2023-08-08,2023-08-11
1804,Conférence,Luxembourg,2023-05-25,2023-05-28
1805,Conférence,Gobelins,2023-05-01,2023-05-05
1806,Compétition Sportive,Panthéon,2023-02-25,2023-03-01
1807,Salon,Entrepôt,2023-04-24,2023-04-26
1808,Compétition Sportive,Observatoire,2023-07-30,2023-08-01
1809,Conférence,Panthéon,2023-01-07,2023-01-10
1810,Compétition Sportive,Hôtel-de-Ville,2023-10-23,2023-10-24
1811,Conférence,Opéra,2023-09-14,2023-09-17
1812,Festival,Bourse,2023-06-19,2023-06-21
1813,Concert,Entrepôt,2023-06-13,2023-06-15
1814,Festival,Panthéon,2023-10-22,2023-10-26
1815,Compétition Sportive,Palais-Bourbon,2023-05-09,2023-05-10
1816,Compétition Sportive,Popincourt,2023-08-28,2023-08-29
1817,Salon,Batignolles-Monceau,2023-08-04,2023-08-08
1818,Concert,Ménilmontant,2023-07-10,2023-07-11
1819,Conférence,Popincourt,2023-03-15,2023-03-17
1820,Compétition Sportive,Panthéon,2023-11-27,2023-11-28
1821,Conférence,Passy,2023-12-24,2023-12-25
1822,Conférence,Reuilly,2023-12-08,2023-12-10
1823,Conférence,Élysée,2023-11-08,2023-11-12
1824,Festival,Opéra,2023-09-14,2023-09-17
1825,Conférence,Passy,2023-02-10,2023-02-14
1826,Salon,Vaugirard,2023-05-19,2023-05-20
1827,Festival,Gobelins,2023-09-19,2023-09-20
1828,Festival,Passy,2023-07-11,2023-07-13
1829,Compétition Sportive,Palais-Bourbon,2023-08-25,2023-08-27
1830,Concert,Luxembourg,2023-07-28,2023-07-29
1831,Concert,Buttes-Montmartre,2023-03-19,2023-03-21
1832,Compétition Sportive,Bourse,2023-12-18,2023-12-19
1833,Concert,Louvre,2023-09-17,2023-09-19
1834,Conférence,Buttes-Chaumont,2023-09-08,2023-09-11
1835,Salon,Observatoire,2023-02-16,2023-02-20
1836,Conférence,Élysée,2023-12-15,2023-12-17
1837,Concert,Entrepôt,2023-10-25,2023-10-29
1838,Concert,Panthéon,2023-04-11,2023-04-15
1839,Salon,Batignolles-Monceau,2023-10-18,2023-10-21
1840,Festival,Passy,2023-06-02,2023-06-04
1841,Festival,Batignolles-Monceau,2023-04-25,2023-04-27
1842,Salon,Vaugirard,2023-11-03,2023-11-05
1843,Festival,Popincourt,2023-09-25,2023-09-29
1844,Concert,Gobelins,2023-05-22,2023-05-26
1845,Festival,Batignolles-Monceau,2023-10-15,2023-10-19
1846,Concert,Bourse,2023-11-02,2023-11-06
1847,Compétition Sportive,Temple,2023-03-09,2023-03-12
1848,Conférence,Opéra,2023-10-12,2023-10-15
1849,Festival,Batignolles-Monceau,2023-01-31,2023-02-01
1850,Compétition Sportive,Buttes-Montmartre,2023-01-24,2023-01-26
1851,Festival,Buttes-Chaumont,2023-01-11,2023-01-15
1852,Compétition Sportive,Palais-Bourbon,2023-05-07,2023-05-08
1853,Salon,Luxembourg,2023-10-13,2023-10-16
1854,Compétition Sportive,Entrepôt,2023-10-02,2023-10-03
1855,Concert,Reuilly,2023-06-13,2023-06-14
1856,Salon,Entrepôt,2023-09-19,2023-09-23
1857,Salon,Batignolles-Monceau,2023-05-10,2023-05-12
1858,Concert,Buttes-Montmartre,2023-08-19,2023-08-21
1859,Festival,Vaugirard,2023-10-02,2023-10-05
1860,Salon,Popincourt,2023-08-28,2023-08-29
1861,Festival,Panthéon,2023-02-09,2023-02-12
1862,Conférence,Opéra,2023-05-26,2023-05-30
1863,Compétition Sportive,Panthéon,2023-12-27,2023-12-29
1864,Compétition Sportive,Louvre,2023-10-19,2023-10-22
1865,Concert,Reuilly,2023-11-08,2023-11-10
1866,Concert,Ménilmontant,2023-11-04,2023-11-08
1867,Compétition Sportive,Panthéon,2023-11-06,2023-11-09
1868,Conférence,Temple,2023-11-08,2023-11-10
1869,Concert,Bourse,2023-04-28,2023-04-30
1870,Conférence,Palais-Bourbon,2023-04-24,2023-04-27
1871,Concert,Popincourt,2023-01-20,2023-01-23
1872,Salon,Temple,2023-08-17,2023-08-19
1873,Festival,Popincourt,2023-01-01,2023-01-04
1874,Compétition Sportive,Batignolles-Monceau,2023-10-06,2023-10-10
1875,Festival,Reuilly,2023-10-21,2023-10-22
1876,Compétition Sportive,Buttes-Montmartre,2023-01-20,2023-01-24
1877,Concert,Élysée,2023-09-17,2023-09-21
1878,Festival,Observatoire,2023-08-31,2023-09-04
1879,Conférence,Batignolles-Monceau,2023-04-12,2023-04-13
1880,Concert,Louvre,2023-07-16,2023-07-17
1881,Salon,Panthéon,2023-07-10,2023-07-13
1882,Festival,Luxembourg,2023-12-12,2023-12-14
1883,Festival,Palais-Bourbon,2023-05-09,2023-05-12
1884,Salon,Luxembourg,2023-05-08,2023-05-09
1885,Compétition Sportive,Buttes-Montmartre,2023-04-24,2023-04-28
1886,Concert,Opéra,2023-07-26,2023-07-30
1887,Salon,Panthéon,2023-12-02,2023-12-06
1888,Conférence,Entrepôt,2023-12-09,2023-12-12
1889,Concert,Opéra,2023-04-15,2023-04-17
1890,Salon,Opéra,2023-08-02,2023-08-06
1891,Salon,Louvre,2023-07-16,2023-07-17
1892,Festival,Panthéon,2023-06-20,2023-06-23
1893,Festival,Luxembourg,2023-09-18,2023-09-20
1894,Festival,Buttes-Chaumont,2023-11-18,2023-11-20
1895,Concert,Luxembourg,2023-09-23,2023-09-26
1896,Compétition Sportive,Buttes-Montmartre,2023-06-13,2023-06-16
1897,Concert,Entrepôt,2023-08-26,2023-08-28
1898,Festival,Observatoire,2023-06-12,2023-06-16
1899,Festival,Panthéon,2023-01-23,2023-01-25
1900,Concert,Bourse,2023-07-09,2023-07-10
1901,Salon,Batignolles-Monceau,2023-10-30,2023-11-01
1902,Salon,Observatoire,2023-06-14,2023-06-17
1903,Festival,Buttes-Chaumont,2023-08-28,2023-08-29
1904,Festival,Opéra,2023-02-09,2023-02-12
1905,Compétition Sportive,Batignolles-Monceau,2023-01-16,2023-01-20
1906,Salon,Reuilly,2023-07-16,2023-07-20
1907,Compétition Sportive,Ménilmontant,2023-09-24,2023-09-25
1908,Festival,Popincourt,2023-02-20,2023-02-23
1909,Festival,Louvre,2023-08-09,2023-08-10
1910,Compétition Sportive,Gobelins,2023-08-26,2023-08-27
1911,Compétition Sportive,Temple,2023-12-02,2023-12-06
1912,Festival,Opéra,2023-12-11,2023-12-14
1913,Conférence,Passy,2023-11-19,2023-11-21
1914,Festival,Reuilly,2023-07-14,2023-07-18
1915,Salon,Passy,2023-03-06,2023-03-07
1916,Festival,Entrepôt,2023-01-12,2023-01-15
1917,Concert,Reuilly,2023-10-29,2023-10-30
1918,Festival,Buttes-Chaumont,2023-12-18,2023-12-19
1919,Conférence,Temple,2023-10-05,2023-10-06
1920,Salon,Louvre,2023-11-28,2023-12-01
1921,Festival,Entrepôt,2023-02-07,2023-02-11
1922,Compétition Sportive,Louvre,2023-06-16,2023-06-18
1923,Salon,Panthéon,2023-08-18,2023-08-19
1924,Salon,Buttes-Chaumont,2023-04-15,2023-04-17
1925,Conférence,Louvre,2023-03-26,2023-03-30
1926,Compétition Sportive,Entrepôt,2023-07-09,2023-07-10
1927,Concert,Temple,2023-04-02,2023-04-05
1928,Festival,Temple,2023-06-04,2023-06-05
1929,Concert,Vaugirard,2023-11-01,2023-11-02
1930,Compétition Sportive,Gobelins,2023-01-15,2023-01-16
1931,Salon,Gobelins,2023-10-16,2023-10-17
1932,Conférence,Reuilly,2023-04-06,2023-04-10
1933,Conférence,Ménilmontant,2023-10-29,2023-11-02
1934,Salon,Reuilly,2023-08-14,2023-08-17
1935,Conférence,Buttes-Chaumont,2023-04-28,2023-04-29
1936,Concert,Hôtel-de-Ville,2023-07-18,2023-07-21
1937,Salon,Palais-Bourbon,2023-05-21,2023-05-22
1938,Festival,Batignolles-Monceau,2023-06-30,2023-07-03
1939,Festival,Luxembourg,2023-06-16,2023-06-17
1940,Compétition Sportive,Passy,2023-04-25,2023-04-29
1941,Salon,Ménilmontant,2023-11-12,2023-11-13
1942,Concert,Louvre,2023-04-16,2023-04-17
1943,Salon,Buttes-Montmartre,2023-01-04,2023-01-08
1944,Salon,Batignolles-Monceau,2023-09-02,2023-09-05
1945,Concert,Ménilmontant,2023-12-14,2023-12-16
1946,Conférence,Bourse,2023-10-04,2023-10-08
1947,Concert,Vaugirard,2023-05-20,2023-05-23
1948,Salon,Batignolles-Monceau,2023-03-18,2023-03-19
1949,Salon,Buttes-Chaumont,2023-02-19,2023-02-21
1950,Salon,Gobelins,2023-05-21,2023-05-24
1951,Salon,Temple,2023-06-29,2023-07-02
1952,Compétition Sportive,Popincourt,2023-12-14,2023-12-15
1953,Conférence,Batignolles-Monceau,2023-07-27,2023-07-28
1954,Salon,Ménilmontant,2023-04-27,2023-04-30
1955,Compétition Sportive,Panthéon,2023-05-29,2023-05-30
1956,Salon,Louvre,2023-07-02,2023-07-04
1957,Conférence,Louvre,2023-01-10,2023-01-11
1958,Conférence,Palais-Bourbon,2023-04-29,2023-05-01
1959,Concert,Observatoire,2023-04-02,2023-04-04
1960,Compétition Sportive,Temple,2023-06-06,2023-06-07
1961,Conférence,Élysée,2023-04-21,2023-04-24
1962,Festival,Entrepôt,2023-01-30,2023-02-01
1963,Salon,Palais-Bourbon,2023-06-17,2023-06-18
1964,Conférence,Luxembourg,2023-06-26,2023-06-30
1965,Compétition Sportive,Vaugirard,2023-05-11,2023-05-13
1966,Compétition Sportive,Ménilmontant,2023-01-01,2023-01-04
1967,Compétition Sportive,Gobelins,2023-10-15,2023-10-18
1968,Concert,Reuilly,2023-10-22,2023-10-25
1969,Salon,Buttes-Chaumont,2023-03-26,2023-03-30
1970,Festival,Vaugirard,2023-05-10,2023-05-12
1971,Compétition Sportive,Passy,2023-07-21,2023-07-25
1972,Salon,Hôtel-de-Ville,2023-06-08,2023-06-12
1973,Compétition Sportive,Buttes-Montmartre,2023-05-26,2023-05-30
1974,Compétition Sportive,Reuilly,2023-05-15,2023-05-19
1975,Festival,Observatoire,2023-09-18,2023-09-20
1976,Salon,Louvre,2023-02-15,2023-02-17
1977,Compétition Sportive,Passy,2023-07-03,2023-07-06
1978,Concert,Opéra,2023-01-03,2023-01-07
1979,Compétition Sportive,Opéra,2023-05-21,2023-05-25
1980,Salon,Hôtel-de-Ville,2023-03-08,2023-03-09
1981,Conférence,Buttes-Chaumont,2023-03-13,2023-03-15
1982,Compétition Sportive,Gobelins,2023-06-27,2023-06-28
1983,Concert,Batignolles-Monceau,2023-04-25,2023-04-27
1984,Concert,Gobelins,2023-04-09,2023-04-13
1985,Compétition Sportive,Luxembourg,2023-03-17,2023-03-18
1986,Salon,Louvre,2023-10-07,2023-10-09
1987,Compétition Sportive,Buttes-Chaumont,2023-12-24,2023-12-25
1988,Concert,Buttes-Montmartre,2023-10-02,2023-10-03
1989,Compétition Sportive,Hôtel-de-Ville,2023-09-04,2023-09-07
1990,Concert,Reuilly,2023-04-10,2023-04-13
1991,Conférence,Louvre,2023-03-23,2023-03-27
1992,Compétition Sportive,Gobelins,2023-10-23,2023-10-27
1993,Festival,Entrepôt,2023-09-05,2023-09-09
1994,Compétition Sportive,Buttes-Montmartre,2023-05-07,2023-05-09
1995,Concert,Buttes-Montmartre,2023-09-13,2023-09-17
1996,Salon,Bourse,2023-10-17,2023-10-18
1997,Concert,Palais-Bourbon,2023-08-05,2023-08-08
1998,Conférence,Temple,2023-05-04,2023-05-05
1999,Salon,Gobelins,2023-01-07,2023-01-08
2000,Festival,Opéra,2023-03-16,2023-03-19
2001,Festival,Luxembourg,2023-02-07,2023-02-10
2002,Conférence,Bourse,2023-08-15,2023-08-19
2003,Conférence,Buttes-Chaumont,2023-10-28,2023-10-30
2004,Conférence,Hôtel-de-Ville,2023-05-28,2023-06-01
2005,Conférence,Popincourt,2023-08-11,2023-08-15
2006,Compétition Sportive,Élysée,2023-08-05,2023-08-07
2007,Concert,Bourse,2023-05-10,2023-05-11
2008,Compétition Sportive,Luxembourg,2023-02-06,2023-02-10
2009,Salon,Ménilmontant,2023-01-31,2023-02-03
2010,Festival,Luxembourg,2023-08-27,2023-08-31
2011,Festival,Vaugirard,2023-02-11,2023-02-15
2012,Salon,Observatoire,2023-09-19,2023-09-20
2013,Festival,Popincourt,2023-04-20,2023-04-24
2014,Conférence,Buttes-Chaumont,2023-05-17,2023-05-18
2015,Conférence,Opéra,2023-07-21,2023-07-25
2016,Conférence,Opéra,2023-03-27,2023-03-28
2017,Salon,Hôtel-de-Ville,2023-06-30,2023-07-02
2018,Concert,Observatoire,2023-03-24,2023-03-27
2019,Salon,Bourse,2023-12-27,2023-12-28
2020,Concert,Palais-Bourbon,2023-08-18,2023-08-21
2021,Festival,Luxembourg,2023-09-29,2023-10-03
2022,Festival,Hôtel-de-Ville,2023-01-13,2023-01-17
2023,Festival,Reuilly,2023-01-18,2023-01-19
2024,Concert,Louvre,2023-06-18,2023-06-20
2025,Festival,Observatoire,2023-02-19,2023-02-22
2026,Salon,Panthéon,2023-04-16,2023-04-17
2027,Concert,Entrepôt,2023-04-18,2023-04-19
2028,Conférence,Observatoire,2023-07-16,2023-07-19
2029,Concert,Entrepôt,2023-08-07,2023-08-08
2030,Salon,Vaugirard,2023-05-08,2023-05-11
2031,Salon,Observatoire,2023-07-13,2023-07-17
2032,Salon,Bourse,2023-02-10,2023-02-13
2033,Festival,Ménilmontant,2023-04-30,2023-05-02
2034,Conférence,Bourse,2023-01-27,2023-01-30
2035,Conférence,Reuilly,2023-07-06,2023-07-10
2036,Compétition Sportive,Hôtel-de-Ville,2023-11-17,2023-11-20
2037,Salon,Élysée,2023-05-22,2023-05-25
2038,Festival,Panthéon,2023-10-06,2023-10-07
2039,Concert,Reuilly,2023-01-22,2023-01-25
2040,Festival,Entrepôt,2023-01-27,2023-01-31
2041,Salon,Élysée,2023-01-25,2023-01-29
2042,Festival,Hôtel-de-Ville,2023-12-20,2023-12-22
2043,Salon,Passy,2023-07-01,2023-07-04
2044,Concert,Reuilly,2023-06-26,2023-06-27
2045,Concert,Reuilly,2023-12-13,2023-12-17
2046,Conférence,Batignolles-Monceau,2023-12-07,2023-12-09
2047,Compétition Sportive,Luxembourg,2023-04-13,2023-04-16
2048,Festival,Reuilly,2023-06-02,2023-06-03
2049,Compétition Sportive,Observatoire,2023-11-20,2023-11-23
2050,Festival,Palais-Bourbon,2023-11-09,2023-11-12
2051,Conférence,Buttes-Chaumont,2023-09-28,2023-09-30
2052,Conférence,Buttes-Montmartre,2023-07-14,2023-07-18
2053,Concert,Entrepôt,2023-05-19,2023-05-22
2054,Concert,Temple,2023-04-02,2023-04-05
2055,Concert,Élysée,2023-01-03,2023-01-05
2056,Festival,Buttes-Chaumont,2023-05-05,2023-05-06
2057,Compétition Sportive,Observatoire,2023-01-18,2023-01-21
2058,Compétition Sportive,Panthéon,2023-06-30,2023-07-04
2059,Concert,Popincourt,2023-09-22,2023-09-25
2060,Conférence,Observatoire,2023-05-07,2023-05-10
2061,Compétition Sportive,Temple,2023-12-01,2023-12-05
2062,Conférence,Buttes-Montmartre,2023-04-14,2023-04-16
2063,Concert,Vaugirard,2023-11-24,2023-11-27
2064,Festival,Observatoire,2023-09-27,2023-10-01
2065,Salon,Observatoire,2023-12-24,2023-12-28
2066,Compétition Sportive,Ménilmontant,2023-07-08,2023-07-09
2067,Concert,Passy,2023-09-26,2023-09-28
2068,Concert,Hôtel-de-Ville,2023-09-08,2023-09-12
2069,Compétition Sportive,Hôtel-de-Ville,2023-11-26,2023-11-29
2070,Salon,Luxembourg,2023-04-18,2023-04-20
2071,Festival,Louvre,2023-08-10,2023-08-14
2072,Compétition Sportive,Temple,2023-12-08,2023-12-10
2073,Festival,Buttes-Montmartre,2023-12-21,2023-12-24
2074,Concert,Bourse,2023-09-18,2023-09-19
2075,Compétition Sportive,Passy,2023-09-07,2023-09-10
2076,Festival,Observatoire,2023-03-26,2023-03-28
2077,Conférence,Gobelins,2023-08-29,2023-09-01
2078,Conférence,Hôtel-de-Ville,2023-05-18,2023-05-22
2079,Conférence,Bourse,2023-09-12,2023-09-14
2080,Festival,Popincourt,2023-06-01,2023-06-04
2081,Conférence,Buttes-Montmartre,2023-04-26,2023-04-29
2082,Concert,Batignolles-Monceau,2023-08-11,2023-08-14
2083,Festival,Batignolles-Monceau,2023-08-25,2023-08-26
2084,Concert,Élysée,2023-02-16,2023-02-17
2085,Salon,Louvre,2023-12-09,2023-12-10
2086,Festival,Passy,2023-12-07,2023-12-08
2087,Conférence,Buttes-Montmartre,2023-09-15,2023-09-18
2088,Conférence,Entrepôt,2023-04-05,2023-04-06
2089,Salon,Popincourt,2023-05-10,2023-05-13
2090,Compétition Sportive,Opéra,2023-06-07,2023-06-11
2091,Salon,Popincourt,2023-06-02,2023-06-06
2092,Conférence,Louvre,2023-03-24,2023-03-28
2093,Conférence,Popincourt,2023-07-09,2023-07-11
2094,Compétition Sportive,Vaugirard,2023-09-11,2023-09-15
2095,Salon,Temple,2023-09-14,2023-09-16
2096,Concert,Gobelins,2023-12-23,2023-12-24
2097,Salon,Popincourt,2023-07-10,2023-07-14
2098,Concert,Observatoire,2023-07-06,2023-07-10
2099,Conférence,Entrepôt,2023-04-22,2023-04-26
2100,Conférence,Buttes-Montmartre,2023-11-06,2023-11-07
2101,Salon,Entrepôt,2023-04-04,2023-04-08
2102,Conférence,Opéra,2023-10-25,2023-10-29
2103,Compétition Sportive,Gobelins,2023-11-05,2023-11-08
2104,Festival,Luxembourg,2023-08-22,2023-08-25
2105,Concert,Batignolles-Monceau,2023-03-06,2023-03-08
2106,Conférence,Panthéon,2023-05-17,2023-05-20
2107,Concert,Hôtel-de-Ville,2023-04-24,2023-04-25
2108,Salon,Ménilmontant,2023-07-18,2023-07-19
2109,Compétition Sportive,Opéra,2023-02-20,2023-02-24
2110,Concert,Buttes-Chaumont,2023-08-06,2023-08-09
2111,Conférence,Bourse,2023-01-16,2023-01-18
2112,Festival,Observatoire,2023-11-22,2023-11-24
2113,Compétition Sportive,Élysée,2023-07-09,2023-07-11
2114,Salon,Vaugirard,2023-08-22,2023-08-26
2115,Conférence,Temple,2023-02-06,2023-02-07
2116,Compétition Sportive,Passy,2023-07-04,2023-07-08
2117,Conférence,Batignolles-Monceau,2023-06-22,2023-06-23
2118,Salon,Panthéon,2023-11-28,2023-12-02
2119,Salon,Passy,2023-03-29,2023-03-30
2120,Festival,Luxembourg,2023-05-06,2023-05-08
2121,Compétition Sportive,Temple,2023-09-30,2023-10-01
2122,Festival,Luxembourg,2023-09-11,2023-09-14
2123,Festival,Entrepôt,2023-10-20,2023-10-23
2124,Festival,Bourse,2023-10-12,2023-10-14
2125,Concert,Popincourt,2023-11-17,2023-11-19
2126,Salon,Luxembourg,2023-08-24,2023-08-28
2127,Festival,Passy,2023-07-25,2023-07-28
2128,Concert,Temple,2023-04-23,2023-04-25
2129,Concert,Batignolles-Monceau,2023-09-24,2023-09-28
2130,Concert,Buttes-Montmartre,2023-08-12,2023-08-16
2131,Festival,Vaugirard,2023-10-03,2023-10-06
2132,Concert,Entrepôt,2023-07-13,2023-07-14
2133,Festival,Gobelins,2023-12-18,2023-12-22
2134,Compétition Sportive,Batignolles-Monceau,2023-02-19,2023-02-22
2135,Salon,Luxembourg,2023-02-10,2023-02-14
2136,Conférence,Ménilmontant,2023-01-10,2023-01-14
2137,Festival,Reuilly,2023-06-30,2023-07-02
2138,Salon,Opéra,2023-12-22,2023-12-24
2139,Festival,Entrepôt,2023-06-26,2023-06-28
2140,Compétition Sportive,Luxembourg,2023-04-18,2023-04-21
2141,Salon,Buttes-Montmartre,2023-03-08,2023-03-12
2142,Salon,Bourse,2023-02-05,2023-02-08
2143,Concert,Popincourt,2023-12-16,2023-12-20
2144,Festival,Hôtel-de-Ville,2023-06-16,2023-06-20
2145,Festival,Vaugirard,2023-11-11,2023-11-13
2146,Conférence,Entrepôt,2023-10-06,2023-10-08
2147,Concert,Popincourt,2023-10-06,2023-10-10
2148,Concert,Passy,2023-04-10,2023-04-14
2149,Conférence,Élysée,2023-10-08,2023-10-09
2150,Concert,Popincourt,2023-12-06,2023-12-07
2151,Concert,Passy,2023-03-01,2023-03-05
2152,Compétition Sportive,Bourse,2023-04-12,2023-04-15
2153,Salon,Reuilly,2023-06-10,2023-06-11
2154,Conférence,Temple,2023-06-10,2023-06-14
2155,Compétition Sportive,Louvre,2023-07-12,2023-07-16
2156,Compétition Sportive,Entrepôt,2023-10-30,2023-10-31
2157,Compétition Sportive,Palais-Bourbon,2023-02-02,2023-02-06
2158,Concert,Ménilmontant,2023-10-21,2023-10-24
2159,Conférence,Gobelins,2023-06-01,2023-06-02
2160,Concert,Popincourt,2023-12-17,2023-12-20
2161,Concert,Popincourt,2023-12-24,2023-12-28
2162,Compétition Sportive,Louvre,2023-11-01,2023-11-03
2163,Festival,Buttes-Montmartre,2023-08-03,2023-08-07
2164,Conférence,Vaugirard,2023-10-13,2023-10-14
2165,Conférence,Bourse,2023-02-27,2023-03-02
2166,Compétition Sportive,Luxembourg,2023-08-06,2023-08-10
2167,Compétition Sportive,Popincourt,2023-12-19,2023-12-22
2168,Salon,Panthéon,2023-05-01,2023-05-04
2169,Compétition Sportive,Passy,2023-05-24,2023-05-25
2170,Concert,Opéra,2023-05-24,2023-05-27
2171,Compétition Sportive,Palais-Bourbon,2023-10-22,2023-10-25
2172,Conférence,Buttes-Montmartre,2023-02-15,2023-02-16
2173,Festival,Vaugirard,2023-05-31,2023-06-03
2174,Festival,Louvre,2023-01-26,2023-01-30
2175,Concert,Opéra,2023-11-01,2023-11-05
2176,Festival,Observatoire,2023-03-22,2023-03-25
2177,Compétition Sportive,Gobelins,2023-04-12,2023-04-13
2178,Festival,Reuilly,2023-04-19,2023-04-20
2179,Compétition Sportive,Passy,2023-10-07,2023-10-11
2180,Salon,Palais-Bourbon,2023-05-07,2023-05-09
2181,Conférence,Ménilmontant,2023-04-17,2023-04-19
2182,Concert,Gobelins,2023-12-05,2023-12-08
2183,Salon,Gobelins,2023-06-19,2023-06-21
2184,Festival,Passy,2023-05-06,2023-05-09
2185,Concert,Louvre,2023-01-27,2023-01-30
2186,Compétition Sportive,Gobelins,2023-05-10,2023-05-12
2187,Salon,Vaugirard,2023-04-26,2023-04-30
2188,Conférence,Ménilmontant,2023-05-16,2023-05-20
2189,Conférence,Reuilly,2023-12-01,2023-12-02
2190,Salon,Vaugirard,2023-06-18,2023-06-19
2191,Salon,Popincourt,2023-05-21,2023-05-25
2192,Salon,Passy,2023-04-01,2023-04-03
2193,Festival,Passy,2023-05-30,2023-06-03
2194,Conférence,Temple,2023-02-16,2023-02-20
2195,Conférence,Buttes-Montmartre,2023-10-30,2023-11-03
2196,Festival,Entrepôt,2023-03-06,2023-03-09
2197,Concert,Passy,2023-07-16,2023-07-17
2198,Conférence,Vaugirard,2023-12-01,2023-12-04
2199,Concert,Passy,2023-10-13,2023-10-14
2200,Concert,Buttes-Montmartre,2023-09-07,2023-09-09
2201,Concert,Observatoire,2023-10-29,2023-11-02
2202,Conférence,Entrepôt,2023-09-19,2023-09-21
2203,Compétition Sportive,Panthéon,2023-03-28,2023-04-01
2204,Concert,Ménilmontant,2023-02-21,2023-02-25
2205,Compétition Sportive,Popincourt,2023-01-05,2023-01-07
2206,Festival,Gobelins,2023-08-02,2023-08-05
2207,Compétition Sportive,Passy,2023-02-10,2023-02-12
2208,Compétition Sportive,Hôtel-de-Ville,2023-06-16,2023-06-18
2209,Salon,Palais-Bourbon,2023-01-30,2023-02-01
2210,Concert,Hôtel-de-Ville,2023-02-17,2023-02-20
2211,Conférence,Palais-Bourbon,2023-07-28,2023-08-01
2212,Salon,Entrepôt,2023-07-07,2023-07-11
2213,Compétition Sportive,Temple,2023-05-03,2023-05-06
2214,Festival,Ménilmontant,2023-05-31,2023-06-03
2215,Conférence,Palais-Bourbon,2023-12-26,2023-12-27
2216,Festival,Hôtel-de-Ville,2023-06-27,2023-07-01
2217,Compétition Sportive,Élysée,2023-01-13,2023-01-17
2218,Festival,Passy,2023-04-20,2023-04-23
2219,Salon,Gobelins,2023-08-22,2023-08-26
2220,Festival,Batignolles-Monceau,2023-02-07,2023-02-11
2221,Salon,Temple,2023-10-22,2023-10-24
2222,Concert,Batignolles-Monceau,2023-12-25,2023-12-26
2223,Conférence,Opéra,2023-06-29,2023-07-02
2224,Festival,Passy,2023-05-02,2023-05-06
2225,Salon,Gobelins,2023-04-02,2023-04-05
2226,Compétition Sportive,Buttes-Montmartre,2023-01-27,2023-01-30
2227,Compétition Sportive,Passy,2023-01-19,2023-01-23
2228,Salon,Popincourt,2023-12-02,2023-12-03
2229,Conférence,Buttes-Chaumont,2023-03-29,2023-03-31
2230,Concert,Luxembourg,2023-04-03,2023-04-05
2231,Concert,Ménilmontant,2023-09-19,2023-09-20
2232,Conférence,Panthéon,2023-02-10,2023-02-12
2233,Festival,Gobelins,2023-10-24,2023-10-27
2234,Salon,Ménilmontant,2023-07-01,2023-07-02
2235,Concert,Vaugirard,2023-08-28,2023-08-30
2236,Conférence,Palais-Bourbon,2023-02-17,2023-02-18
2237,Concert,Buttes-Montmartre,2023-04-03,2023-04-07
2238,Concert,Buttes-Montmartre,2023-07-03,2023-07-07
2239,Festival,Observatoire,2023-09-13,2023-09-17
2240,Concert,Temple,2023-02-02,2023-02-05
2241,Salon,Palais-Bourbon,2023-08-07,2023-08-09
2242,Conférence,Opéra,2023-04-12,2023-04-14
2243,Festival,Palais-Bourbon,2023-10-29,2023-11-01
2244,Festival,Palais-Bourbon,2023-03-15,2023-03-17
2245,Conférence,Passy,2023-02-05,2023-02-07
2246,Salon,Hôtel-de-Ville,2023-05-15,2023-05-17
2247,Concert,Bourse,2023-10-12,2023-10-15
2248,Concert,Gobelins,2023-07-27,2023-07-28
2249,Salon,Buttes-Montmartre,2023-03-06,2023-03-07
2250,Compétition Sportive,Panthéon,2023-11-12,2023-11-14
2251,Conférence,Ménilmontant,2023-10-18,2023-10-22
2252,Salon,Entrepôt,2023-08-27,2023-08-28
2253,Concert,Louvre,2023-07-04,2023-07-08
2254,Conférence,Buttes-Chaumont,2023-01-29,2023-02-01
2255,Conférence,Palais-Bourbon,2023-10-21,2023-10-23
2256,Concert,Vaugirard,2023-07-24,2023-07-27
2257,Salon,Batignolles-Monceau,2023-08-20,2023-08-22
2258,Compétition Sportive,Entrepôt,2023-12-09,2023-12-11
2259,Conférence,Temple,2023-04-20,2023-04-22
2260,Conférence,Panthéon,2023-03-21,2023-03-25
2261,Conférence,Temple,2023-07-05,2023-07-06
2262,Salon,Élysée,2023-11-30,2023-12-02
2263,Conférence,Palais-Bourbon,2023-12-02,2023-12-05
2264,Concert,Observatoire,2023-02-05,2023-02-07
2265,Concert,Buttes-Montmartre,2023-02-21,2023-02-25
2266,Festival,Opéra,2023-12-10,2023-12-11
2267,Conférence,Gobelins,2023-10-10,2023-10-12
2268,Compétition Sportive,Ménilmontant,2023-01-25,2023-01-26
2269,Festival,Vaugirard,2023-06-17,2023-06-21
2270,Conférence,Opéra,2023-10-12,2023-10-13
2271,Conférence,Vaugirard,2023-12-17,2023-12-19
2272,Salon,Élysée,2023-01-03,2023-01-07
2273,Salon,Élysée,2023-05-21,2023-05-22
2274,Concert,Bourse,2023-11-20,2023-11-22
2275,Festival,Observatoire,2023-05-19,2023-05-23
2276,Festival,Luxembourg,2023-11-12,2023-11-13
2277,Festival,Louvre,2023-01-02,2023-01-04
2278,Concert,Observatoire,2023-12-01,2023-12-03
2279,Compétition Sportive,Buttes-Montmartre,2023-09-26,2023-09-30
2280,Compétition Sportive,Buttes-Montmartre,2023-02-04,2023-02-08
2281,Compétition Sportive,Buttes-Montmartre,2023-11-03,2023-11-05
2282,Festival,Observatoire,2023-08-24,2023-08-26
2283,Conférence,Entrepôt,2023-04-18,2023-04-22
2284,Festival,Opéra,2023-04-23,2023-04-27
2285,Conférence,Entrepôt,2023-02-25,2023-02-27
2286,Salon,Vaugirard,2023-02-09,2023-02-13
2287,Concert,Passy,2023-07-06,2023-07-09
2288,Compétition Sportive,Passy,2023-01-12,2023-01-13
2289,Festival,Popincourt,2023-09-29,2023-10-01
2290,Festival,Élysée,2023-08-23,2023-08-26
2291,Salon,Louvre,2023-04-26,2023-04-28
2292,Conférence,Temple,2023-10-24,2023-10-25
2293,Compétition Sportive,Louvre,2023-03-02,2023-03-06
2294,Concert,Vaugirard,2023-02-03,2023-02-06
2295,Conférence,Panthéon,2023-10-02,2023-10-06
2296,Conférence,Élysée,2023-06-22,2023-06-25
2297,Compétition Sportive,Bourse,2023-04-01,2023-04-02
2298,Concert,Batignolles-Monceau,2023-01-29,2023-01-31
2299,Compétition Sportive,Opéra,2023-01-19,2023-01-23
2300,Compétition Sportive,Hôtel-de-Ville,2023-08-23,2023-08-26
2301,Festival,Palais-Bourbon,2023-07-03,2023-07-06
2302,Concert,Louvre,2023-01-27,2023-01-30
2303,Conférence,Louvre,2023-05-10,2023-05-11
2304,Compétition Sportive,Bourse,2023-04-13,2023-04-15
2305,Salon,Temple,2023-03-19,2023-03-21
2306,Concert,Hôtel-de-Ville,2023-01-08,2023-01-09
2307,Salon,Gobelins,2023-01-27,2023-01-31
2308,Conférence,Palais-Bourbon,2023-08-13,2023-08-15
2309,Concert,Hôtel-de-Ville,2023-06-02,2023-06-03
2310,Festival,Popincourt,2023-02-18,2023-02-21
2311,Concert,Vaugirard,2023-09-02,2023-09-05
2312,Conférence,Hôtel-de-Ville,2023-02-25,2023-03-01
2313,Festival,Batignolles-Monceau,2023-12-22,2023-12-25
2314,Conférence,Batignolles-Monceau,2023-04-12,2023-04-13
2315,Concert,Popincourt,2023-11-17,2023-11-18
2316,Conférence,Passy,2023-10-14,2023-10-17
2317,Concert,Bourse,2023-08-15,2023-08-16
2318,Festival,Palais-Bourbon,2023-11-12,2023-11-15
2319,Concert,Temple,2023-08-01,2023-08-04
2320,Conférence,Vaugirard,2023-06-11,2023-06-15
2321,Conférence,Buttes-Chaumont,2023-05-25,2023-05-26
2322,Conférence,Entrepôt,2023-03-14,2023-03-15
2323,Salon,Ménilmontant,2023-01-29,2023-02-01
2324,Salon,Opéra,2023-07-19,2023-07-23
2325,Salon,Élysée,2023-07-30,2023-08-03
2326,Compétition Sportive,Vaugirard,2023-05-14,2023-05-17
2327,Concert,Louvre,2023-12-10,2023-12-12
2328,Salon,Observatoire,2023-05-06,2023-05-10
2329,Conférence,Batignolles-Monceau,2023-01-06,2023-01-09
2330,Conférence,Buttes-Montmartre,2023-04-14,2023-04-15
2331,Salon,Palais-Bourbon,2023-05-11,2023-05-13
2332,Salon,Entrepôt,2023-04-05,2023-04-08
2333,Conférence,Buttes-Chaumont,2023-06-08,2023-06-11
2334,Salon,Observatoire,2023-03-17,2023-03-20
2335,Compétition Sportive,Louvre,2023-06-29,2023-06-30
2336,Compétition Sportive,Temple,2023-05-16,2023-05-18
2337,Compétition Sportive,Vaugirard,2023-08-23,2023-08-26
2338,Festival,Gobelins,2023-03-31,2023-04-04
2339,Compétition Sportive,Temple,2023-09-08,2023-09-09
2340,Conférence,Vaugirard,2023-10-09,2023-10-11
2341,Festival,Gobelins,2023-07-03,2023-07-07
2342,Conférence,Observatoire,2023-03-27,2023-03-30
2343,Conférence,Opéra,2023-05-02,2023-05-04
2344,Salon,Bourse,2023-11-14,2023-11-18
2345,Concert,Observatoire,2023-05-21,2023-05-25
2346,Compétition Sportive,Luxembourg,2023-02-15,2023-02-18
2347,Concert,Passy,2023-07-01,2023-07-03
2348,Concert,Buttes-Montmartre,2023-09-22,2023-09-23
2349,Salon,Luxembourg,2023-12-10,2023-12-13
2350,Concert,Élysée,2023-09-16,2023-09-17
2351,Compétition Sportive,Batignolles-Monceau,2023-01-12,2023-01-14
2352,Festival,Popincourt,2023-02-10,2023-02-14
2353,Conférence,Ménilmontant,2023-07-05,2023-07-08
2354,Compétition Sportive,Buttes-Chaumont,2023-01-11,2023-01-14
2355,Salon,Passy,2023-05-27,2023-05-28
2356,Festival,Élysée,2023-03-14,2023-03-18
2357,Salon,Reuilly,2023-06-14,2023-06-17
2358,Compétition Sportive,Panthéon,2023-05-18,2023-05-22
2359,Conférence,Élysée,2023-11-25,2023-11-28
2360,Concert,Observatoire,2023-02-02,2023-02-03
2361,Concert,Ménilmontant,2023-07-24,2023-07-26
2362,Salon,Bourse,2023-05-28,2023-05-29
2363,Festival,Ménilmontant,2023-11-27,2023-11-28
2364,Conférence,Entrepôt,2023-08-21,2023-08-25
2365,Salon,Ménilmontant,2023-12-15,2023-12-17
2366,Conférence,Observatoire,2023-04-21,2023-04-25
2367,Salon,Buttes-Chaumont,2023-05-05,2023-05-08
2368,Festival,Batignolles-Monceau,2023-05-04,2023-05-07
2369,Compétition Sportive,Opéra,2023-09-26,2023-09-30
2370,Concert,Batignolles-Monceau,2023-05-04,2023-05-06
2371,Conférence,Ménilmontant,2023-08-24,2023-08-28
2372,Conférence,Batignolles-Monceau,2023-11-15,2023-11-18
2373,Festival,Panthéon,2023-05-22,2023-05-24
2374,Conférence,Reuilly,2023-07-20,2023-07-21
2375,Compétition Sportive,Vaugirard,2023-02-23,2023-02-26
2376,Compétition Sportive,Opéra,2023-03-24,2023-03-27
2377,Festival,Popincourt,2023-04-16,2023-04-20
2378,Salon,Panthéon,2023-04-21,2023-04-25
2379,Salon,Passy,2023-11-24,2023-11-26
2380,Conférence,Opéra,2023-12-04,2023-12-06
2381,Conférence,Louvre,2023-08-14,2023-08-15
2382,Festival,Popincourt,2023-10-19,2023-10-21
2383,Compétition Sportive,Luxembourg,2023-01-09,2023-01-11
2384,Festival,Luxembourg,2023-07-27,2023-07-31
2385,Salon,Buttes-Chaumont,2023-09-18,2023-09-20
2386,Compétition Sportive,Opéra,2023-08-31,2023-09-04
2387,Conférence,Reuilly,2023-05-23,2023-05-27
2388,Salon,Panthéon,2023-03-05,2023-03-09
2389,Concert,Temple,2023-02-17,2023-02-20
2390,Salon,Vaugirard,2023-06-16,2023-06-20
2391,Compétition Sportive,Entrepôt,2023-06-02,2023-06-06
2392,Compétition Sportive,Hôtel-de-Ville,2023-07-27,2023-07-31
2393,Festival,Louvre,2023-12-08,2023-12-12
2394,Compétition Sportive,Panthéon,2023-07-27,2023-07-30
2395,Concert,Buttes-Montmartre,2023-08-13,2023-08-16
2396,Concert,Entrepôt,2023-09-20,2023-09-23
2397,Compétition Sportive,Entrepôt,2023-05-26,2023-05-29
2398,Conférence,Gobelins,2023-05-08,2023-05-11
2399,Compétition Sportive,Buttes-Montmartre,2023-09-19,2023-09-20
2400,Conférence,Panthéon,2023-04-23,2023-04-26
2401,Compétition Sportive,Buttes-Montmartre,2023-09-25,2023-09-27
2402,Salon,Bourse,2023-12-30,2024-01-02
2403,Compétition Sportive,Louvre,2023-06-10,2023-06-12
2404,Salon,Élysée,2023-10-04,2023-10-06
2405,Conférence,Panthéon,2023-07-05,2023-07-09
2406,Compétition Sportive,Palais-Bourbon,2023-07-29,2023-07-30
2407,Conférence,Entrepôt,2023-02-11,2023-02-13
2408,Concert,Louvre,2023-08-10,2023-08-12
2409,Festival,Vaugirard,2023-10-29,2023-10-30
2410,Conférence,Élysée,2023-09-16,2023-09-18
2411,Salon,Luxembourg,2023-02-22,2023-02-23
2412,Festival,Observatoire,2023-03-03,2023-03-05
2413,Compétition Sportive,Ménilmontant,2023-11-03,2023-11-06
2414,Salon,Hôtel-de-Ville,2023-11-14,2023-11-16
2415,Festival,Élysée,2023-07-24,2023-07-27
2416,Festival,Panthéon,2023-03-31,2023-04-01
2417,Conférence,Hôtel-de-Ville,2023-03-11,2023-03-14
2418,Compétition Sportive,Luxembourg,2023-04-01,2023-04-05
2419,Compétition Sportive,Luxembourg,2023-09-25,2023-09-28
2420,Compétition Sportive,Panthéon,2023-12-11,2023-12-13
2421,Conférence,Ménilmontant,2023-02-16,2023-02-19
2422,Conférence,Panthéon,2023-01-16,2023-01-17
2423,Compétition Sportive,Temple,2023-07-14,2023-07-18
2424,Festival,Bourse,2023-10-17,2023-10-18
2425,Compétition Sportive,Panthéon,2023-08-22,2023-08-24
2426,Conférence,Popincourt,2023-10-29,2023-10-31
2427,Compétition Sportive,Observatoire,2023-03-28,2023-03-29
2428,Conférence,Ménilmontant,2023-03-05,2023-03-09
2429,Compétition Sportive,Hôtel-de-Ville,2023-07-09,2023-07-10
2430,Festival,Opéra,2023-07-01,2023-07-05
2431,Festival,Panthéon,2023-03-23,2023-03-25
2432,Conférence,Opéra,2023-05-11,2023-05-13
2433,Conférence,Gobelins,2023-08-27,2023-08-31
2434,Salon,Passy,2023-05-20,2023-05-22
2435,Concert,Reuilly,2023-02-07,2023-02-09
2436,Salon,Luxembourg,2023-11-30,2023-12-02
2437,Conférence,Temple,2023-04-01,2023-04-02
2438,Conférence,Ménilmontant,2023-05-26,2023-05-28
2439,Compétition Sportive,Opéra,2023-03-25,2023-03-28
2440,Salon,Temple,2023-06-12,2023-06-13
2441,Concert,Bourse,2023-12-06,2023-12-09
2442,Salon,Bourse,2023-07-17,2023-07-19
2443,Festival,Vaugirard,2023-12-24,2023-12-28
2444,Festival,Hôtel-de-Ville,2023-11-28,2023-12-02
2445,Salon,Popincourt,2023-09-30,2023-10-01
2446,Salon,Entrepôt,2023-03-11,2023-03-13
2447,Conférence,Temple,2023-10-30,2023-11-01
2448,Compétition Sportive,Élysée,2023-11-06,2023-11-08
2449,Festival,Observatoire,2023-09-28,2023-09-29
2450,Concert,Observatoire,2023-01-09,2023-01-10
2451,Compétition Sportive,Popincourt,2023-07-15,2023-07-18
2452,Salon,Palais-Bourbon,2023-01-03,2023-01-04
2453,Festival,Reuilly,2023-09-26,2023-09-30
2454,Salon,Hôtel-de-Ville,2023-12-18,2023-12-20
2455,Festival,Temple,2023-01-06,2023-01-09
2456,Concert,Passy,2023-08-22,2023-08-23
2457,Compétition Sportive,Palais-Bourbon,2023-03-07,2023-03-10
2458,Concert,Buttes-Chaumont,2023-04-06,2023-04-08
2459,Concert,Batignolles-Monceau,2023-04-22,2023-04-23
2460,Compétition Sportive,Reuilly,2023-05-05,2023-05-07
2461,Compétition Sportive,Observatoire,2023-02-10,2023-02-12
2462,Concert,Observatoire,2023-01-07,2023-01-11
2463,Salon,Temple,2023-10-04,2023-10-07
2464,Compétition Sportive,Entrepôt,2023-07-28,2023-08-01
2465,Concert,Entrepôt,2023-07-12,2023-07-16
2466,Concert,Élysée,2023-06-09,2023-06-12
2467,Concert,Vaugirard,2023-04-06,2023-04-09
2468,Salon,Ménilmontant,2023-09-04,2023-09-07
2469,Conférence,Reuilly,2023-01-06,2023-01-09
2470,Conférence,Opéra,2023-02-10,2023-02-14
2471,Compétition Sportive,Ménilmontant,2023-02-02,2023-02-03
2472,Conférence,Palais-Bourbon,2023-06-02,2023-06-05
2473,Festival,Luxembourg,2023-10-07,2023-10-08
2474,Compétition Sportive,Opéra,2023-04-05,2023-04-06
2475,Compétition Sportive,Gobelins,2023-08-31,2023-09-02
2476,Concert,Luxembourg,2023-04-16,2023-04-17
2477,Festival,Opéra,2023-01-09,2023-01-11
2478,Conférence,Palais-Bourbon,2023-04-03,2023-04-07
2479,Compétition Sportive,Bourse,2023-05-06,2023-05-08
2480,Festival,Élysée,2023-03-08,2023-03-11
2481,Salon,Luxembourg,2023-01-04,2023-01-07
2482,Salon,Vaugirard,2023-02-23,2023-02-26
2483,Concert,Entrepôt,2023-12-07,2023-12-08
2484,Festival,Entrepôt,2023-05-14,2023-05-17
2485,Compétition Sportive,Passy,2023-02-14,2023-02-16
2486,Salon,Bourse,2023-08-13,2023-08-16
2487,Salon,Popincourt,2023-05-22,2023-05-25
2488,Conférence,Buttes-Chaumont,2023-12-06,2023-12-08
2489,Conférence,Buttes-Montmartre,2023-06-20,2023-06-21
2490,Festival,Temple,2023-11-07,2023-11-08
2491,Conférence,Bourse,2023-06-14,2023-06-15
2492,Festival,Buttes-Montmartre,2023-07-23,2023-07-25
2493,Compétition Sportive,Ménilmontant,2023-09-29,2023-10-03
2494,Compétition Sportive,Gobelins,2023-09-30,2023-10-02
2495,Compétition Sportive,Louvre,2023-09-08,2023-09-09
2496,Conférence,Louvre,2023-03-12,2023-03-16
2497,Conférence,Palais-Bourbon,2023-12-12,2023-12-16
2498,Concert,Popincourt,2023-09-12,2023-09-15
2499,Salon,Bourse,2023-05-09,2023-05-11
2500,Compétition Sportive,Buttes-Montmartre,2023-01-02,2023-01-03
2501,Conférence,Reuilly,2023-12-17,2023-12-18
2502,Salon,Luxembourg,2023-03-25,2023-03-26
2503,Compétition Sportive,Popincourt,2023-12-23,2023-12-27
2504,Compétition Sportive,Buttes-Chaumont,2023-05-03,2023-05-04
2505,Salon,Panthéon,2023-06-10,2023-06-14
2506,Salon,Popincourt,2023-11-17,2023-11-20
2507,Conférence,Popincourt,2023-11-03,2023-11-07
2508,Salon,Entrepôt,2023-06-10,2023-06-13
2509,Salon,Opéra,2023-01-03,2023-01-05
2510,Conférence,Buttes-Chaumont,2023-08-17,2023-08-19
2511,Compétition Sportive,Élysée,2023-03-01,2023-03-05
2512,Salon,Observatoire,2023-06-21,2023-06-22
2513,Concert,Temple,2023-04-14,2023-04-17
2514,Festival,Louvre,2023-05-13,2023-05-15
2515,Salon,Luxembourg,2023-02-12,2023-02-15
2516,Salon,Vaugirard,2023-10-30,2023-11-03
2517,Festival,Buttes-Chaumont,2023-08-17,2023-08-19
2518,Concert,Hôtel-de-Ville,2023-01-06,2023-01-10
2519,Compétition Sportive,Hôtel-de-Ville,2023-07-07,2023-07-11
2520,Concert,Luxembourg,2023-01-06,2023-01-07
2521,Festival,Temple,2023-10-13,2023-10-14
2522,Salon,Reuilly,2023-04-11,2023-04-13
2523,Compétition Sportive,Observatoire,2023-08-08,2023-08-12
2524,Concert,Palais-Bourbon,2023-05-18,2023-05-21
2525,Concert,Vaugirard,2023-06-05,2023-06-08
2526,Compétition Sportive,Élysée,2023-09-19,2023-09-23
2527,Concert,Luxembourg,2023-03-14,2023-03-18
2528,Festival,Panthéon,2023-10-07,2023-10-08
2529,Compétition Sportive,Opéra,2023-02-21,2023-02-22
2530,Festival,Observatoire,2023-03-23,2023-03-26
2531,Compétition Sportive,Reuilly,2023-11-20,2023-11-23
2532,Festival,Bourse,2023-10-10,2023-10-14
2533,Salon,Panthéon,2023-09-26,2023-09-27
2534,Salon,Reuilly,2023-03-16,2023-03-18
2535,Concert,Entrepôt,2023-05-27,2023-05-29
2536,Compétition Sportive,Vaugirard,2023-06-10,2023-06-13
2537,Compétition Sportive,Gobelins,2023-07-25,2023-07-28
2538,Festival,Louvre,2023-09-26,2023-09-28
2539,Concert,Buttes-Chaumont,2023-09-20,2023-09-21
2540,Concert,Passy,2023-10-16,2023-10-17
2541,Compétition Sportive,Vaugirard,2023-06-09,2023-06-10
2542,Salon,Palais-Bourbon,2023-02-14,2023-02-18
2543,Compétition Sportive,Buttes-Montmartre,2023-11-08,2023-11-12
2544,Compétition Sportive,Opéra,2023-08-17,2023-08-19
2545,Conférence,Buttes-Montmartre,2023-10-29,2023-10-30
2546,Festival,Entrepôt,2023-08-14,2023-08-16
2547,Festival,Ménilmontant,2023-10-02,2023-10-06
2548,Conférence,Popincourt,2023-04-10,2023-04-14
2549,Concert,Louvre,2023-08-16,2023-08-18
2550,Festival,Batignolles-Monceau,2023-07-10,2023-07-14
2551,Concert,Bourse,2023-03-11,2023-03-15
2552,Salon,Buttes-Montmartre,2023-09-08,2023-09-11
2553,Concert,Observatoire,2023-09-04,2023-09-06
2554,Festival,Bourse,2023-11-06,2023-11-08
2555,Concert,Vaugirard,2023-11-02,2023-11-05
2556,Salon,Reuilly,2023-11-17,2023-11-21
2557,Conférence,Palais-Bourbon,2023-10-28,2023-11-01
2558,Festival,Luxembourg,2023-01-30,2023-02-02
2559,Salon,Gobelins,2023-03-20,2023-03-22
2560,Compétition Sportive,Temple,2023-11-25,2023-11-29
2561,Conférence,Louvre,2023-09-04,2023-09-07
2562,Conférence,Ménilmontant,2023-11-13,2023-11-14
2563,Festival,Entrepôt,2023-08-09,2023-08-10
2564,Salon,Batignolles-Monceau,2023-05-10,2023-05-12
2565,Compétition Sportive,Buttes-Chaumont,2023-06-07,2023-06-10
2566,Salon,Luxembourg,2023-06-23,2023-06-26
2567,Concert,Batignolles-Monceau,2023-09-04,2023-09-05
2568,Festival,Hôtel-de-Ville,2023-03-09,2023-03-11
2569,Concert,Reuilly,2023-05-27,2023-05-29
2570,Concert,Entrepôt,2023-01-05,2023-01-09
2571,Conférence,Vaugirard,2023-03-14,2023-03-16
2572,Conférence,Popincourt,2023-07-31,2023-08-01
2573,Concert,Reuilly,2023-02-26,2023-03-01
2574,Salon,Louvre,2023-02-21,2023-02-23
2575,Festival,Passy,2023-02-28,2023-03-03
2576,Festival,Observatoire,2023-11-12,2023-11-13
2577,Salon,Popincourt,2023-05-03,2023-05-07
2578,Concert,Opéra,2023-03-21,2023-03-25
2579,Festival,Popincourt,2023-08-29,2023-08-31
2580,Conférence,Palais-Bourbon,2023-03-25,2023-03-28
2581,Compétition Sportive,Palais-Bourbon,2023-04-13,2023-04-16
2582,Conférence,Luxembourg,2023-06-10,2023-06-11
2583,Salon,Passy,2023-05-20,2023-05-24
2584,Compétition Sportive,Panthéon,2023-11-08,2023-11-09
2585,Festival,Vaugirard,2023-05-31,2023-06-02
2586,Festival,Ménilmontant,2023-02-18,2023-02-19
2587,Compétition Sportive,Bourse,2023-06-24,2023-06-27
2588,Festival,Palais-Bourbon,2023-03-11,2023-03-13
2589,Compétition Sportive,Opéra,2023-09-12,2023-09-14
2590,Concert,Hôtel-de-Ville,2023-10-28,2023-11-01
2591,Salon,Vaugirard,2023-07-23,2023-07-24
2592,Conférence,Temple,2023-06-12,2023-06-13
2593,Compétition Sportive,Opéra,2023-11-24,2023-11-26
2594,Compétition Sportive,Opéra,2023-06-04,2023-06-06
2595,Concert,Popincourt,2023-10-30,2023-10-31
2596,Conférence,Vaugirard,2023-09-02,2023-09-03
2597,Concert,Temple,2023-10-15,2023-10-19
2598,Concert,Entrepôt,2023-01-29,2023-02-01
2599,Salon,Buttes-Montmartre,2023-07-18,2023-07-20
2600,Festival,Luxembourg,2023-02-22,2023-02-25
2601,Conférence,Gobelins,2023-04-03,2023-04-05
2602,Concert,Buttes-Montmartre,2023-08-05,2023-08-06
2603,Festival,Buttes-Montmartre,2023-10-26,2023-10-27
2604,Festival,Opéra,2023-04-10,2023-04-11
2605,Festival,Panthéon,2023-04-22,2023-04-25
2606,Festival,Hôtel-de-Ville,2023-05-12,2023-05-15
2607,Salon,Batignolles-Monceau,2023-04-01,2023-04-04
2608,Salon,Bourse,2023-05-31,2023-06-03
2609,Concert,Ménilmontant,2023-11-12,2023-11-13
2610,Festival,Temple,2023-10-13,2023-10-16
2611,Concert,Popincourt,2023-02-12,2023-02-15
2612,Compétition Sportive,Gobelins,2023-08-04,2023-08-05
2613,Salon,Buttes-Montmartre,2023-10-31,2023-11-04
2614,Salon,Observatoire,2023-09-20,2023-09-23
2615,Conférence,Élysée,2023-03-28,2023-03-30
2616,Compétition Sportive,Luxembourg,2023-08-18,2023-08-19
2617,Salon,Hôtel-de-Ville,2023-10-14,2023-10-18
2618,Festival,Gobelins,2023-04-28,2023-05-01
2619,Festival,Reuilly,2023-08-22,2023-08-25
2620,Festival,Hôtel-de-Ville,2023-01-19,2023-01-22
2621,Concert,Temple,2023-02-21,2023-02-22
2622,Salon,Hôtel-de-Ville,2023-08-27,2023-08-30
2623,Concert,Passy,2023-11-20,2023-11-24
2624,Salon,Vaugirard,2023-05-14,2023-05-18
2625,Conférence,Temple,2023-09-09,2023-09-13
2626,Concert,Palais-Bourbon,2023-07-30,2023-08-02
2627,Salon,Opéra,2023-11-12,2023-11-15
2628,Conférence,Élysée,2023-12-15,2023-12-16
2629,Salon,Entrepôt,2023-04-28,2023-04-29
2630,Compétition Sportive,Panthéon,2023-05-20,2023-05-22
2631,Concert,Temple,2023-06-15,2023-06-19
2632,Festival,Luxembourg,2023-05-21,2023-05-24
2633,Conférence,Passy,2023-01-28,2023-01-30
2634,Conférence,Buttes-Montmartre,2023-01-05,2023-01-06
2635,Festival,Élysée,2023-06-23,2023-06-25
2636,Conférence,Batignolles-Monceau,2023-10-29,2023-10-30
2637,Festival,Reuilly,2023-12-03,2023-12-05
2638,Festival,Opéra,2023-06-04,2023-06-05
2639,Salon,Buttes-Montmartre,2023-09-03,2023-09-05
2640,Concert,Palais-Bourbon,2023-03-03,2023-03-06
2641,Compétition Sportive,Entrepôt,2023-07-15,2023-07-19
2642,Conférence,Reuilly,2023-03-13,2023-03-17
2643,Salon,Palais-Bourbon,2023-03-31,2023-04-04
2644,Compétition Sportive,Palais-Bourbon,2023-04-07,2023-04-09
2645,Compétition Sportive,Hôtel-de-Ville,2023-05-08,2023-05-11
2646,Conférence,Temple,2023-06-29,2023-07-02
2647,Conférence,Gobelins,2023-06-02,2023-06-06
2648,Salon,Bourse,2023-02-08,2023-02-12
2649,Conférence,Reuilly,2023-07-14,2023-07-18
2650,Compétition Sportive,Opéra,2023-05-27,2023-05-31
2651,Conférence,Élysée,2023-03-12,2023-03-14
2652,Salon,Palais-Bourbon,2023-03-18,2023-03-19
2653,Salon,Panthéon,2023-10-07,2023-10-11
2654,Salon,Gobelins,2023-10-28,2023-10-31
2655,Conférence,Opéra,2023-09-21,2023-09-23
2656,Concert,Hôtel-de-Ville,2023-05-10,2023-05-12
2657,Salon,Panthéon,2023-11-19,2023-11-23
2658,Concert,Passy,2023-06-03,2023-06-06
2659,Festival,Batignolles-Monceau,2023-01-17,2023-01-18
2660,Salon,Popincourt,2023-02-07,2023-02-10
2661,Concert,Bourse,2023-11-19,2023-11-23
2662,Concert,Louvre,2023-02-26,2023-03-02
2663,Compétition Sportive,Temple,2023-06-10,2023-06-12
2664,Concert,Vaugirard,2023-12-16,2023-12-18
2665,Compétition Sportive,Louvre,2023-03-13,2023-03-16
2666,Concert,Vaugirard,2023-12-16,2023-12-17
2667,Concert,Hôtel-de-Ville,2023-11-16,2023-11-19
2668,Festival,Entrepôt,2023-10-06,2023-10-09
2669,Concert,Hôtel-de-Ville,2023-01-12,2023-01-15
2670,Conférence,Opéra,2023-12-25,2023-12-26
2671,Conférence,Batignolles-Monceau,2023-09-08,2023-09-11
2672,Conférence,Batignolles-Monceau,2023-01-08,2023-01-12
2673,Festival,Reuilly,2023-10-21,2023-10-25
2674,Concert,Observatoire,2023-02-02,2023-02-05
2675,Festival,Buttes-Montmartre,2023-12-19,2023-12-21
2676,Concert,Observatoire,2023-10-28,2023-10-30
2677,Compétition Sportive,Buttes-Chaumont,2023-03-16,2023-03-17
2678,Festival,Louvre,2023-12-29,2024-01-02
2679,Conférence,Opéra,2023-08-31,2023-09-01
2680,Conférence,Passy,2023-10-26,2023-10-28
2681,Conférence,Panthéon,2023-10-08,2023-10-11
2682,Concert,Hôtel-de-Ville,2023-01-15,2023-01-16
2683,Concert,Buttes-Montmartre,2023-01-10,2023-01-11
2684,Festival,Batignolles-Monceau,2023-09-29,2023-09-30
2685,Salon,Observatoire,2023-12-21,2023-12-23
2686,Concert,Batignolles-Monceau,2023-04-08,2023-04-11
2687,Salon,Vaugirard,2023-08-01,2023-08-02
2688,Salon,Temple,2023-11-09,2023-11-13
2689,Concert,Bourse,2023-02-15,2023-02-17
2690,Festival,Luxembourg,2023-05-04,2023-05-06
2691,Salon,Reuilly,2023-08-20,2023-08-22
2692,Festival,Opéra,2023-05-09,2023-05-10
2693,Festival,Panthéon,2023-10-08,2023-10-10
2694,Concert,Reuilly,2023-11-08,2023-11-10
2695,Salon,Buttes-Montmartre,2023-02-15,2023-02-18
2696,Festival,Opéra,2023-09-21,2023-09-23
2697,Salon,Temple,2023-02-10,2023-02-11
2698,Festival,Popincourt,2023-05-23,2023-05-25
2699,Concert,Passy,2023-02-13,2023-02-16
2700,Festival,Passy,2023-12-04,2023-12-06
2701,Concert,Palais-Bourbon,2023-09-12,2023-09-13
2702,Concert,Temple,2023-05-09,2023-05-13
2703,Salon,Passy,2023-04-21,2023-04-23
2704,Salon,Observatoire,2023-08-13,2023-08-14
2705,Salon,Luxembourg,2023-07-12,2023-07-14
2706,Compétition Sportive,Opéra,2023-04-27,2023-04-29
2707,Salon,Luxembourg,2023-12-03,2023-12-04
2708,Salon,Élysée,2023-09-12,2023-09-14
2709,Festival,Bourse,2023-09-06,2023-09-07
2710,Compétition Sportive,Buttes-Montmartre,2023-05-18,2023-05-22
2711,Compétition Sportive,Passy,2023-10-25,2023-10-27
2712,Festival,Luxembourg,2023-02-14,2023-02-18
2713,Salon,Popincourt,2023-04-11,2023-04-12
2714,Conférence,Temple,2023-10-10,2023-10-12
2715,Concert,Observatoire,2023-06-16,2023-06-18
2716,Compétition Sportive,Observatoire,2023-10-12,2023-10-14
2717,Festival,Louvre,2023-01-22,2023-01-25
2718,Conférence,Hôtel-de-Ville,2023-12-12,2023-12-14
2719,Concert,Popincourt,2023-12-12,2023-12-15
2720,Conférence,Bourse,2023-06-29,2023-07-03
2721,Salon,Passy,2023-03-26,2023-03-27
2722,Festival,Vaugirard,2023-04-16,2023-04-19
2723,Concert,Reuilly,2023-05-16,2023-05-18
2724,Concert,Opéra,2023-11-18,2023-11-20
2725,Salon,Louvre,2023-08-14,2023-08-17
2726,Salon,Gobelins,2023-07-23,2023-07-26
2727,Salon,Buttes-Chaumont,2023-04-23,2023-04-26
2728,Festival,Bourse,2023-01-18,2023-01-22
2729,Compétition Sportive,Entrepôt,2023-12-03,2023-12-05
2730,Conférence,Popincourt,2023-05-23,2023-05-24
2731,Festival,Passy,2023-09-16,2023-09-19
2732,Festival,Hôtel-de-Ville,2023-12-07,2023-12-08
2733,Conférence,Bourse,2023-03-24,2023-03-27
2734,Concert,Palais-Bourbon,2023-11-11,2023-11-14
2735,Conférence,Entrepôt,2023-07-02,2023-07-06
2736,Salon,Louvre,2023-05-02,2023-05-05
2737,Concert,Bourse,2023-01-11,2023-01-12
2738,Festival,Buttes-Chaumont,2023-06-30,2023-07-02
2739,Conférence,Buttes-Chaumont,2023-11-19,2023-11-21
2740,Festival,Passy,2023-08-08,2023-08-12
2741,Festival,Observatoire,2023-05-17,2023-05-19
2742,Conférence,Luxembourg,2023-11-09,2023-11-11
2743,Festival,Luxembourg,2023-06-15,2023-06-18
2744,Compétition Sportive,Louvre,2023-09-20,2023-09-24
2745,Compétition Sportive,Panthéon,2023-02-03,2023-02-04
2746,Festival,Panthéon,2023-11-15,2023-11-18
2747,Concert,Panthéon,2023-09-22,2023-09-26
2748,Concert,Entrepôt,2023-12-12,2023-12-16
2749,Concert,Observatoire,2023-07-19,2023-07-21
2750,Concert,Vaugirard,2023-10-02,2023-10-04
2751,Compétition Sportive,Vaugirard,2023-06-23,2023-06-27
2752,Concert,Ménilmontant,2023-11-08,2023-11-11
2753,Conférence,Bourse,2023-09-23,2023-09-26
2754,Concert,Vaugirard,2023-04-30,2023-05-02
2755,Conférence,Reuilly,2023-06-20,2023-06-23
2756,Compétition Sportive,Entrepôt,2023-02-09,2023-02-11
2757,Conférence,Louvre,2023-07-02,2023-07-03
2758,Conférence,Gobelins,2023-10-14,2023-10-15
2759,Festival,Ménilmontant,2023-02-16,2023-02-20
2760,Conférence,Luxembourg,2023-10-20,2023-10-23
2761,Festival,Opéra,2023-07-04,2023-07-05
2762,Concert,Vaugirard,2023-03-20,2023-03-22
2763,Conférence,Reuilly,2023-07-04,2023-07-06
2764,Conférence,Reuilly,2023-04-09,2023-04-13
2765,Salon,Élysée,2023-06-06,2023-06-07
2766,Concert,Élysée,2023-02-14,2023-02-16
2767,Conférence,Entrepôt,2023-03-28,2023-04-01
2768,Conférence,Opéra,2023-11-25,2023-11-26
2769,Salon,Ménilmontant,2023-01-02,2023-01-05
2770,Festival,Hôtel-de-Ville,2023-05-26,2023-05-28
2771,Concert,Opéra,2023-09-04,2023-09-08
2772,Salon,Batignolles-Monceau,2023-06-06,2023-06-07
2773,Concert,Reuilly,2023-10-23,2023-10-27
2774,Concert,Vaugirard,2023-01-03,2023-01-06
2775,Festival,Buttes-Chaumont,2023-08-13,2023-08-16
2776,Festival,Panthéon,2023-11-10,2023-11-11
2777,Compétition Sportive,Panthéon,2023-11-23,2023-11-26
2778,Salon,Opéra,2023-12-16,2023-12-19
2779,Salon,Buttes-Chaumont,2023-08-07,2023-08-08
2780,Concert,Batignolles-Monceau,2023-06-15,2023-06-19
2781,Compétition Sportive,Panthéon,2023-06-06,2023-06-10
2782,Compétition Sportive,Buttes-Chaumont,2023-06-08,2023-06-11
2783,Concert,Opéra,2023-05-06,2023-05-08
2784,Festival,Élysée,2023-07-12,2023-07-14
2785,Compétition Sportive,Entrepôt,2023-12-27,2023-12-28
2786,Salon,Opéra,2023-10-26,2023-10-29
2787,Festival,Élysée,2023-06-04,2023-06-05
2788,Conférence,Opéra,2023-06-04,2023-06-07
2789,Compétition Sportive,Popincourt,2023-04-28,2023-05-01
2790,Concert,Hôtel-de-Ville,2023-11-21,2023-11-22
2791,Salon,Observatoire,2023-01-03,2023-01-05
2792,Compétition Sportive,Ménilmontant,2023-06-06,2023-06-09
2793,Concert,Observatoire,2023-12-25,2023-12-29
2794,Salon,Louvre,2023-05-21,2023-05-24
2795,Compétition Sportive,Popincourt,2023-12-19,2023-12-21
2796,Salon,Popincourt,2023-03-01,2023-03-05
2797,Conférence,Passy,2023-03-25,2023-03-29
2798,Salon,Buttes-Montmartre,2023-11-19,2023-11-23
2799,Concert,Bourse,2023-07-17,2023-07-19
2800,Compétition Sportive,Observatoire,2023-12-29,2024-01-02
2801,Concert,Luxembourg,2023-12-03,2023-12-06
2802,Conférence,Louvre,2023-10-30,2023-11-02
2803,Festival,Passy,2023-04-07,2023-04-10
2804,Salon,Buttes-Chaumont,2023-06-10,2023-06-12
2805,Concert,Opéra,2023-01-06,2023-01-09
2806,Compétition Sportive,Louvre,2023-11-30,2023-12-03
2807,Compétition Sportive,Élysée,2023-11-22,2023-11-25
2808,Festival,Hôtel-de-Ville,2023-11-19,2023-11-21
2809,Compétition Sportive,Reuilly,2023-12-23,2023-12-27
2810,Conférence,Palais-Bourbon,2023-10-07,2023-10-10
2811,Festival,Ménilmontant,2023-07-24,2023-07-26
2812,Conférence,Reuilly,2023-11-17,2023-11-21
2813,Salon,Palais-Bourbon,2023-08-31,2023-09-04
2814,Conférence,Vaugirard,2023-06-30,2023-07-01
2815,Salon,Temple,2023-05-08,2023-05-11
2816,Conférence,Luxembourg,2023-04-10,2023-04-14
2817,Festival,Observatoire,2023-10-15,2023-10-16
2818,Salon,Gobelins,2023-03-10,2023-03-14
2819,Conférence,Hôtel-de-Ville,2023-11-23,2023-11-25
2820,Conférence,Vaugirard,2023-08-30,2023-09-02
2821,Compétition Sportive,Bourse,2023-02-14,2023-02-18
2822,Conférence,Reuilly,2023-02-01,2023-02-03
2823,Compétition Sportive,Ménilmontant,2023-01-28,2023-01-30
2824,Conférence,Observatoire,2023-12-19,2023-12-22
2825,Concert,Batignolles-Monceau,2023-08-26,2023-08-30
2826,Compétition Sportive,Louvre,2023-09-27,2023-09-30
2827,Festival,Louvre,2023-05-21,2023-05-23
2828,Festival,Bourse,2023-06-17,2023-06-18
2829,Salon,Bourse,2023-04-23,2023-04-27
2830,Festival,Entrepôt,2023-04-23,2023-04-27
2831,Salon,Popincourt,2023-10-13,2023-10-16
2832,Festival,Opéra,2023-02-03,2023-02-07
2833,Compétition Sportive,Ménilmontant,2023-02-15,2023-02-17
2834,Concert,Hôtel-de-Ville,2023-01-01,2023-01-05
2835,Salon,Luxembourg,2023-07-06,2023-07-09
2836,Concert,Palais-Bourbon,2023-06-19,2023-06-22
2837,Conférence,Opéra,2023-08-30,2023-09-01
2838,Conférence,Buttes-Chaumont,2023-10-02,2023-10-04
2839,Concert,Observatoire,2023-01-23,2023-01-24
2840,Compétition Sportive,Buttes-Montmartre,2023-03-07,2023-03-10
2841,Concert,Batignolles-Monceau,2023-03-27,2023-03-28
2842,Concert,Bourse,2023-07-19,2023-07-20
2843,Concert,Gobelins,2023-03-28,2023-04-01
2844,Salon,Observatoire,2023-11-24,2023-11-25
2845,Salon,Panthéon,2023-12-11,2023-12-12
2846,Concert,Élysée,2023-08-15,2023-08-16
2847,Compétition Sportive,Vaugirard,2023-04-21,2023-04-22
2848,Conférence,Temple,2023-05-19,2023-05-20
2849,Conférence,Entrepôt,2023-10-24,2023-10-26
2850,Conférence,Bourse,2023-08-23,2023-08-24
2851,Festival,Buttes-Chaumont,2023-09-19,2023-09-21
2852,Compétition Sportive,Hôtel-de-Ville,2023-12-28,2023-12-30
2853,Salon,Bourse,2023-10-28,2023-11-01
2854,Conférence,Louvre,2023-07-28,2023-07-30
2855,Salon,Bourse,2023-08-16,2023-08-18
2856,Salon,Opéra,2023-07-04,2023-07-06
2857,Salon,Bourse,2023-03-23,2023-03-26
2858,Salon,Buttes-Chaumont,2023-06-10,2023-06-12
2859,Concert,Ménilmontant,2023-07-08,2023-07-11
2860,Salon,Palais-Bourbon,2023-01-18,2023-01-21
2861,Festival,Reuilly,2023-01-07,2023-01-11
2862,Salon,Entrepôt,2023-10-12,2023-10-14
2863,Conférence,Bourse,2023-07-16,2023-07-18
2864,Salon,Reuilly,2023-08-11,2023-08-13
2865,Conférence,Passy,2023-03-15,2023-03-19
2866,Salon,Louvre,2023-01-16,2023-01-19
2867,Compétition Sportive,Passy,2023-09-17,2023-09-20
2868,Concert,Temple,2023-03-06,2023-03-10
2869,Conférence,Ménilmontant,2023-03-13,2023-03-14
2870,Festival,Ménilmontant,2023-05-09,2023-05-11
2871,Salon,Observatoire,2023-08-08,2023-08-09
2872,Conférence,Palais-Bourbon,2023-05-11,2023-05-14
2873,Concert,Vaugirard,2023-03-05,2023-03-08
2874,Salon,Bourse,2023-08-30,2023-09-02
2875,Concert,Luxembourg,2023-03-07,2023-03-08
2876,Festival,Reuilly,2023-03-30,2023-03-31
2877,Conférence,Popincourt,2023-11-09,2023-11-11
2878,Festival,Palais-Bourbon,2023-12-23,2023-12-24
2879,Concert,Hôtel-de-Ville,2023-10-01,2023-10-05
2880,Compétition Sportive,Entrepôt,2023-04-16,2023-04-20
2881,Compétition Sportive,Entrepôt,2023-02-08,2023-02-10
2882,Conférence,Élysée,2023-05-04,2023-05-06
2883,Salon,Reuilly,2023-05-01,2023-05-02
2884,Festival,Bourse,2023-03-25,2023-03-26
2885,Compétition Sportive,Panthéon,2023-07-28,2023-07-30
2886,Compétition Sportive,Louvre,2023-09-20,2023-09-21
2887,Salon,Hôtel-de-Ville,2023-04-22,2023-04-24
2888,Festival,Popincourt,2023-03-09,2023-03-12
2889,Concert,Observatoire,2023-10-19,2023-10-22
2890,Compétition Sportive,Buttes-Chaumont,2023-08-10,2023-08-12
2891,Conférence,Hôtel-de-Ville,2023-01-01,2023-01-04
2892,Conférence,Temple,2023-09-04,2023-09-05
2893,Concert,Entrepôt,2023-10-18,2023-10-22
2894,Salon,Passy,2023-03-17,2023-03-19
2895,Salon,Entrepôt,2023-03-21,2023-03-23
2896,Compétition Sportive,Panthéon,2023-06-05,2023-06-08
2897,Compétition Sportive,Entrepôt,2023-10-15,2023-10-17
2898,Compétition Sportive,Batignolles-Monceau,2023-08-26,2023-08-29
2899,Concert,Panthéon,2023-10-18,2023-10-20
2900,Concert,Passy,2023-01-19,2023-01-20
2901,Compétition Sportive,Bourse,2023-04-03,2023-04-06
2902,Salon,Louvre,2023-04-03,2023-04-07
2903,Festival,Élysée,2023-03-21,2023-03-22
2904,Compétition Sportive,Buttes-Montmartre,2023-09-17,2023-09-19
2905,Salon,Palais-Bourbon,2023-04-23,2023-04-26
2906,Salon,Observatoire,2023-04-25,2023-04-26
2907,Conférence,Bourse,2023-06-21,2023-06-23
2908,Festival,Passy,2023-03-03,2023-03-06
2909,Compétition Sportive,Luxembourg,2023-05-09,2023-05-10
2910,Festival,Gobelins,2023-12-05,2023-12-08
2911,Compétition Sportive,Popincourt,2023-11-03,2023-11-05
2912,Festival,Observatoire,2023-04-26,2023-04-27
2913,Festival,Passy,2023-04-18,2023-04-20
2914,Salon,Buttes-Montmartre,2023-08-06,2023-08-07
2915,Festival,Batignolles-Monceau,2023-07-23,2023-07-25
2916,Festival,Buttes-Montmartre,2023-05-25,2023-05-27
2917,Compétition Sportive,Buttes-Montmartre,2023-02-06,2023-02-09
2918,Salon,Palais-Bourbon,2023-02-05,2023-02-08
2919,Festival,Observatoire,2023-11-21,2023-11-22
2920,Salon,Buttes-Chaumont,2023-04-12,2023-04-13
2921,Salon,Louvre,2023-05-11,2023-05-13
2922,Concert,Buttes-Chaumont,2023-11-29,2023-12-02
2923,Compétition Sportive,Batignolles-Monceau,2023-07-16,2023-07-18
2924,Concert,Élysée,2023-12-27,2023-12-29
2925,Salon,Vaugirard,2023-10-06,2023-10-07
2926,Festival,Entrepôt,2023-02-16,2023-02-20
2927,Compétition Sportive,Popincourt,2023-08-02,2023-08-04
2928,Conférence,Observatoire,2023-02-03,2023-02-05
2929,Compétition Sportive,Batignolles-Monceau,2023-10-24,2023-10-27
2930,Concert,Entrepôt,2023-08-06,2023-08-10
2931,Compétition Sportive,Observatoire,2023-10-30,2023-11-03
2932,Festival,Reuilly,2023-06-08,2023-06-10
2933,Compétition Sportive,Passy,2023-02-04,2023-02-06
2934,Conférence,Passy,2023-10-28,2023-11-01
2935,Concert,Vaugirard,2023-11-09,2023-11-11
2936,Concert,Bourse,2023-08-12,2023-08-16
2937,Salon,Palais-Bourbon,2023-04-27,2023-04-28
2938,Concert,Reuilly,2023-04-21,2023-04-24
2939,Conférence,Batignolles-Monceau,2023-11-22,2023-11-23
2940,Conférence,Gobelins,2023-05-29,2023-05-30
2941,Concert,Observatoire,2023-08-25,2023-08-28
2942,Compétition Sportive,Palais-Bourbon,2023-12-25,2023-12-26
2943,Conférence,Luxembourg,2023-02-18,2023-02-20
2944,Concert,Élysée,2023-02-16,2023-02-17
2945,Concert,Vaugirard,2023-04-11,2023-04-12
2946,Compétition Sportive,Luxembourg,2023-09-23,2023-09-25
2947,Concert,Bourse,2023-03-27,2023-03-29
2948,Festival,Ménilmontant,2023-08-25,2023-08-26
2949,Salon,Élysée,2023-12-21,2023-12-22
2950,Conférence,Buttes-Montmartre,2023-10-21,2023-10-23
2951,Compétition Sportive,Observatoire,2023-02-05,2023-02-08
2952,Compétition Sportive,Opéra,2023-11-12,2023-11-14
2953,Salon,Popincourt,2023-07-15,2023-07-18
2954,Festival,Panthéon,2023-08-25,2023-08-27
2955,Salon,Élysée,2023-03-15,2023-03-17
2956,Concert,Batignolles-Monceau,2023-12-18,2023-12-21
2957,Compétition Sportive,Temple,2023-11-26,2023-11-29
2958,Concert,Panthéon,2023-08-23,2023-08-26
2959,Compétition Sportive,Gobelins,2023-11-26,2023-11-27
2960,Compétition Sportive,Buttes-Chaumont,2023-04-24,2023-04-27
2961,Concert,Batignolles-Monceau,2023-08-19,2023-08-21
2962,Salon,Gobelins,2023-05-17,2023-05-19
2963,Conférence,Buttes-Chaumont,2023-01-13,2023-01-17
2964,Conférence,Batignolles-Monceau,2023-07-04,2023-07-06
2965,Salon,Buttes-Chaumont,2023-03-23,2023-03-27
2966,Festival,Batignolles-Monceau,2023-11-09,2023-11-10
2967,Salon,Hôtel-de-Ville,2023-06-14,2023-06-17
2968,Salon,Gobelins,2023-01-11,2023-01-14
2969,Salon,Buttes-Montmartre,2023-01-06,2023-01-10
2970,Conférence,Louvre,2023-06-24,2023-06-25
2971,Compétition Sportive,Observatoire,2023-10-12,2023-10-16
2972,Festival,Palais-Bourbon,2023-04-13,2023-04-16
2973,Festival,Louvre,2023-05-23,2023-05-25
2974,Festival,Opéra,2023-07-03,2023-07-06
2975,Concert,Hôtel-de-Ville,2023-11-21,2023-11-22
2976,Salon,Temple,2023-12-08,2023-12-09
2977,Compétition Sportive,Observatoire,2023-06-08,2023-06-12
2978,Compétition Sportive,Ménilmontant,2023-10-02,2023-10-05
2979,Concert,Temple,2023-08-31,2023-09-01
2980,Conférence,Louvre,2023-05-26,2023-05-29
2981,Concert,Palais-Bourbon,2023-07-05,2023-07-08
2982,Concert,Entrepôt,2023-07-17,2023-07-21
2983,Salon,Vaugirard,2023-07-20,2023-07-22
2984,Conférence,Ménilmontant,2023-01-30,2023-02-02
2985,Concert,Entrepôt,2023-08-11,2023-08-14
2986,Compétition Sportive,Hôtel-de-Ville,2023-06-12,2023-06-14
2987,Salon,Buttes-Montmartre,2023-01-17,2023-01-21
2988,Conférence,Opéra,2023-08-22,2023-08-24
2989,Compétition Sportive,Hôtel-de-Ville,2023-08-13,2023-08-16
2990,Festival,Observatoire,2023-11-20,2023-11-24
2991,Salon,Gobelins,2023-09-11,2023-09-13
2992,Compétition Sportive,Bourse,2023-10-16,2023-10-20
2993,Concert,Panthéon,2023-08-30,2023-08-31
2994,Concert,Vaugirard,2023-09-01,2023-09-05
2995,Salon,Élysée,2023-10-19,2023-10-22
2996,Conférence,Gobelins,2023-09-24,2023-09-25
2997,Concert,Élysée,2023-07-07,2023-07-10
2998,Compétition Sportive,Hôtel-de-Ville,2023-04-30,2023-05-04
2999,Festival,Élysée,2023-09-17,2023-09-19
3000,Conférence,Opéra,2023-07-10,2023-07-14
3001,Salon,Louvre,2023-08-31,2023-09-04
3002,Concert,Buttes-Chaumont,2023-12-22,2023-12-24
3003,Conférence,Vaugirard,2023-01-05,2023-01-09
3004,Festival,Entrepôt,2023-07-11,2023-07-13
3005,Conférence,Panthéon,2023-12-07,2023-12-10
3006,Conférence,Passy,2023-07-24,2023-07-25
3007,Salon,Hôtel-de-Ville,2023-05-12,2023-05-15
3008,Festival,Passy,2023-04-24,2023-04-25
3009,Festival,Opéra,2023-10-18,2023-10-20
3010,Conférence,Ménilmontant,2023-01-26,2023-01-27
3011,Concert,Buttes-Montmartre,2023-06-03,2023-06-06
3012,Conférence,Gobelins,2023-01-19,2023-01-23
3013,Compétition Sportive,Observatoire,2023-02-06,2023-02-10
3014,Concert,Observatoire,2023-05-19,2023-05-22
3015,Salon,Temple,2023-03-07,2023-03-09
3016,Festival,Passy,2023-01-31,2023-02-03
3017,Concert,Palais-Bourbon,2023-07-22,2023-07-26
3018,Salon,Batignolles-Monceau,2023-02-13,2023-02-14
3019,Conférence,Temple,2023-09-29,2023-09-30
3020,Salon,Temple,2023-01-02,2023-01-04
3021,Compétition Sportive,Batignolles-Monceau,2023-02-28,2023-03-02
3022,Salon,Luxembourg,2023-09-03,2023-09-04
3023,Concert,Buttes-Montmartre,2023-06-25,2023-06-29
3024,Festival,Palais-Bourbon,2023-06-13,2023-06-14
3025,Concert,Louvre,2023-09-21,2023-09-24
3026,Concert,Luxembourg,2023-02-05,2023-02-06
3027,Festival,Ménilmontant,2023-04-17,2023-04-20
3028,Compétition Sportive,Popincourt,2023-01-25,2023-01-28
3029,Concert,Panthéon,2023-08-24,2023-08-28
3030,Festival,Opéra,2023-09-17,2023-09-20
3031,Festival,Luxembourg,2023-04-19,2023-04-22
3032,Concert,Louvre,2023-06-20,2023-06-22
3033,Festival,Buttes-Chaumont,2023-06-04,2023-06-07
3034,Conférence,Reuilly,2023-04-19,2023-04-22
3035,Concert,Élysée,2023-04-30,2023-05-03
3036,Compétition Sportive,Élysée,2023-08-05,2023-08-08
3037,Conférence,Élysée,2023-05-25,2023-05-29
3038,Compétition Sportive,Observatoire,2023-12-07,2023-12-08
3039,Concert,Buttes-Montmartre,2023-12-01,2023-12-02
3040,Salon,Observatoire,2023-04-22,2023-04-23
3041,Festival,Ménilmontant,2023-04-27,2023-04-30
3042,Conférence,Batignolles-Monceau,2023-01-24,2023-01-26
3043,Concert,Reuilly,2023-09-20,2023-09-22
3044,Festival,Passy,2023-04-27,2023-04-30
3045,Salon,Temple,2023-03-04,2023-03-08
3046,Compétition Sportive,Bourse,2023-09-09,2023-09-11
3047,Concert,Buttes-Chaumont,2023-08-18,2023-08-22
3048,Concert,Passy,2023-05-30,2023-05-31
3049,Salon,Reuilly,2023-04-16,2023-04-17
3050,Compétition Sportive,Temple,2023-06-30,2023-07-02
3051,Concert,Temple,2023-11-26,2023-11-28
3052,Festival,Élysée,2023-09-25,2023-09-28
3053,Salon,Opéra,2023-04-14,2023-04-18
3054,Concert,Buttes-Chaumont,2023-10-05,2023-10-06
3055,Compétition Sportive,Panthéon,2023-06-16,2023-06-18
3056,Conférence,Palais-Bourbon,2023-02-16,2023-02-20
3057,Concert,Louvre,2023-02-13,2023-02-15
3058,Compétition Sportive,Passy,2023-01-16,2023-01-19
3059,Salon,Élysée,2023-11-11,2023-11-15
3060,Compétition Sportive,Bourse,2023-02-03,2023-02-04
3061,Compétition Sportive,Panthéon,2023-07-27,2023-07-29
3062,Salon,Popincourt,2023-02-24,2023-02-28
3063,Conférence,Entrepôt,2023-09-10,2023-09-13
3064,Festival,Bourse,2023-03-15,2023-03-19
3065,Conférence,Temple,2023-01-24,2023-01-27
3066,Festival,Buttes-Chaumont,2023-04-21,2023-04-23
3067,Festival,Temple,2023-08-30,2023-09-02
3068,Festival,Panthéon,2023-08-28,2023-08-29
3069,Concert,Hôtel-de-Ville,2023-05-10,2023-05-14
3070,Conférence,Bourse,2023-06-08,2023-06-09
3071,Compétition Sportive,Opéra,2023-03-04,2023-03-06
3072,Concert,Buttes-Montmartre,2023-02-16,2023-02-17
3073,Salon,Luxembourg,2023-09-12,2023-09-13
3074,Salon,Reuilly,2023-01-19,2023-01-23
3075,Festival,Élysée,2023-02-25,2023-02-26
3076,Concert,Ménilmontant,2023-01-11,2023-01-15
3077,Concert,Ménilmontant,2023-12-08,2023-12-10
3078,Salon,Observatoire,2023-08-11,2023-08-12
3079,Compétition Sportive,Reuilly,2023-03-15,2023-03-19
3080,Conférence,Bourse,2023-05-14,2023-05-17
3081,Conférence,Buttes-Montmartre,2023-06-08,2023-06-12
3082,Festival,Passy,2023-08-31,2023-09-01
3083,Festival,Observatoire,2023-04-09,2023-04-10
3084,Festival,Luxembourg,2023-11-02,2023-11-06
3085,Salon,Luxembourg,2023-12-26,2023-12-30
3086,Salon,Popincourt,2023-09-07,2023-09-11
3087,Conférence,Élysée,2023-01-29,2023-01-30
3088,Festival,Observatoire,2023-10-04,2023-10-06
3089,Concert,Élysée,2023-06-18,2023-06-20
3090,Compétition Sportive,Hôtel-de-Ville,2023-11-21,2023-11-24
3091,Salon,Ménilmontant,2023-07-16,2023-07-17
3092,Festival,Popincourt,2023-03-29,2023-03-30
3093,Festival,Passy,2023-12-01,2023-12-02
3094,Salon,Luxembourg,2023-10-11,2023-10-15
3095,Conférence,Louvre,2023-06-11,2023-06-12
3096,Conférence,Louvre,2023-02-25,2023-03-01
3097,Conférence,Panthéon,2023-07-02,2023-07-05
3098,Conférence,Temple,2023-08-02,2023-08-05
3099,Concert,Luxembourg,2023-01-29,2023-01-30
3100,Festival,Ménilmontant,2023-01-03,2023-01-04
3101,Conférence,Luxembourg,2023-11-21,2023-11-24
3102,Conférence,Opéra,2023-09-24,2023-09-25
3103,Compétition Sportive,Opéra,2023-09-11,2023-09-12
3104,Compétition Sportive,Élysée,2023-06-25,2023-06-26
3105,Festival,Popincourt,2023-04-15,2023-04-17
3106,Salon,Luxembourg,2023-11-05,2023-11-06
3107,Conférence,Popincourt,2023-11-08,2023-11-10
3108,Concert,Bourse,2023-06-03,2023-06-07
3109,Compétition Sportive,Gobelins,2023-12-30,2023-12-31
3110,Conférence,Passy,2023-07-12,2023-07-13
3111,Salon,Louvre,2023-12-24,2023-12-26
3112,Concert,Vaugirard,2023-02-25,2023-03-01
3113,Compétition Sportive,Buttes-Montmartre,2023-10-11,2023-10-13
3114,Salon,Luxembourg,2023-05-31,2023-06-04
3115,Salon,Temple,2023-07-08,2023-07-10
3116,Concert,Observatoire,2023-03-23,2023-03-25
3117,Concert,Entrepôt,2023-01-16,2023-01-19
3118,Compétition Sportive,Reuilly,2023-07-06,2023-07-08
3119,Concert,Palais-Bourbon,2023-08-22,2023-08-25
3120,Conférence,Batignolles-Monceau,2023-06-25,2023-06-26
3121,Concert,Observatoire,2023-09-30,2023-10-01
3122,Salon,Vaugirard,2023-02-04,2023-02-07
3123,Concert,Opéra,2023-04-05,2023-04-06
3124,Compétition Sportive,Opéra,2023-08-04,2023-08-05
3125,Conférence,Entrepôt,2023-06-18,2023-06-22
3126,Concert,Buttes-Chaumont,2023-10-20,2023-10-23
3127,Conférence,Buttes-Chaumont,2023-04-23,2023-04-24
3128,Concert,Palais-Bourbon,2023-01-30,2023-02-01
3129,Conférence,Passy,2023-12-04,2023-12-06
3130,Concert,Batignolles-Monceau,2023-08-07,2023-08-11
3131,Concert,Batignolles-Monceau,2023-12-27,2023-12-29
3132,Festival,Observatoire,2023-02-16,2023-02-19
3133,Salon,Ménilmontant,2023-10-11,2023-10-12
3134,Compétition Sportive,Buttes-Montmartre,2023-02-10,2023-02-12
3135,Compétition Sportive,Élysée,2023-09-10,2023-09-14
3136,Festival,Passy,2023-10-28,2023-11-01
3137,Concert,Bourse,2023-12-19,2023-12-22
3138,Salon,Popincourt,2023-04-22,2023-04-25
3139,Conférence,Opéra,2023-07-20,2023-07-24
3140,Festival,Louvre,2023-08-04,2023-08-06
3141,Compétition Sportive,Louvre,2023-05-21,2023-05-22
3142,Compétition Sportive,Luxembourg,2023-08-10,2023-08-14
3143,Compétition Sportive,Gobelins,2023-06-20,2023-06-21
3144,Concert,Palais-Bourbon,2023-08-13,2023-08-17
3145,Conférence,Bourse,2023-04-29,2023-05-02
3146,Conférence,Observatoire,2023-04-20,2023-04-23
3147,Conférence,Buttes-Montmartre,2023-02-27,2023-03-03
3148,Concert,Ménilmontant,2023-10-03,2023-10-06
3149,Compétition Sportive,Louvre,2023-04-24,2023-04-26
3150,Compétition Sportive,Opéra,2023-07-10,2023-07-14
3151,Concert,Buttes-Chaumont,2023-01-01,2023-01-02
3152,Salon,Buttes-Montmartre,2023-01-23,2023-01-25
3153,Concert,Reuilly,2023-02-02,2023-02-03
3154,Concert,Popincourt,2023-07-04,2023-07-08
3155,Compétition Sportive,Passy,2023-07-28,2023-07-31
3156,Conférence,Temple,2023-07-01,2023-07-02
3157,Compétition Sportive,Popincourt,2023-04-05,2023-04-07
3158,Salon,Reuilly,2023-05-03,2023-05-06
3159,Festival,Observatoire,2023-06-08,2023-06-09
3160,Festival,Reuilly,2023-09-03,2023-09-05
3161,Concert,Buttes-Chaumont,2023-06-14,2023-06-17
3162,Festival,Observatoire,2023-12-23,2023-12-24
3163,Conférence,Observatoire,2023-09-05,2023-09-06
3164,Compétition Sportive,Buttes-Montmartre,2023-09-02,2023-09-04
3165,Salon,Passy,2023-09-14,2023-09-17
3166,Salon,Observatoire,2023-05-26,2023-05-30
3167,Salon,Gobelins,2023-10-22,2023-10-23
3168,Compétition Sportive,Palais-Bourbon,2023-10-09,2023-10-12
3169,Conférence,Luxembourg,2023-11-27,2023-11-30
3170,Salon,Passy,2023-07-12,2023-07-14
3171,Festival,Buttes-Chaumont,2023-05-05,2023-05-08
3172,Conférence,Entrepôt,2023-05-05,2023-05-08
3173,Conférence,Entrepôt,2023-02-26,2023-02-27
3174,Conférence,Temple,2023-07-16,2023-07-18
3175,Salon,Temple,2023-08-02,2023-08-05
3176,Conférence,Palais-Bourbon,2023-01-17,2023-01-19
3177,Salon,Batignolles-Monceau,2023-12-24,2023-12-28
3178,Festival,Opéra,2023-07-18,2023-07-22
3179,Festival,Temple,2023-09-25,2023-09-28
3180,Festival,Buttes-Montmartre,2023-10-21,2023-10-22
3181,Festival,Passy,2023-08-03,2023-08-04
3182,Conférence,Ménilmontant,2023-06-25,2023-06-27
3183,Conférence,Gobelins,2023-11-06,2023-11-08
3184,Salon,Buttes-Chaumont,2023-03-13,2023-03-16
3185,Festival,Batignolles-Monceau,2023-01-15,2023-01-18
3186,Concert,Buttes-Montmartre,2023-01-30,2023-02-03
3187,Festival,Buttes-Chaumont,2023-02-24,2023-02-28
3188,Compétition Sportive,Bourse,2023-03-14,2023-03-15
3189,Concert,Entrepôt,2023-04-19,2023-04-23
3190,Compétition Sportive,Entrepôt,2023-05-29,2023-05-30
3191,Concert,Temple,2023-08-24,2023-08-25
3192,Salon,Élysée,2023-11-12,2023-11-13
3193,Conférence,Palais-Bourbon,2023-05-16,2023-05-19
3194,Salon,Batignolles-Monceau,2023-06-24,2023-06-27
3195,Concert,Reuilly,2023-09-05,2023-09-09
3196,Festival,Hôtel-de-Ville,2023-11-25,2023-11-28
3197,Salon,Entrepôt,2023-01-26,2023-01-27
3198,Concert,Popincourt,2023-03-25,2023-03-28
3199,Festival,Hôtel-de-Ville,2023-08-18,2023-08-20
3200,Conférence,Opéra,2023-05-03,2023-05-07
3201,Concert,Reuilly,2023-11-22,2023-11-23
3202,Compétition Sportive,Observatoire,2023-06-11,2023-06-14
3203,Compétition Sportive,Buttes-Montmartre,2023-03-01,2023-03-04
3204,Compétition Sportive,Entrepôt,2023-05-31,2023-06-01
3205,Festival,Louvre,2023-09-10,2023-09-14
3206,Festival,Ménilmontant,2023-08-13,2023-08-16
3207,Salon,Luxembourg,2023-05-05,2023-05-07
3208,Festival,Vaugirard,2023-03-26,2023-03-28
3209,Concert,Louvre,2023-06-18,2023-06-19
3210,Compétition Sportive,Popincourt,2023-12-12,2023-12-15
3211,Conférence,Palais-Bourbon,2023-03-10,2023-03-14
3212,Compétition Sportive,Observatoire,2023-09-07,2023-09-09
3213,Concert,Vaugirard,2023-07-02,2023-07-06
3214,Conférence,Opéra,2023-03-14,2023-03-17
3215,Salon,Gobelins,2023-02-14,2023-02-16
3216,Festival,Luxembourg,2023-03-02,2023-03-06
3217,Concert,Popincourt,2023-06-29,2023-07-01
3218,Festival,Observatoire,2023-12-03,2023-12-07
3219,Salon,Popincourt,2023-09-13,2023-09-15
3220,Conférence,Opéra,2023-12-26,2023-12-27
3221,Concert,Opéra,2023-04-21,2023-04-24
3222,Conférence,Ménilmontant,2023-01-19,2023-01-20
3223,Concert,Gobelins,2023-09-21,2023-09-23
3224,Salon,Hôtel-de-Ville,2023-07-17,2023-07-21
3225,Salon,Vaugirard,2023-05-14,2023-05-15
3226,Salon,Batignolles-Monceau,2023-07-19,2023-07-20
3227,Festival,Batignolles-Monceau,2023-03-29,2023-04-01
3228,Compétition Sportive,Buttes-Montmartre,2023-03-01,2023-03-02
3229,Conférence,Reuilly,2023-05-05,2023-05-08
3230,Concert,Entrepôt,2023-06-29,2023-07-01
3231,Conférence,Panthéon,2023-12-13,2023-12-14
3232,Compétition Sportive,Élysée,2023-12-10,2023-12-12
3233,Festival,Panthéon,2023-06-15,2023-06-17
3234,Festival,Observatoire,2023-11-21,2023-11-25
3235,Compétition Sportive,Ménilmontant,2023-05-24,2023-05-25
3236,Concert,Buttes-Montmartre,2023-02-08,2023-02-12
3237,Compétition Sportive,Observatoire,2023-12-19,2023-12-21
3238,Festival,Ménilmontant,2023-07-21,2023-07-25
3239,Festival,Observatoire,2023-02-20,2023-02-21
3240,Conférence,Élysée,2023-04-26,2023-04-30
3241,Concert,Hôtel-de-Ville,2023-03-24,2023-03-27
3242,Concert,Ménilmontant,2023-04-25,2023-04-29
3243,Festival,Passy,2023-10-24,2023-10-26
3244,Compétition Sportive,Passy,2023-03-26,2023-03-29
3245,Festival,Vaugirard,2023-07-14,2023-07-16
3246,Conférence,Vaugirard,2023-02-28,2023-03-04
3247,Compétition Sportive,Ménilmontant,2023-09-02,2023-09-05
3248,Festival,Gobelins,2023-12-14,2023-12-16
3249,Concert,Popincourt,2023-08-21,2023-08-24
3250,Conférence,Ménilmontant,2023-05-27,2023-05-31
3251,Festival,Panthéon,2023-12-02,2023-12-06
3252,Festival,Batignolles-Monceau,2023-03-03,2023-03-05
3253,Salon,Entrepôt,2023-06-30,2023-07-01
3254,Compétition Sportive,Observatoire,2023-09-21,2023-09-25
3255,Salon,Popincourt,2023-10-29,2023-10-31
3256,Concert,Hôtel-de-Ville,2023-12-24,2023-12-28
3257,Compétition Sportive,Observatoire,2023-05-20,2023-05-22
3258,Conférence,Entrepôt,2023-03-29,2023-03-30
3259,Compétition Sportive,Panthéon,2023-03-06,2023-03-09
3260,Festival,Bourse,2023-01-23,2023-01-26
3261,Festival,Observatoire,2023-10-22,2023-10-24
3262,Festival,Temple,2023-03-01,2023-03-03
3263,Compétition Sportive,Opéra,2023-02-13,2023-02-17
3264,Festival,Buttes-Montmartre,2023-08-24,2023-08-25
3265,Festival,Palais-Bourbon,2023-03-11,2023-03-15
3266,Salon,Observatoire,2023-02-03,2023-02-04
3267,Festival,Reuilly,2023-01-25,2023-01-26
3268,Salon,Passy,2023-02-17,2023-02-20
3269,Concert,Louvre,2023-11-17,2023-11-18
3270,Compétition Sportive,Opéra,2023-12-24,2023-12-26
3271,Salon,Popincourt,2023-05-18,2023-05-19
3272,Compétition Sportive,Louvre,2023-07-20,2023-07-21
3273,Compétition Sportive,Opéra,2023-10-01,2023-10-03
3274,Conférence,Buttes-Montmartre,2023-07-07,2023-07-10
3275,Salon,Élysée,2023-11-25,2023-11-28
3276,Festival,Buttes-Montmartre,2023-02-14,2023-02-15
3277,Conférence,Palais-Bourbon,2023-06-03,2023-06-04
3278,Salon,Batignolles-Monceau,2023-12-28,2024-01-01
3279,Salon,Panthéon,2023-02-05,2023-02-07
3280,Concert,Batignolles-Monceau,2023-05-23,2023-05-26
3281,Festival,Hôtel-de-Ville,2023-09-08,2023-09-12
3282,Concert,Entrepôt,2023-05-10,2023-05-11
3283,Compétition Sportive,Reuilly,2023-08-18,2023-08-19
3284,Festival,Élysée,2023-12-17,2023-12-21
3285,Concert,Louvre,2023-01-20,2023-01-21
3286,Concert,Batignolles-Monceau,2023-06-16,2023-06-18
3287,Festival,Louvre,2023-10-28,2023-11-01
3288,Salon,Buttes-Chaumont,2023-06-03,2023-06-04
3289,Compétition Sportive,Opéra,2023-07-16,2023-07-20
3290,Conférence,Opéra,2023-03-09,2023-03-11
3291,Conférence,Entrepôt,2023-12-08,2023-12-11
3292,Conférence,Élysée,2023-03-11,2023-03-13
3293,Compétition Sportive,Temple,2023-08-17,2023-08-20
3294,Festival,Vaugirard,2023-04-28,2023-05-02
3295,Festival,Vaugirard,2023-10-14,2023-10-18
3296,Festival,Buttes-Montmartre,2023-07-16,2023-07-18
3297,Conférence,Entrepôt,2023-11-21,2023-11-22
3298,Salon,Temple,2023-09-17,2023-09-21
3299,Concert,Observatoire,2023-08-07,2023-08-08
3300,Conférence,Hôtel-de-Ville,2023-07-20,2023-07-23
3301,Compétition Sportive,Luxembourg,2023-02-06,2023-02-07
3302,Festival,Élysée,2023-04-28,2023-04-29
3303,Concert,Passy,2023-01-02,2023-01-03
3304,Festival,Louvre,2023-06-26,2023-06-29
3305,Festival,Opéra,2023-08-19,2023-08-23
3306,Festival,Buttes-Chaumont,2023-09-30,2023-10-04
3307,Salon,Luxembourg,2023-01-17,2023-01-19
3308,Concert,Bourse,2023-11-03,2023-11-05
3309,Conférence,Bourse,2023-01-28,2023-01-31
3310,Salon,Bourse,2023-02-15,2023-02-18
3311,Compétition Sportive,Entrepôt,2023-12-31,2024-01-01
3312,Compétition Sportive,Entrepôt,2023-05-07,2023-05-11
3313,Conférence,Temple,2023-04-16,2023-04-18
3314,Concert,Passy,2023-08-03,2023-08-06
3315,Conférence,Batignolles-Monceau,2023-03-28,2023-03-30
3316,Salon,Palais-Bourbon,2023-12-24,2023-12-28
3317,Concert,Vaugirard,2023-02-18,2023-02-22
3318,Compétition Sportive,Buttes-Chaumont,2023-01-27,2023-01-30
3319,Concert,Palais-Bourbon,2023-07-09,2023-07-12
3320,Concert,Luxembourg,2023-09-24,2023-09-25
3321,Concert,Batignolles-Monceau,2023-05-04,2023-05-08
3322,Conférence,Palais-Bourbon,2023-06-21,2023-06-23
3323,Festival,Gobelins,2023-12-30,2024-01-01
3324,Salon,Ménilmontant,2023-08-07,2023-08-10
3325,Concert,Opéra,2023-10-19,2023-10-23
3326,Concert,Élysée,2023-05-24,2023-05-27
3327,Conférence,Panthéon,2023-11-12,2023-11-15
3328,Salon,Palais-Bourbon,2023-04-07,2023-04-10
3329,Salon,Observatoire,2023-01-22,2023-01-26
3330,Compétition Sportive,Bourse,2023-07-25,2023-07-26
3331,Salon,Vaugirard,2023-03-18,2023-03-19
3332,Salon,Popincourt,2023-08-02,2023-08-05
3333,Concert,Vaugirard,2023-02-07,2023-02-08
3334,Festival,Louvre,2023-03-06,2023-03-08
3335,Concert,Buttes-Montmartre,2023-06-28,2023-06-30
3336,Conférence,Luxembourg,2023-12-08,2023-12-11
3337,Salon,Buttes-Chaumont,2023-05-31,2023-06-01
3338,Festival,Batignolles-Monceau,2023-09-28,2023-09-29
3339,Concert,Popincourt,2023-12-30,2024-01-02
3340,Compétition Sportive,Opéra,2023-12-01,2023-12-02
3341,Conférence,Louvre,2023-10-14,2023-10-16
3342,Conférence,Bourse,2023-11-19,2023-11-21
3343,Conférence,Palais-Bourbon,2023-06-02,2023-06-06
3344,Concert,Élysée,2023-10-16,2023-10-18
3345,Festival,Buttes-Montmartre,2023-04-07,2023-04-09
3346,Festival,Palais-Bourbon,2023-12-14,2023-12-17
3347,Salon,Hôtel-de-Ville,2023-11-05,2023-11-06
3348,Festival,Opéra,2023-05-24,2023-05-25
3349,Compétition Sportive,Reuilly,2023-08-23,2023-08-27
3350,Conférence,Vaugirard,2023-05-19,2023-05-21
3351,Concert,Luxembourg,2023-09-25,2023-09-26
3352,Conférence,Louvre,2023-10-04,2023-10-06
3353,Conférence,Popincourt,2023-05-22,2023-05-25
3354,Compétition Sportive,Popincourt,2023-10-16,2023-10-19
3355,Conférence,Reuilly,2023-05-29,2023-06-01
3356,Conférence,Popincourt,2023-02-04,2023-02-08
3357,Compétition Sportive,Temple,2023-03-04,2023-03-06
3358,Compétition Sportive,Reuilly,2023-04-24,2023-04-28
3359,Festival,Hôtel-de-Ville,2023-05-05,2023-05-07
3360,Conférence,Batignolles-Monceau,2023-05-28,2023-05-31
3361,Salon,Observatoire,2023-11-15,2023-11-16
3362,Salon,Ménilmontant,2023-07-13,2023-07-14
3363,Salon,Passy,2023-04-15,2023-04-19
3364,Compétition Sportive,Popincourt,2023-04-28,2023-05-02
3365,Conférence,Gobelins,2023-09-12,2023-09-13
3366,Festival,Hôtel-de-Ville,2023-08-31,2023-09-02
3367,Conférence,Buttes-Chaumont,2023-02-01,2023-02-03
3368,Salon,Buttes-Montmartre,2023-04-17,2023-04-21
3369,Concert,Luxembourg,2023-04-07,2023-04-09
3370,Salon,Reuilly,2023-10-31,2023-11-04
3371,Compétition Sportive,Luxembourg,2023-09-11,2023-09-15
3372,Conférence,Bourse,2023-07-06,2023-07-07
3373,Compétition Sportive,Buttes-Chaumont,2023-10-03,2023-10-06
3374,Festival,Batignolles-Monceau,2023-04-15,2023-04-19
3375,Conférence,Opéra,2023-12-23,2023-12-24
3376,Conférence,Batignolles-Monceau,2023-10-20,2023-10-23
3377,Conférence,Luxembourg,2023-02-09,2023-02-12
3378,Concert,Bourse,2023-04-29,2023-05-01
3379,Conférence,Entrepôt,2023-02-25,2023-02-26
3380,Concert,Ménilmontant,2023-09-27,2023-10-01
3381,Conférence,Louvre,2023-06-13,2023-06-16
3382,Salon,Palais-Bourbon,2023-07-23,2023-07-27
3383,Festival,Gobelins,2023-12-12,2023-12-14
3384,Conférence,Panthéon,2023-02-03,2023-02-05
3385,Compétition Sportive,Gobelins,2023-01-06,2023-01-07
3386,Salon,Hôtel-de-Ville,2023-02-15,2023-02-17
3387,Compétition Sportive,Panthéon,2023-07-24,2023-07-25
3388,Compétition Sportive,Passy,2023-04-29,2023-05-01
3389,Concert,Louvre,2023-12-21,2023-12-22
3390,Festival,Panthéon,2023-03-24,2023-03-26
3391,Compétition Sportive,Batignolles-Monceau,2023-05-31,2023-06-03
3392,Salon,Popincourt,2023-04-24,2023-04-28
3393,Festival,Popincourt,2023-03-05,2023-03-09
3394,Salon,Reuilly,2023-04-06,2023-04-10
3395,Compétition Sportive,Buttes-Chaumont,2023-06-21,2023-06-22
3396,Festival,Opéra,2023-01-11,2023-01-14
3397,Conférence,Louvre,2023-03-09,2023-03-10
3398,Compétition Sportive,Batignolles-Monceau,2023-11-13,2023-11-14
3399,Compétition Sportive,Luxembourg,2023-03-17,2023-03-18
3400,Concert,Buttes-Montmartre,2023-02-25,2023-02-27
3401,Salon,Louvre,2023-06-28,2023-07-01
3402,Conférence,Louvre,2023-03-04,2023-03-06
3403,Festival,Louvre,2023-08-19,2023-08-20
3404,Compétition Sportive,Observatoire,2023-10-13,2023-10-16
3405,Compétition Sportive,Popincourt,2023-01-10,2023-01-14
3406,Conférence,Opéra,2023-01-01,2023-01-04
3407,Compétition Sportive,Gobelins,2023-02-17,2023-02-18
3408,Salon,Temple,2023-06-05,2023-06-07
3409,Festival,Entrepôt,2023-06-21,2023-06-24
3410,Conférence,Observatoire,2023-08-25,2023-08-28
3411,Conférence,Popincourt,2023-04-27,2023-04-30
3412,Concert,Luxembourg,2023-11-19,2023-11-23
3413,Festival,Passy,2023-08-28,2023-09-01
3414,Conférence,Ménilmontant,2023-04-15,2023-04-17
3415,Compétition Sportive,Passy,2023-02-27,2023-03-02
3416,Festival,Temple,2023-09-19,2023-09-23
3417,Salon,Palais-Bourbon,2023-06-19,2023-06-20
3418,Conférence,Louvre,2023-09-30,2023-10-02
3419,Salon,Panthéon,2023-01-23,2023-01-24
3420,Conférence,Popincourt,2023-10-23,2023-10-26
3421,Compétition Sportive,Batignolles-Monceau,2023-08-01,2023-08-02
3422,Concert,Louvre,2023-06-21,2023-06-22
3423,Compétition Sportive,Vaugirard,2023-06-08,2023-06-12
3424,Salon,Élysée,2023-03-17,2023-03-19
3425,Festival,Luxembourg,2023-08-09,2023-08-11
3426,Salon,Panthéon,2023-08-22,2023-08-24
3427,Concert,Opéra,2023-04-08,2023-04-11
3428,Conférence,Luxembourg,2023-10-03,2023-10-05
3429,Conférence,Entrepôt,2023-06-24,2023-06-26
3430,Salon,Buttes-Chaumont,2023-09-23,2023-09-27
3431,Festival,Gobelins,2023-07-12,2023-07-16
3432,Conférence,Élysée,2023-11-04,2023-11-05
3433,Conférence,Bourse,2023-11-15,2023-11-19
3434,Concert,Buttes-Montmartre,2023-06-06,2023-06-07
3435,Concert,Élysée,2023-05-06,2023-05-10
3436,Festival,Temple,2023-03-27,2023-03-31
3437,Conférence,Vaugirard,2023-02-19,2023-02-20
3438,Compétition Sportive,Entrepôt,2023-03-06,2023-03-10
3439,Salon,Temple,2023-02-13,2023-02-15
3440,Conférence,Ménilmontant,2023-09-21,2023-09-23
3441,Salon,Hôtel-de-Ville,2023-09-06,2023-09-09
3442,Conférence,Reuilly,2023-09-22,2023-09-23
3443,Concert,Élysée,2023-01-23,2023-01-26
3444,Festival,Vaugirard,2023-09-09,2023-09-11
3445,Compétition Sportive,Gobelins,2023-07-31,2023-08-04
3446,Concert,Temple,2023-01-16,2023-01-19
3447,Festival,Hôtel-de-Ville,2023-09-04,2023-09-06
3448,Concert,Élysée,2023-08-26,2023-08-28
3449,Salon,Panthéon,2023-07-09,2023-07-12
3450,Conférence,Palais-Bourbon,2023-08-03,2023-08-07
3451,Concert,Louvre,2023-03-06,2023-03-07
3452,Festival,Bourse,2023-06-29,2023-07-02
3453,Conférence,Opéra,2023-04-23,2023-04-27
3454,Salon,Observatoire,2023-05-31,2023-06-01
3455,Salon,Buttes-Montmartre,2023-02-07,2023-02-08
3456,Compétition Sportive,Luxembourg,2023-09-21,2023-09-23
3457,Conférence,Popincourt,2023-10-15,2023-10-18
3458,Salon,Panthéon,2023-02-09,2023-02-10
3459,Concert,Vaugirard,2023-07-13,2023-07-15
3460,Salon,Ménilmontant,2023-09-26,2023-09-27
3461,Salon,Luxembourg,2023-05-03,2023-05-04
3462,Salon,Batignolles-Monceau,2023-01-27,2023-01-28
3463,Compétition Sportive,Panthéon,2023-06-23,2023-06-25
3464,Festival,Panthéon,2023-03-12,2023-03-13
3465,Salon,Ménilmontant,2023-01-03,2023-01-05
3466,Festival,Vaugirard,2023-12-07,2023-12-09
3467,Conférence,Vaugirard,2023-11-13,2023-11-14
3468,Festival,Luxembourg,2023-03-13,2023-03-14
3469,Conférence,Popincourt,2023-05-25,2023-05-27
3470,Compétition Sportive,Passy,2023-10-12,2023-10-13
3471,Conférence,Opéra,2023-03-13,2023-03-16
3472,Conférence,Popincourt,2023-06-28,2023-07-02
3473,Concert,Batignolles-Monceau,2023-02-12,2023-02-13
3474,Compétition Sportive,Élysée,2023-07-19,2023-07-20
3475,Salon,Buttes-Montmartre,2023-09-21,2023-09-25
3476,Compétition Sportive,Luxembourg,2023-08-22,2023-08-25
3477,Concert,Louvre,2023-12-28,2023-12-30
3478,Conférence,Observatoire,2023-05-04,2023-05-08
3479,Compétition Sportive,Reuilly,2023-11-07,2023-11-09
3480,Concert,Passy,2023-06-22,2023-06-26
3481,Salon,Observatoire,2023-08-02,2023-08-04
3482,Conférence,Hôtel-de-Ville,2023-11-19,2023-11-21
3483,Compétition Sportive,Buttes-Montmartre,2023-11-09,2023-11-12
3484,Compétition Sportive,Élysée,2023-02-18,2023-02-20
3485,Conférence,Louvre,2023-09-02,2023-09-05
3486,Compétition Sportive,Luxembourg,2023-02-23,2023-02-26
3487,Conférence,Passy,2023-07-11,2023-07-12
3488,Concert,Palais-Bourbon,2023-04-12,2023-04-14
3489,Conférence,Ménilmontant,2023-01-24,2023-01-28
3490,Salon,Panthéon,2023-03-03,2023-03-05
3491,Conférence,Buttes-Montmartre,2023-10-16,2023-10-17
3492,Compétition Sportive,Buttes-Chaumont,2023-04-09,2023-04-10
3493,Conférence,Entrepôt,2023-10-23,2023-10-25
3494,Conférence,Gobelins,2023-06-06,2023-06-09
3495,Conférence,Reuilly,2023-01-08,2023-01-12
3496,Salon,Louvre,2023-09-29,2023-10-03
3497,Salon,Temple,2023-11-16,2023-11-18
3498,Compétition Sportive,Louvre,2023-09-12,2023-09-13
3499,Compétition Sportive,Élysée,2023-05-19,2023-05-21
3500,Conférence,Popincourt,2023-06-06,2023-06-08
3501,Festival,Reuilly,2023-11-01,2023-11-03
3502,Concert,Batignolles-Monceau,2023-04-19,2023-04-22
3503,Conférence,Entrepôt,2023-03-29,2023-04-01
3504,Concert,Popincourt,2023-07-13,2023-07-14
3505,Salon,Reuilly,2023-01-05,2023-01-08
3506,Compétition Sportive,Vaugirard,2023-08-04,2023-08-07
3507,Festival,Entrepôt,2023-02-13,2023-02-14
3508,Compétition Sportive,Ménilmontant,2023-08-27,2023-08-30
3509,Salon,Opéra,2023-05-15,2023-05-19
3510,Conférence,Popincourt,2023-03-11,2023-03-15
3511,Salon,Buttes-Chaumont,2023-11-21,2023-11-22
3512,Festival,Louvre,2023-03-20,2023-03-21
3513,Conférence,Batignolles-Monceau,2023-04-09,2023-04-12
3514,Conférence,Reuilly,2023-02-23,2023-02-27
3515,Festival,Batignolles-Monceau,2023-07-20,2023-07-22
3516,Compétition Sportive,Bourse,2023-10-06,2023-10-09
3517,Conférence,Temple,2023-07-05,2023-07-09
3518,Compétition Sportive,Buttes-Montmartre,2023-05-25,2023-05-27
3519,Concert,Palais-Bourbon,2023-04-27,2023-04-30
3520,Festival,Louvre,2023-03-28,2023-03-31
3521,Concert,Gobelins,2023-10-29,2023-11-01
3522,Conférence,Reuilly,2023-04-13,2023-04-17
3523,Festival,Hôtel-de-Ville,2023-10-30,2023-11-01
3524,Conférence,Temple,2023-11-11,2023-11-15
3525,Festival,Ménilmontant,2023-04-13,2023-04-17
3526,Compétition Sportive,Opéra,2023-03-03,2023-03-07
3527,Salon,Temple,2023-11-06,2023-11-10
3528,Salon,Batignolles-Monceau,2023-05-05,2023-05-07
3529,Festival,Vaugirard,2023-05-21,2023-05-22
3530,Concert,Buttes-Chaumont,2023-09-25,2023-09-29
3531,Festival,Popincourt,2023-01-02,2023-01-04
3532,Compétition Sportive,Passy,2023-02-11,2023-02-13
3533,Concert,Bourse,2023-07-01,2023-07-05
3534,Festival,Louvre,2023-01-11,2023-01-13
3535,Festival,Gobelins,2023-08-28,2023-08-31
3536,Conférence,Batignolles-Monceau,2023-03-19,2023-03-23
3537,Compétition Sportive,Hôtel-de-Ville,2023-08-01,2023-08-03
3538,Compétition Sportive,Entrepôt,2023-04-19,2023-04-22
3539,Salon,Luxembourg,2023-06-26,2023-06-29
3540,Conférence,Reuilly,2023-02-06,2023-02-09
3541,Concert,Panthéon,2023-10-19,2023-10-22
3542,Salon,Buttes-Chaumont,2023-06-26,2023-06-28
3543,Compétition Sportive,Élysée,2023-02-27,2023-03-02
3544,Festival,Temple,2023-09-16,2023-09-18
3545,Conférence,Opéra,2023-06-10,2023-06-14
3546,Compétition Sportive,Luxembourg,2023-03-16,2023-03-20
3547,Compétition Sportive,Élysée,2023-07-18,2023-07-19
3548,Conférence,Reuilly,2023-02-06,2023-02-07
3549,Compétition Sportive,Bourse,2023-06-27,2023-06-30
3550,Salon,Louvre,2023-02-05,2023-02-06
3551,Conférence,Passy,2023-10-10,2023-10-11
3552,Compétition Sportive,Opéra,2023-10-14,2023-10-15
3553,Compétition Sportive,Buttes-Montmartre,2023-11-16,2023-11-19
3554,Conférence,Buttes-Montmartre,2023-07-17,2023-07-18
3555,Festival,Élysée,2023-09-03,2023-09-06
3556,Concert,Opéra,2023-11-05,2023-11-07
3557,Conférence,Élysée,2023-11-06,2023-11-07
3558,Festival,Vaugirard,2023-08-13,2023-08-16
3559,Compétition Sportive,Bourse,2023-11-16,2023-11-20
3560,Salon,Hôtel-de-Ville,2023-07-01,2023-07-05
3561,Compétition Sportive,Bourse,2023-03-06,2023-03-08
3562,Compétition Sportive,Observatoire,2023-04-13,2023-04-14
3563,Festival,Vaugirard,2023-06-19,2023-06-20
3564,Conférence,Ménilmontant,2023-04-22,2023-04-25
3565,Concert,Passy,2023-08-24,2023-08-25
3566,Concert,Palais-Bourbon,2023-04-03,2023-04-04
3567,Conférence,Vaugirard,2023-03-16,2023-03-19
3568,Conférence,Passy,2023-11-08,2023-11-10
3569,Salon,Reuilly,2023-01-15,2023-01-17
3570,Conférence,Observatoire,2023-10-13,2023-10-14
3571,Salon,Palais-Bourbon,2023-01-23,2023-01-26
3572,Conférence,Popincourt,2023-09-25,2023-09-27
3573,Salon,Élysée,2023-04-02,2023-04-04
3574,Conférence,Reuilly,2023-12-17,2023-12-19
3575,Conférence,Hôtel-de-Ville,2023-06-07,2023-06-09
3576,Concert,Bourse,2023-05-03,2023-05-06
3577,Compétition Sportive,Batignolles-Monceau,2023-04-13,2023-04-15
3578,Compétition Sportive,Popincourt,2023-09-29,2023-10-03
3579,Salon,Batignolles-Monceau,2023-06-07,2023-06-09
3580,Festival,Buttes-Montmartre,2023-03-09,2023-03-13
3581,Concert,Temple,2023-10-16,2023-10-20
3582,Conférence,Gobelins,2023-12-19,2023-12-21
3583,Concert,Batignolles-Monceau,2023-09-09,2023-09-10
3584,Festival,Palais-Bourbon,2023-06-05,2023-06-07
3585,Concert,Luxembourg,2023-07-26,2023-07-27
3586,Festival,Reuilly,2023-01-26,2023-01-28
3587,Festival,Hôtel-de-Ville,2023-05-05,2023-05-08
3588,Festival,Observatoire,2023-01-14,2023-01-17
3589,Festival,Passy,2023-07-04,2023-07-08
3590,Festival,Panthéon,2023-05-23,2023-05-26
3591,Conférence,Popincourt,2023-07-13,2023-07-14
3592,Concert,Batignolles-Monceau,2023-01-16,2023-01-17
3593,Compétition Sportive,Gobelins,2023-10-20,2023-10-24
3594,Compétition Sportive,Temple,2023-09-08,2023-09-10
3595,Conférence,Panthéon,2023-09-24,2023-09-27
3596,Salon,Ménilmontant,2023-09-24,2023-09-26
3597,Festival,Gobelins,2023-06-10,2023-06-12
3598,Concert,Opéra,2023-09-15,2023-09-18
3599,Festival,Vaugirard,2023-02-02,2023-02-04
3600,Festival,Observatoire,2023-03-04,2023-03-05
3601,Compétition Sportive,Reuilly,2023-12-06,2023-12-10
3602,Festival,Palais-Bourbon,2023-10-16,2023-10-17
3603,Concert,Entrepôt,2023-10-09,2023-10-12
3604,Concert,Ménilmontant,2023-10-17,2023-10-20
3605,Compétition Sportive,Buttes-Montmartre,2023-03-19,2023-03-22
3606,Conférence,Hôtel-de-Ville,2023-12-15,2023-12-18
3607,Compétition Sportive,Palais-Bourbon,2023-08-30,2023-09-01
3608,Compétition Sportive,Popincourt,2023-11-23,2023-11-25
3609,Festival,Panthéon,2023-07-22,2023-07-26
3610,Salon,Luxembourg,2023-08-19,2023-08-22
3611,Conférence,Reuilly,2023-04-04,2023-04-07
3612,Conférence,Palais-Bourbon,2023-06-26,2023-06-28
3613,Conférence,Reuilly,2023-10-30,2023-11-01
3614,Festival,Reuilly,2023-05-29,2023-05-30
3615,Compétition Sportive,Vaugirard,2023-07-18,2023-07-22
3616,Festival,Buttes-Montmartre,2023-07-31,2023-08-02
3617,Concert,Batignolles-Monceau,2023-11-13,2023-11-17
3618,Salon,Reuilly,2023-08-31,2023-09-03
3619,Salon,Luxembourg,2023-01-05,2023-01-08
3620,Festival,Observatoire,2023-06-08,2023-06-09
3621,Compétition Sportive,Ménilmontant,2023-07-09,2023-07-10
3622,Conférence,Popincourt,2023-02-25,2023-02-26
3623,Concert,Ménilmontant,2023-07-13,2023-07-15
3624,Concert,Gobelins,2023-01-26,2023-01-30
3625,Salon,Louvre,2023-03-09,2023-03-11
3626,Compétition Sportive,Buttes-Chaumont,2023-01-30,2023-02-02
3627,Conférence,Batignolles-Monceau,2023-10-03,2023-10-06
3628,Salon,Opéra,2023-07-13,2023-07-14
3629,Compétition Sportive,Palais-Bourbon,2023-04-19,2023-04-20
3630,Conférence,Bourse,2023-12-01,2023-12-05
3631,Festival,Observatoire,2023-11-03,2023-11-05
3632,Compétition Sportive,Popincourt,2023-08-28,2023-08-31
3633,Concert,Palais-Bourbon,2023-09-27,2023-09-30
3634,Compétition Sportive,Popincourt,2023-11-07,2023-11-08
3635,Compétition Sportive,Opéra,2023-11-05,2023-11-07
3636,Compétition Sportive,Reuilly,2023-07-01,2023-07-04
3637,Conférence,Louvre,2023-08-10,2023-08-13
3638,Conférence,Luxembourg,2023-06-04,2023-06-06
3639,Festival,Temple,2023-01-02,2023-01-03
3640,Festival,Passy,2023-03-19,2023-03-23
3641,Conférence,Luxembourg,2023-04-01,2023-04-02
3642,Conférence,Vaugirard,2023-10-06,2023-10-08
3643,Salon,Gobelins,2023-06-12,2023-06-14
3644,Compétition Sportive,Hôtel-de-Ville,2023-11-14,2023-11-16
3645,Compétition Sportive,Hôtel-de-Ville,2023-04-22,2023-04-25
3646,Concert,Popincourt,2023-11-24,2023-11-26
3647,Conférence,Ménilmontant,2023-02-28,2023-03-04
3648,Conférence,Reuilly,2023-07-11,2023-07-12
3649,Festival,Hôtel-de-Ville,2023-12-14,2023-12-17
3650,Festival,Hôtel-de-Ville,2023-08-13,2023-08-15
3651,Compétition Sportive,Batignolles-Monceau,2023-05-17,2023-05-19
3652,Compétition Sportive,Hôtel-de-Ville,2023-12-01,2023-12-03
3653,Conférence,Opéra,2023-11-26,2023-11-30
3654,Compétition Sportive,Palais-Bourbon,2023-11-01,2023-11-05
3655,Conférence,Reuilly,2023-09-15,2023-09-16
3656,Concert,Popincourt,2023-05-11,2023-05-12
3657,Concert,Ménilmontant,2023-05-31,2023-06-04
3658,Salon,Buttes-Montmartre,2023-07-21,2023-07-25
3659,Festival,Observatoire,2023-10-02,2023-10-06
3660,Salon,Observatoire,2023-08-21,2023-08-22
3661,Concert,Observatoire,2023-10-01,2023-10-04
3662,Compétition Sportive,Buttes-Chaumont,2023-06-12,2023-06-13
3663,Festival,Buttes-Montmartre,2023-08-21,2023-08-23
3664,Festival,Gobelins,2023-05-17,2023-05-18
3665,Salon,Opéra,2023-08-11,2023-08-15
3666,Festival,Luxembourg,2023-12-16,2023-12-19
3667,Concert,Gobelins,2023-08-17,2023-08-18
3668,Compétition Sportive,Louvre,2023-01-12,2023-01-15
3669,Salon,Batignolles-Monceau,2023-01-17,2023-01-19
3670,Compétition Sportive,Buttes-Montmartre,2023-08-07,2023-08-10
3671,Salon,Opéra,2023-12-07,2023-12-08
3672,Conférence,Gobelins,2023-11-01,2023-11-03
3673,Festival,Louvre,2023-06-25,2023-06-26
3674,Conférence,Reuilly,2023-09-03,2023-09-07
3675,Festival,Observatoire,2023-01-27,2023-01-28
3676,Conférence,Opéra,2023-09-03,2023-09-07
3677,Compétition Sportive,Observatoire,2023-07-02,2023-07-04
3678,Concert,Opéra,2023-04-28,2023-04-30
3679,Salon,Hôtel-de-Ville,2023-01-03,2023-01-04
3680,Festival,Buttes-Chaumont,2023-08-04,2023-08-06
3681,Salon,Popincourt,2023-08-12,2023-08-13
3682,Concert,Palais-Bourbon,2023-04-11,2023-04-14
3683,Conférence,Élysée,2023-03-13,2023-03-16
3684,Compétition Sportive,Entrepôt,2023-12-21,2023-12-22
3685,Salon,Élysée,2023-05-31,2023-06-03
3686,Conférence,Gobelins,2023-07-27,2023-07-31
3687,Festival,Observatoire,2023-12-22,2023-12-26
3688,Salon,Opéra,2023-07-20,2023-07-21
3689,Salon,Louvre,2023-10-22,2023-10-24
3690,Festival,Opéra,2023-11-10,2023-11-13
3691,Concert,Vaugirard,2023-01-18,2023-01-22
3692,Conférence,Vaugirard,2023-04-23,2023-04-25
3693,Salon,Entrepôt,2023-07-01,2023-07-05
3694,Conférence,Reuilly,2023-10-14,2023-10-18
3695,Compétition Sportive,Luxembourg,2023-11-16,2023-11-17
3696,Conférence,Opéra,2023-10-25,2023-10-26
3697,Conférence,Bourse,2023-02-06,2023-02-09
3698,Festival,Élysée,2023-04-21,2023-04-25
3699,Conférence,Palais-Bourbon,2023-08-27,2023-08-31
3700,Concert,Gobelins,2023-04-15,2023-04-17
3701,Conférence,Opéra,2023-11-22,2023-11-23
3702,Compétition Sportive,Observatoire,2023-12-22,2023-12-23
3703,Conférence,Entrepôt,2023-09-04,2023-09-08
3704,Festival,Bourse,2023-07-25,2023-07-27
3705,Compétition Sportive,Reuilly,2023-12-27,2023-12-29
3706,Festival,Temple,2023-12-10,2023-12-11
3707,Concert,Batignolles-Monceau,2023-12-19,2023-12-21
3708,Concert,Élysée,2023-10-25,2023-10-29
3709,Festival,Popincourt,2023-01-29,2023-02-01
3710,Concert,Batignolles-Monceau,2023-05-11,2023-05-13
3711,Festival,Buttes-Montmartre,2023-05-26,2023-05-29
3712,Salon,Reuilly,2023-12-07,2023-12-11
3713,Conférence,Palais-Bourbon,2023-02-21,2023-02-23
3714,Salon,Gobelins,2023-02-11,2023-02-15
3715,Concert,Gobelins,2023-11-04,2023-11-05
3716,Festival,Bourse,2023-08-11,2023-08-12
3717,Festival,Passy,2023-07-27,2023-07-29
3718,Festival,Luxembourg,2023-08-02,2023-08-04
3719,Festival,Luxembourg,2023-05-07,2023-05-11
3720,Conférence,Louvre,2023-01-02,2023-01-03
3721,Compétition Sportive,Observatoire,2023-02-20,2023-02-22
3722,Salon,Bourse,2023-12-26,2023-12-27
3723,Concert,Gobelins,2023-01-17,2023-01-18
3724,Festival,Palais-Bourbon,2023-05-21,2023-05-22
3725,Salon,Ménilmontant,2023-07-01,2023-07-04
3726,Compétition Sportive,Gobelins,2023-08-15,2023-08-19
3727,Salon,Temple,2023-06-02,2023-06-05
3728,Concert,Ménilmontant,2023-07-21,2023-07-24
3729,Festival,Louvre,2023-04-19,2023-04-20
3730,Concert,Louvre,2023-03-16,2023-03-17
3731,Festival,Louvre,2023-03-19,2023-03-21
3732,Compétition Sportive,Buttes-Montmartre,2023-04-08,2023-04-11
3733,Concert,Hôtel-de-Ville,2023-05-30,2023-05-31
3734,Salon,Élysée,2023-05-12,2023-05-14
3735,Compétition Sportive,Reuilly,2023-12-30,2024-01-03
3736,Concert,Reuilly,2023-06-03,2023-06-05
3737,Festival,Passy,2023-05-09,2023-05-12
3738,Compétition Sportive,Batignolles-Monceau,2023-01-10,2023-01-13
3739,Festival,Élysée,2023-04-10,2023-04-13
3740,Conférence,Passy,2023-01-02,2023-01-03
3741,Salon,Ménilmontant,2023-01-29,2023-01-30
3742,Festival,Buttes-Montmartre,2023-11-12,2023-11-16
3743,Concert,Entrepôt,2023-03-30,2023-04-02
3744,Conférence,Gobelins,2023-09-26,2023-09-28
3745,Compétition Sportive,Panthéon,2023-06-17,2023-06-18
3746,Concert,Élysée,2023-06-11,2023-06-12
3747,Compétition Sportive,Temple,2023-10-18,2023-10-21
3748,Conférence,Élysée,2023-03-20,2023-03-21
3749,Concert,Gobelins,2023-02-08,2023-02-11
3750,Festival,Popincourt,2023-02-11,2023-02-15
3751,Concert,Buttes-Montmartre,2023-08-23,2023-08-24
3752,Salon,Entrepôt,2023-08-02,2023-08-04
3753,Festival,Louvre,2023-10-08,2023-10-09
3754,Salon,Panthéon,2023-05-22,2023-05-26
3755,Concert,Batignolles-Monceau,2023-12-05,2023-12-08
3756,Concert,Observatoire,2023-04-20,2023-04-22
3757,Compétition Sportive,Palais-Bourbon,2023-03-27,2023-03-31
3758,Concert,Buttes-Chaumont,2023-08-03,2023-08-05
3759,Festival,Palais-Bourbon,2023-09-14,2023-09-17
3760,Salon,Observatoire,2023-10-13,2023-10-17
3761,Conférence,Buttes-Chaumont,2023-05-13,2023-05-15
3762,Salon,Bourse,2023-08-10,2023-08-11
3763,Compétition Sportive,Reuilly,2023-09-10,2023-09-12
3764,Conférence,Hôtel-de-Ville,2023-07-24,2023-07-28
3765,Conférence,Élysée,2023-06-08,2023-06-10
3766,Concert,Panthéon,2023-05-15,2023-05-17
3767,Compétition Sportive,Popincourt,2023-05-07,2023-05-08
3768,Compétition Sportive,Luxembourg,2023-09-03,2023-09-07
3769,Concert,Buttes-Chaumont,2023-10-12,2023-10-16
3770,Festival,Popincourt,2023-02-20,2023-02-22
3771,Concert,Bourse,2023-07-24,2023-07-25
3772,Compétition Sportive,Ménilmontant,2023-08-28,2023-08-30
3773,Conférence,Opéra,2023-03-20,2023-03-23
3774,Festival,Passy,2023-06-28,2023-07-02
3775,Compétition Sportive,Bourse,2023-12-16,2023-12-20
3776,Compétition Sportive,Entrepôt,2023-11-21,2023-11-22
3777,Concert,Hôtel-de-Ville,2023-01-14,2023-01-18
3778,Salon,Buttes-Chaumont,2023-04-04,2023-04-05
3779,Compétition Sportive,Panthéon,2023-01-23,2023-01-27
3780,Salon,Popincourt,2023-03-21,2023-03-22
3781,Festival,Opéra,2023-12-10,2023-12-12
3782,Conférence,Vaugirard,2023-02-12,2023-02-13
3783,Salon,Buttes-Chaumont,2023-02-25,2023-02-28
3784,Salon,Observatoire,2023-04-17,2023-04-20
3785,Salon,Ménilmontant,2023-09-02,2023-09-04
3786,Salon,Batignolles-Monceau,2023-12-31,2024-01-01
3787,Salon,Opéra,2023-04-04,2023-04-06
3788,Festival,Observatoire,2023-04-12,2023-04-15
3789,Compétition Sportive,Batignolles-Monceau,2023-01-22,2023-01-26
3790,Conférence,Ménilmontant,2023-04-16,2023-04-18
3791,Compétition Sportive,Reuilly,2023-08-03,2023-08-06
3792,Festival,Panthéon,2023-07-09,2023-07-12
3793,Festival,Buttes-Chaumont,2023-01-30,2023-02-01
3794,Salon,Popincourt,2023-06-04,2023-06-07
3795,Festival,Opéra,2023-08-09,2023-08-12
3796,Festival,Popincourt,2023-02-06,2023-02-09
3797,Salon,Buttes-Chaumont,2023-11-22,2023-11-23
3798,Festival,Passy,2023-01-16,2023-01-19
3799,Festival,Hôtel-de-Ville,2023-05-04,2023-05-06
3800,Festival,Batignolles-Monceau,2023-01-20,2023-01-24
3801,Concert,Hôtel-de-Ville,2023-11-26,2023-11-27
3802,Compétition Sportive,Hôtel-de-Ville,2023-12-24,2023-12-28
3803,Concert,Batignolles-Monceau,2023-08-17,2023-08-18
3804,Compétition Sportive,Buttes-Chaumont,2023-11-26,2023-11-28
3805,Salon,Ménilmontant,2023-08-24,2023-08-28
3806,Salon,Palais-Bourbon,2023-11-11,2023-11-14
3807,Compétition Sportive,Buttes-Chaumont,2023-08-02,2023-08-04
3808,Compétition Sportive,Gobelins,2023-06-09,2023-06-11
3809,Conférence,Bourse,2023-05-25,2023-05-29
3810,Compétition Sportive,Louvre,2023-08-06,2023-08-09
3811,Compétition Sportive,Luxembourg,2023-05-25,2023-05-29
3812,Salon,Gobelins,2023-03-07,2023-03-10
3813,Salon,Louvre,2023-01-29,2023-01-30
3814,Festival,Batignolles-Monceau,2023-08-26,2023-08-30
3815,Festival,Buttes-Montmartre,2023-05-12,2023-05-13
3816,Salon,Buttes-Chaumont,2023-10-13,2023-10-16
3817,Festival,Panthéon,2023-07-08,2023-07-11
3818,Concert,Palais-Bourbon,2023-07-23,2023-07-25
3819,Concert,Observatoire,2023-06-11,2023-06-14
3820,Festival,Gobelins,2023-11-30,2023-12-04
3821,Festival,Entrepôt,2023-06-01,2023-06-05
3822,Compétition Sportive,Batignolles-Monceau,2023-12-10,2023-12-13
3823,Compétition Sportive,Temple,2023-09-08,2023-09-11
3824,Concert,Buttes-Chaumont,2023-03-23,2023-03-27
3825,Concert,Batignolles-Monceau,2023-01-25,2023-01-29
3826,Compétition Sportive,Palais-Bourbon,2023-12-11,2023-12-14
3827,Compétition Sportive,Batignolles-Monceau,2023-04-15,2023-04-18
3828,Compétition Sportive,Ménilmontant,2023-10-08,2023-10-12
3829,Festival,Vaugirard,2023-08-08,2023-08-10
3830,Salon,Batignolles-Monceau,2023-06-07,2023-06-10
3831,Concert,Ménilmontant,2023-03-30,2023-04-01
3832,Conférence,Batignolles-Monceau,2023-08-20,2023-08-24
3833,Compétition Sportive,Ménilmontant,2023-07-24,2023-07-26
3834,Festival,Palais-Bourbon,2023-09-15,2023-09-16
3835,Concert,Passy,2023-06-11,2023-06-13
3836,Compétition Sportive,Gobelins,2023-01-16,2023-01-17
3837,Festival,Ménilmontant,2023-06-25,2023-06-28
3838,Concert,Batignolles-Monceau,2023-06-01,2023-06-02
3839,Concert,Passy,2023-05-10,2023-05-14
3840,Conférence,Popincourt,2023-02-08,2023-02-11
3841,Conférence,Observatoire,2023-12-25,2023-12-28
3842,Concert,Luxembourg,2023-07-28,2023-07-29
3843,Festival,Batignolles-Monceau,2023-05-31,2023-06-04
3844,Compétition Sportive,Palais-Bourbon,2023-01-12,2023-01-16
3845,Compétition Sportive,Buttes-Montmartre,2023-03-18,2023-03-22
3846,Concert,Ménilmontant,2023-03-10,2023-03-14
3847,Compétition Sportive,Vaugirard,2023-05-23,2023-05-25
3848,Conférence,Buttes-Chaumont,2023-03-01,2023-03-05
3849,Compétition Sportive,Hôtel-de-Ville,2023-11-16,2023-11-20
3850,Salon,Élysée,2023-11-16,2023-11-19
3851,Conférence,Élysée,2023-06-13,2023-06-14
3852,Conférence,Reuilly,2023-08-03,2023-08-05
3853,Concert,Louvre,2023-09-26,2023-09-28
3854,Concert,Buttes-Chaumont,2023-09-15,2023-09-18
3855,Compétition Sportive,Temple,2023-09-18,2023-09-20
3856,Compétition Sportive,Louvre,2023-02-09,2023-02-11
3857,Concert,Panthéon,2023-02-08,2023-02-11
3858,Festival,Observatoire,2023-06-12,2023-06-16
3859,Compétition Sportive,Buttes-Montmartre,2023-02-10,2023-02-12
3860,Festival,Palais-Bourbon,2023-06-22,2023-06-23
3861,Conférence,Observatoire,2023-06-11,2023-06-15
3862,Salon,Observatoire,2023-08-23,2023-08-27
3863,Festival,Reuilly,2023-08-06,2023-08-10
3864,Compétition Sportive,Hôtel-de-Ville,2023-10-25,2023-10-27
3865,Concert,Buttes-Montmartre,2023-12-29,2023-12-30
3866,Concert,Temple,2023-01-17,2023-01-19
3867,Salon,Entrepôt,2023-04-23,2023-04-26
3868,Salon,Opéra,2023-02-04,2023-02-06
3869,Conférence,Vaugirard,2023-07-23,2023-07-24
3870,Festival,Louvre,2023-06-12,2023-06-14
3871,Salon,Observatoire,2023-12-23,2023-12-26
3872,Conférence,Panthéon,2023-09-19,2023-09-23
3873,Conférence,Passy,2023-03-15,2023-03-17
3874,Conférence,Vaugirard,2023-10-26,2023-10-30
3875,Compétition Sportive,Temple,2023-07-30,2023-08-01
3876,Salon,Passy,2023-04-26,2023-04-27
3877,Concert,Vaugirard,2023-06-20,2023-06-24
3878,Conférence,Passy,2023-03-13,2023-03-15
3879,Concert,Opéra,2023-03-14,2023-03-15
3880,Compétition Sportive,Temple,2023-12-19,2023-12-22
3881,Festival,Buttes-Chaumont,2023-07-13,2023-07-17
3882,Compétition Sportive,Élysée,2023-06-04,2023-06-08
3883,Compétition Sportive,Ménilmontant,2023-08-24,2023-08-26
3884,Salon,Popincourt,2023-06-04,2023-06-08
3885,Conférence,Gobelins,2023-10-22,2023-10-25
3886,Compétition Sportive,Buttes-Chaumont,2023-07-07,2023-07-11
3887,Conférence,Opéra,2023-07-28,2023-08-01
3888,Concert,Entrepôt,2023-03-14,2023-03-17
3889,Festival,Élysée,2023-04-06,2023-04-07
3890,Festival,Buttes-Chaumont,2023-11-30,2023-12-04
3891,Concert,Reuilly,2023-01-11,2023-01-13
3892,Salon,Louvre,2023-01-04,2023-01-05
3893,Concert,Élysée,2023-02-20,2023-02-24
3894,Concert,Popincourt,2023-10-21,2023-10-22
3895,Salon,Buttes-Chaumont,2023-02-20,2023-02-24
3896,Salon,Entrepôt,2023-02-17,2023-02-18
3897,Compétition Sportive,Batignolles-Monceau,2023-10-19,2023-10-21
3898,Conférence,Palais-Bourbon,2023-10-08,2023-10-09
3899,Festival,Batignolles-Monceau,2023-05-13,2023-05-16
3900,Salon,Élysée,2023-11-26,2023-11-30
3901,Salon,Passy,2023-03-10,2023-03-14
3902,Compétition Sportive,Entrepôt,2023-12-27,2023-12-29
3903,Compétition Sportive,Élysée,2023-12-04,2023-12-07
3904,Conférence,Opéra,2023-01-23,2023-01-24
3905,Salon,Batignolles-Monceau,2023-01-14,2023-01-15
3906,Salon,Gobelins,2023-06-29,2023-07-02
3907,Compétition Sportive,Batignolles-Monceau,2023-03-28,2023-03-31
3908,Concert,Entrepôt,2023-02-17,2023-02-18
3909,Conférence,Observatoire,2023-12-21,2023-12-23
3910,Salon,Ménilmontant,2023-11-09,2023-11-11
3911,Festival,Opéra,2023-06-10,2023-06-11
3912,Festival,Passy,2023-10-21,2023-10-22
3913,Compétition Sportive,Buttes-Chaumont,2023-01-06,2023-01-09
3914,Festival,Gobelins,2023-05-29,2023-06-02
3915,Compétition Sportive,Reuilly,2023-01-27,2023-01-31
3916,Concert,Temple,2023-11-21,2023-11-24
3917,Compétition Sportive,Batignolles-Monceau,2023-05-14,2023-05-15
3918,Salon,Entrepôt,2023-10-23,2023-10-27
3919,Festival,Ménilmontant,2023-06-02,2023-06-03
3920,Salon,Batignolles-Monceau,2023-11-21,2023-11-22
3921,Festival,Observatoire,2023-07-09,2023-07-13
3922,Festival,Entrepôt,2023-03-20,2023-03-23
3923,Compétition Sportive,Palais-Bourbon,2023-02-15,2023-02-16
3924,Conférence,Temple,2023-03-02,2023-03-03
3925,Festival,Louvre,2023-03-22,2023-03-26
3926,Festival,Buttes-Montmartre,2023-09-30,2023-10-03
3927,Conférence,Popincourt,2023-02-17,2023-02-21
3928,Salon,Observatoire,2023-02-02,2023-02-05
3929,Festival,Bourse,2023-01-18,2023-01-20
3930,Compétition Sportive,Élysée,2023-02-05,2023-02-08
3931,Conférence,Ménilmontant,2023-11-06,2023-11-08
3932,Conférence,Bourse,2023-03-30,2023-04-01
3933,Festival,Buttes-Montmartre,2023-12-21,2023-12-22
3934,Salon,Panthéon,2023-12-31,2024-01-01
3935,Salon,Batignolles-Monceau,2023-05-28,2023-06-01
3936,Concert,Hôtel-de-Ville,2023-04-10,2023-04-14
3937,Concert,Palais-Bourbon,2023-12-29,2024-01-01
3938,Compétition Sportive,Vaugirard,2023-01-31,2023-02-01
3939,Festival,Opéra,2023-01-21,2023-01-25
3940,Salon,Opéra,2023-05-08,2023-05-11
3941,Concert,Luxembourg,2023-12-23,2023-12-24
3942,Festival,Passy,2023-10-17,2023-10-19
3943,Festival,Panthéon,2023-08-18,2023-08-20
3944,Salon,Popincourt,2023-07-04,2023-07-05
3945,Festival,Buttes-Chaumont,2023-06-14,2023-06-17
3946,Conférence,Élysée,2023-09-14,2023-09-16
3947,Concert,Observatoire,2023-02-26,2023-02-27
3948,Compétition Sportive,Entrepôt,2023-11-07,2023-11-10
3949,Concert,Louvre,2023-06-08,2023-06-09
3950,Festival,Panthéon,2023-01-23,2023-01-27
3951,Conférence,Louvre,2023-04-17,2023-04-21
3952,Concert,Bourse,2023-04-12,2023-04-15
3953,Salon,Panthéon,2023-11-27,2023-11-30
3954,Conférence,Hôtel-de-Ville,2023-10-31,2023-11-02
3955,Concert,Reuilly,2023-12-23,2023-12-24
3956,Festival,Palais-Bourbon,2023-04-09,2023-04-11
3957,Salon,Ménilmontant,2023-05-10,2023-05-12
3958,Festival,Hôtel-de-Ville,2023-09-08,2023-09-12
3959,Festival,Passy,2023-08-13,2023-08-15
3960,Salon,Observatoire,2023-10-23,2023-10-26
3961,Conférence,Popincourt,2023-12-25,2023-12-27
3962,Concert,Ménilmontant,2023-04-20,2023-04-24
3963,Conférence,Buttes-Chaumont,2023-01-09,2023-01-11
3964,Salon,Observatoire,2023-05-02,2023-05-03
3965,Concert,Buttes-Chaumont,2023-10-26,2023-10-28
3966,Salon,Temple,2023-12-19,2023-12-20
3967,Compétition Sportive,Luxembourg,2023-02-20,2023-02-22
3968,Compétition Sportive,Buttes-Chaumont,2023-08-01,2023-08-04
3969,Conférence,Ménilmontant,2023-02-19,2023-02-22
3970,Salon,Popincourt,2023-12-09,2023-12-10
3971,Concert,Temple,2023-07-23,2023-07-24
3972,Conférence,Vaugirard,2023-05-30,2023-06-03
3973,Compétition Sportive,Palais-Bourbon,2023-04-02,2023-04-04
3974,Compétition Sportive,Entrepôt,2023-04-01,2023-04-05
3975,Compétition Sportive,Panthéon,2023-01-10,2023-01-14
3976,Conférence,Hôtel-de-Ville,2023-07-29,2023-08-01
3977,Concert,Entrepôt,2023-07-14,2023-07-18
3978,Compétition Sportive,Entrepôt,2023-01-30,2023-02-02
3979,Conférence,Élysée,2023-05-30,2023-06-03
3980,Conférence,Bourse,2023-04-02,2023-04-03
3981,Festival,Louvre,2023-07-20,2023-07-24
3982,Festival,Buttes-Montmartre,2023-12-30,2024-01-01
3983,Concert,Gobelins,2023-10-24,2023-10-27
3984,Compétition Sportive,Opéra,2023-05-24,2023-05-25
3985,Festival,Passy,2023-03-10,2023-03-12
3986,Concert,Louvre,2023-05-22,2023-05-23
3987,Festival,Vaugirard,2023-01-14,2023-01-16
3988,Compétition Sportive,Hôtel-de-Ville,2023-06-24,2023-06-27
3989,Conférence,Élysée,2023-09-29,2023-09-30
3990,Compétition Sportive,Hôtel-de-Ville,2023-12-25,2023-12-28
3991,Festival,Gobelins,2023-02-12,2023-02-13
3992,Compétition Sportive,Entrepôt,2023-03-09,2023-03-10
3993,Conférence,Temple,2023-09-12,2023-09-15
3994,Salon,Observatoire,2023-05-22,2023-05-23
3995,Conférence,Gobelins,2023-02-10,2023-02-14
3996,Festival,Louvre,2023-03-28,2023-03-30
3997,Conférence,Panthéon,2023-11-25,2023-11-27
3998,Concert,Bourse,2023-03-16,2023-03-20
3999,Compétition Sportive,Palais-Bourbon,2023-01-19,2023-01-21
4000,Salon,Batignolles-Monceau,2023-09-25,2023-09-26
4001,Salon,Temple,2023-10-30,2023-10-31
4002,Compétition Sportive,Gobelins,2023-04-08,2023-04-09
4003,Compétition Sportive,Bourse,2023-05-20,2023-05-23
4004,Concert,Passy,2023-05-11,2023-05-12
4005,Conférence,Batignolles-Monceau,2023-07-05,2023-07-06
4006,Salon,Entrepôt,2023-06-23,2023-06-26
4007,Festival,Buttes-Montmartre,2023-06-28,2023-06-29
4008,Compétition Sportive,Buttes-Chaumont,2023-12-21,2023-12-24
4009,Compétition Sportive,Ménilmontant,2023-01-15,2023-01-18
4010,Salon,Entrepôt,2023-10-26,2023-10-29
4011,Compétition Sportive,Élysée,2023-09-22,2023-09-25
4012,Salon,Hôtel-de-Ville,2023-12-14,2023-12-17
4013,Festival,Palais-Bourbon,2023-12-15,2023-12-17
4014,Festival,Popincourt,2023-02-08,2023-02-10
4015,Salon,Entrepôt,2023-08-19,2023-08-20
4016,Compétition Sportive,Ménilmontant,2023-11-20,2023-11-24
4017,Concert,Hôtel-de-Ville,2023-02-26,2023-02-27
4018,Concert,Panthéon,2023-09-20,2023-09-24
4019,Conférence,Hôtel-de-Ville,2023-01-02,2023-01-06
4020,Concert,Reuilly,2023-02-23,2023-02-27
4021,Compétition Sportive,Bourse,2023-02-28,2023-03-01
4022,Concert,Luxembourg,2023-12-21,2023-12-22
4023,Conférence,Luxembourg,2023-04-04,2023-04-08
4024,Festival,Temple,2023-08-01,2023-08-02
4025,Salon,Louvre,2023-02-27,2023-03-02
4026,Concert,Opéra,2023-08-05,2023-08-07
4027,Salon,Luxembourg,2023-05-21,2023-05-23
4028,Salon,Bourse,2023-11-23,2023-11-25
4029,Festival,Popincourt,2023-07-31,2023-08-04
4030,Conférence,Passy,2023-10-28,2023-10-31
4031,Compétition Sportive,Palais-Bourbon,2023-05-13,2023-05-15
4032,Compétition Sportive,Vaugirard,2023-06-15,2023-06-18
4033,Compétition Sportive,Louvre,2023-08-20,2023-08-22
4034,Conférence,Batignolles-Monceau,2023-01-25,2023-01-28
4035,Conférence,Palais-Bourbon,2023-12-04,2023-12-05
4036,Conférence,Vaugirard,2023-07-19,2023-07-20
4037,Concert,Panthéon,2023-11-29,2023-12-02
4038,Salon,Buttes-Montmartre,2023-02-17,2023-02-20
4039,Conférence,Popincourt,2023-02-21,2023-02-25
4040,Conférence,Gobelins,2023-03-01,2023-03-04
4041,Concert,Gobelins,2023-10-06,2023-10-10
4042,Salon,Opéra,2023-11-04,2023-11-06
4043,Compétition Sportive,Élysée,2023-12-08,2023-12-09
4044,Festival,Entrepôt,2023-08-27,2023-08-29
4045,Conférence,Bourse,2023-10-05,2023-10-09
4046,Conférence,Buttes-Montmartre,2023-01-25,2023-01-26
4047,Festival,Louvre,2023-07-02,2023-07-04
4048,Conférence,Louvre,2023-08-27,2023-08-29
4049,Conférence,Palais-Bourbon,2023-03-05,2023-03-08
4050,Conférence,Opéra,2023-11-17,2023-11-18
4051,Festival,Buttes-Chaumont,2023-01-04,2023-01-06
4052,Concert,Passy,2023-11-04,2023-11-07
4053,Concert,Luxembourg,2023-04-27,2023-04-30
4054,Festival,Reuilly,2023-02-22,2023-02-25
4055,Concert,Buttes-Chaumont,2023-01-26,2023-01-30
4056,Compétition Sportive,Opéra,2023-04-10,2023-04-14
4057,Compétition Sportive,Observatoire,2023-07-26,2023-07-29
4058,Festival,Louvre,2023-08-07,2023-08-09
4059,Salon,Vaugirard,2023-01-14,2023-01-16
4060,Conférence,Louvre,2023-03-01,2023-03-02
4061,Salon,Palais-Bourbon,2023-06-02,2023-06-04
4062,Conférence,Luxembourg,2023-02-23,2023-02-26
4063,Concert,Opéra,2023-09-12,2023-09-13
4064,Concert,Panthéon,2023-01-21,2023-01-22
4065,Compétition Sportive,Batignolles-Monceau,2023-02-04,2023-02-06
4066,Salon,Bourse,2023-06-29,2023-06-30
4067,Festival,Élysée,2023-06-03,2023-06-05
4068,Conférence,Batignolles-Monceau,2023-05-23,2023-05-26
4069,Concert,Buttes-Montmartre,2023-01-05,2023-01-08
4070,Conférence,Gobelins,2023-06-10,2023-06-12
4071,Festival,Reuilly,2023-05-01,2023-05-05
4072,Conférence,Opéra,2023-07-28,2023-07-31
4073,Compétition Sportive,Passy,2023-06-21,2023-06-25
4074,Festival,Louvre,2023-10-03,2023-10-05
4075,Festival,Popincourt,2023-08-22,2023-08-24
4076,Conférence,Opéra,2023-11-08,2023-11-11
4077,Conférence,Entrepôt,2023-11-18,2023-11-21
4078,Concert,Luxembourg,2023-04-29,2023-05-03
4079,Conférence,Vaugirard,2023-01-08,2023-01-12
4080,Festival,Élysée,2023-12-05,2023-12-06
4081,Conférence,Louvre,2023-03-05,2023-03-08
4082,Concert,Temple,2023-06-06,2023-06-09
4083,Salon,Ménilmontant,2023-05-27,2023-05-29
4084,Compétition Sportive,Passy,2023-05-17,2023-05-19
4085,Festival,Buttes-Chaumont,2023-03-13,2023-03-17
4086,Concert,Batignolles-Monceau,2023-01-15,2023-01-18
4087,Compétition Sportive,Batignolles-Monceau,2023-11-20,2023-11-24
4088,Conférence,Batignolles-Monceau,2023-11-15,2023-11-16
4089,Conférence,Batignolles-Monceau,2023-04-01,2023-04-03
4090,Salon,Entrepôt,2023-10-30,2023-11-01
4091,Conférence,Luxembourg,2023-09-26,2023-09-29
4092,Compétition Sportive,Ménilmontant,2023-04-09,2023-04-12
4093,Concert,Élysée,2023-10-29,2023-11-01
4094,Salon,Luxembourg,2023-10-19,2023-10-22
4095,Compétition Sportive,Popincourt,2023-01-10,2023-01-13
4096,Concert,Buttes-Montmartre,2023-01-23,2023-01-24
4097,Compétition Sportive,Opéra,2023-10-06,2023-10-08
4098,Conférence,Observatoire,2023-03-09,2023-03-10
4099,Compétition Sportive,Luxembourg,2023-05-13,2023-05-14
4100,Salon,Élysée,2023-01-04,2023-01-08
4101,Compétition Sportive,Ménilmontant,2023-04-15,2023-04-18
4102,Festival,Temple,2023-08-13,2023-08-15
4103,Conférence,Panthéon,2023-08-28,2023-08-31
4104,Compétition Sportive,Temple,2023-08-20,2023-08-21
4105,Concert,Élysée,2023-04-28,2023-04-30
4106,Conférence,Popincourt,2023-01-18,2023-01-20
4107,Concert,Reuilly,2023-11-10,2023-11-14
4108,Salon,Passy,2023-05-06,2023-05-10
4109,Festival,Batignolles-Monceau,2023-11-14,2023-11-18
4110,Compétition Sportive,Élysée,2023-07-18,2023-07-21
4111,Conférence,Hôtel-de-Ville,2023-04-14,2023-04-15
4112,Compétition Sportive,Buttes-Montmartre,2023-04-22,2023-04-26
4113,Compétition Sportive,Passy,2023-01-14,2023-01-18
4114,Conférence,Buttes-Chaumont,2023-09-23,2023-09-26
4115,Festival,Observatoire,2023-04-15,2023-04-17
4116,Festival,Temple,2023-10-22,2023-10-25
4117,Salon,Buttes-Montmartre,2023-08-17,2023-08-19
4118,Conférence,Panthéon,2023-06-23,2023-06-26
4119,Conférence,Passy,2023-04-17,2023-04-21
4120,Concert,Bourse,2023-10-20,2023-10-21
4121,Concert,Opéra,2023-08-27,2023-08-28
4122,Concert,Entrepôt,2023-01-03,2023-01-06
4123,Festival,Temple,2023-09-05,2023-09-09
4124,Salon,Luxembourg,2023-05-15,2023-05-16
4125,Salon,Louvre,2023-11-23,2023-11-26
4126,Compétition Sportive,Vaugirard,2023-09-02,2023-09-04
4127,Salon,Vaugirard,2023-02-21,2023-02-25
4128,Concert,Palais-Bourbon,2023-02-07,2023-02-11
4129,Conférence,Buttes-Montmartre,2023-03-04,2023-03-08
4130,Compétition Sportive,Hôtel-de-Ville,2023-11-16,2023-11-17
4131,Festival,Luxembourg,2023-01-06,2023-01-07
4132,Salon,Panthéon,2023-07-21,2023-07-25
4133,Conférence,Buttes-Montmartre,2023-05-08,2023-05-09
4134,Concert,Temple,2023-11-04,2023-11-06
4135,Festival,Élysée,2023-05-02,2023-05-03
4136,Festival,Entrepôt,2023-05-02,2023-05-03
4137,Salon,Palais-Bourbon,2023-06-21,2023-06-25
4138,Conférence,Ménilmontant,2023-11-16,2023-11-20
4139,Concert,Passy,2023-09-04,2023-09-07
4140,Concert,Buttes-Montmartre,2023-10-10,2023-10-13
4141,Concert,Panthéon,2023-04-19,2023-04-21
4142,Concert,Temple,2023-07-12,2023-07-14
4143,Salon,Popincourt,2023-12-07,2023-12-10
4144,Salon,Buttes-Chaumont,2023-06-14,2023-06-15
4145,Conférence,Hôtel-de-Ville,2023-09-08,2023-09-11
4146,Compétition Sportive,Élysée,2023-12-14,2023-12-17
4147,Salon,Hôtel-de-Ville,2023-02-18,2023-02-20
4148,Concert,Popincourt,2023-11-07,2023-11-09
4149,Conférence,Palais-Bourbon,2023-02-08,2023-02-09
4150,Concert,Passy,2023-06-13,2023-06-17
4151,Salon,Reuilly,2023-07-13,2023-07-17
4152,Conférence,Vaugirard,2023-03-09,2023-03-12
4153,Concert,Passy,2023-09-15,2023-09-16
4154,Compétition Sportive,Entrepôt,2023-11-17,2023-11-21
4155,Festival,Palais-Bourbon,2023-04-14,2023-04-18
4156,Festival,Ménilmontant,2023-10-01,2023-10-03
4157,Concert,Gobelins,2023-06-18,2023-06-22
4158,Festival,Batignolles-Monceau,2023-12-20,2023-12-22
4159,Compétition Sportive,Entrepôt,2023-08-07,2023-08-11
4160,Compétition Sportive,Vaugirard,2023-05-03,2023-05-05
4161,Concert,Reuilly,2023-08-16,2023-08-17
4162,Compétition Sportive,Hôtel-de-Ville,2023-06-16,2023-06-17
4163,Festival,Buttes-Montmartre,2023-06-03,2023-06-06
4164,Concert,Louvre,2023-04-14,2023-04-16
4165,Festival,Élysée,2023-01-03,2023-01-06
4166,Compétition Sportive,Luxembourg,2023-06-26,2023-06-28
4167,Compétition Sportive,Louvre,2023-01-28,2023-01-31
4168,Conférence,Reuilly,2023-05-24,2023-05-26
4169,Salon,Ménilmontant,2023-05-03,2023-05-06
4170,Salon,Bourse,2023-04-26,2023-04-27
4171,Concert,Buttes-Chaumont,2023-01-22,2023-01-23
4172,Festival,Buttes-Montmartre,2023-12-02,2023-12-06
4173,Salon,Batignolles-Monceau,2023-04-07,2023-04-10
4174,Concert,Panthéon,2023-11-29,2023-12-01
4175,Compétition Sportive,Louvre,2023-02-18,2023-02-19
4176,Salon,Élysée,2023-10-11,2023-10-14
4177,Festival,Palais-Bourbon,2023-08-24,2023-08-25
4178,Conférence,Panthéon,2023-03-05,2023-03-08
4179,Conférence,Buttes-Chaumont,2023-07-07,2023-07-10
4180,Salon,Batignolles-Monceau,2023-07-13,2023-07-14
4181,Conférence,Opéra,2023-01-26,2023-01-30
4182,Concert,Buttes-Chaumont,2023-06-19,2023-06-20
4183,Festival,Passy,2023-04-18,2023-04-21
4184,Compétition Sportive,Reuilly,2023-10-04,2023-10-07
4185,Festival,Reuilly,2023-10-15,2023-10-18
4186,Compétition Sportive,Hôtel-de-Ville,2023-07-17,2023-07-20
4187,Conférence,Élysée,2023-07-16,2023-07-20
4188,Concert,Batignolles-Monceau,2023-01-24,2023-01-27
4189,Compétition Sportive,Temple,2023-09-12,2023-09-13
4190,Conférence,Panthéon,2023-03-06,2023-03-08
4191,Compétition Sportive,Bourse,2023-10-06,2023-10-10
4192,Salon,Observatoire,2023-03-21,2023-03-24
4193,Festival,Élysée,2023-01-08,2023-01-10
4194,Concert,Entrepôt,2023-02-14,2023-02-16
4195,Conférence,Buttes-Chaumont,2023-05-19,2023-05-23
4196,Concert,Luxembourg,2023-02-26,2023-03-02
4197,Festival,Ménilmontant,2023-01-12,2023-01-14
4198,Compétition Sportive,Gobelins,2023-03-13,2023-03-16
4199,Compétition Sportive,Ménilmontant,2023-03-04,2023-03-08
4200,Concert,Popincourt,2023-06-12,2023-06-13
4201,Compétition Sportive,Louvre,2023-02-07,2023-02-09
4202,Compétition Sportive,Vaugirard,2023-10-04,2023-10-08
4203,Compétition Sportive,Opéra,2023-02-20,2023-02-24
4204,Salon,Hôtel-de-Ville,2023-06-03,2023-06-06
4205,Conférence,Popincourt,2023-01-20,2023-01-21
4206,Conférence,Passy,2023-10-08,2023-10-12
4207,Festival,Opéra,2023-07-29,2023-07-30
4208,Compétition Sportive,Batignolles-Monceau,2023-09-02,2023-09-04
4209,Concert,Observatoire,2023-09-05,2023-09-07
4210,Compétition Sportive,Gobelins,2023-10-01,2023-10-03
4211,Festival,Élysée,2023-02-17,2023-02-21
4212,Compétition Sportive,Gobelins,2023-01-14,2023-01-15
4213,Salon,Observatoire,2023-09-09,2023-09-10
4214,Festival,Batignolles-Monceau,2023-06-15,2023-06-19
4215,Conférence,Louvre,2023-04-23,2023-04-24
4216,Conférence,Opéra,2023-03-05,2023-03-07
4217,Salon,Buttes-Montmartre,2023-10-12,2023-10-14
4218,Conférence,Panthéon,2023-03-28,2023-04-01
4219,Salon,Popincourt,2023-08-22,2023-08-25
4220,Conférence,Panthéon,2023-09-06,2023-09-09
4221,Conférence,Passy,2023-04-23,2023-04-25
4222,Compétition Sportive,Ménilmontant,2023-08-14,2023-08-15
4223,Festival,Batignolles-Monceau,2023-07-02,2023-07-06
4224,Conférence,Gobelins,2023-03-22,2023-03-23
4225,Festival,Panthéon,2023-10-02,2023-10-04
4226,Festival,Bourse,2023-04-03,2023-04-06
4227,Conférence,Buttes-Montmartre,2023-07-13,2023-07-15
4228,Festival,Palais-Bourbon,2023-04-16,2023-04-20
4229,Salon,Ménilmontant,2023-04-10,2023-04-14
4230,Concert,Buttes-Chaumont,2023-02-05,2023-02-07
4231,Salon,Bourse,2023-07-03,2023-07-04
4232,Conférence,Passy,2023-05-29,2023-05-31
4233,Salon,Hôtel-de-Ville,2023-08-13,2023-08-15
4234,Concert,Temple,2023-03-04,2023-03-05
4235,Salon,Popincourt,2023-07-21,2023-07-22
4236,Festival,Batignolles-Monceau,2023-05-23,2023-05-24
4237,Conférence,Buttes-Montmartre,2023-09-25,2023-09-26
4238,Festival,Élysée,2023-09-16,2023-09-19
4239,Festival,Élysée,2023-09-11,2023-09-15
4240,Conférence,Passy,2023-09-22,2023-09-25
4241,Conférence,Opéra,2023-02-11,2023-02-13
4242,Compétition Sportive,Opéra,2023-07-21,2023-07-22
4243,Concert,Palais-Bourbon,2023-01-31,2023-02-04
4244,Festival,Luxembourg,2023-06-14,2023-06-15
4245,Festival,Gobelins,2023-09-24,2023-09-25
4246,Conférence,Popincourt,2023-07-08,2023-07-11
4247,Conférence,Temple,2023-10-10,2023-10-12
4248,Salon,Luxembourg,2023-03-11,2023-03-13
4249,Festival,Vaugirard,2023-08-23,2023-08-25
4250,Festival,Batignolles-Monceau,2023-04-04,2023-04-05
4251,Conférence,Panthéon,2023-10-26,2023-10-30
4252,Festival,Temple,2023-10-28,2023-10-31
4253,Concert,Palais-Bourbon,2023-11-02,2023-11-03
4254,Compétition Sportive,Bourse,2023-09-19,2023-09-20
4255,Conférence,Palais-Bourbon,2023-05-21,2023-05-24
4256,Conférence,Bourse,2023-08-18,2023-08-20
4257,Festival,Ménilmontant,2023-09-25,2023-09-28
4258,Compétition Sportive,Observatoire,2023-09-20,2023-09-21
4259,Compétition Sportive,Hôtel-de-Ville,2023-05-22,2023-05-26
4260,Conférence,Louvre,2023-07-20,2023-07-21
4261,Conférence,Ménilmontant,2023-04-09,2023-04-12
4262,Conférence,Reuilly,2023-10-30,2023-11-02
4263,Concert,Reuilly,2023-09-20,2023-09-23
4264,Festival,Gobelins,2023-02-08,2023-02-10
4265,Concert,Ménilmontant,2023-07-03,2023-07-05
4266,Conférence,Entrepôt,2023-08-01,2023-08-04
4267,Compétition Sportive,Passy,2023-05-03,2023-05-07
4268,Festival,Luxembourg,2023-10-10,2023-10-13
4269,Festival,Buttes-Chaumont,2023-03-02,2023-03-03
4270,Conférence,Louvre,2023-03-07,2023-03-10
4271,Conférence,Reuilly,2023-11-04,2023-11-06
4272,Conférence,Hôtel-de-Ville,2023-12-23,2023-12-26
4273,Conférence,Popincourt,2023-10-16,2023-10-19
4274,Conférence,Reuilly,2023-04-18,2023-04-21
4275,Conférence,Observatoire,2023-05-20,2023-05-21
4276,Festival,Reuilly,2023-08-31,2023-09-02
4277,Concert,Temple,2023-12-07,2023-12-11
4278,Compétition Sportive,Reuilly,2023-04-04,2023-04-07
4279,Conférence,Entrepôt,2023-12-08,2023-12-09
4280,Compétition Sportive,Vaugirard,2023-11-18,2023-11-21
4281,Festival,Batignolles-Monceau,2023-06-01,2023-06-03
4282,Compétition Sportive,Buttes-Chaumont,2023-08-12,2023-08-13
4283,Festival,Hôtel-de-Ville,2023-06-22,2023-06-23
4284,Salon,Gobelins,2023-07-23,2023-07-24
4285,Concert,Panthéon,2023-09-04,2023-09-06
4286,Salon,Temple,2023-07-02,2023-07-06
4287,Festival,Buttes-Chaumont,2023-02-22,2023-02-25
4288,Salon,Palais-Bourbon,2023-12-26,2023-12-27
4289,Festival,Bourse,2023-10-02,2023-10-04
4290,Salon,Opéra,2023-06-28,2023-06-29
4291,Festival,Vaugirard,2023-12-04,2023-12-08
4292,Concert,Batignolles-Monceau,2023-04-08,2023-04-09
4293,Concert,Ménilmontant,2023-05-06,2023-05-07
4294,Concert,Observatoire,2023-07-13,2023-07-17
4295,Festival,Élysée,2023-02-14,2023-02-16
4296,Compétition Sportive,Panthéon,2023-12-24,2023-12-26
4297,Salon,Reuilly,2023-07-30,2023-08-02
4298,Salon,Temple,2023-06-18,2023-06-19
4299,Salon,Reuilly,2023-05-25,2023-05-28
4300,Salon,Ménilmontant,2023-02-09,2023-02-12
4301,Concert,Hôtel-de-Ville,2023-11-25,2023-11-26
4302,Compétition Sportive,Gobelins,2023-12-24,2023-12-25
4303,Salon,Hôtel-de-Ville,2023-03-26,2023-03-30
4304,Compétition Sportive,Vaugirard,2023-07-05,2023-07-08
4305,Festival,Vaugirard,2023-02-08,2023-02-09
4306,Festival,Batignolles-Monceau,2023-08-10,2023-08-14
4307,Salon,Reuilly,2023-07-10,2023-07-11
4308,Conférence,Panthéon,2023-01-28,2023-01-31
4309,Concert,Popincourt,2023-12-06,2023-12-07
4310,Salon,Buttes-Montmartre,2023-06-24,2023-06-25
4311,Concert,Palais-Bourbon,2023-08-25,2023-08-27
4312,Salon,Observatoire,2023-02-16,2023-02-20
4313,Concert,Reuilly,2023-04-20,2023-04-21
4314,Conférence,Batignolles-Monceau,2023-07-08,2023-07-10
4315,Conférence,Popincourt,2023-10-01,2023-10-02
4316,Festival,Buttes-Montmartre,2023-06-27,2023-06-30
4317,Salon,Louvre,2023-04-03,2023-04-06
4318,Conférence,Luxembourg,2023-04-01,2023-04-03
4319,Conférence,Popincourt,2023-09-02,2023-09-03
4320,Salon,Palais-Bourbon,2023-01-01,2023-01-03
4321,Salon,Buttes-Montmartre,2023-02-04,2023-02-05
4322,Festival,Hôtel-de-Ville,2023-09-18,2023-09-22
4323,Conférence,Bourse,2023-04-26,2023-04-30
4324,Concert,Reuilly,2023-09-19,2023-09-20
4325,Salon,Reuilly,2023-03-01,2023-03-02
4326,Salon,Louvre,2023-04-10,2023-04-14
4327,Salon,Vaugirard,2023-05-13,2023-05-15
4328,Salon,Observatoire,2023-08-24,2023-08-28
4329,Conférence,Buttes-Chaumont,2023-06-09,2023-06-11
4330,Concert,Batignolles-Monceau,2023-09-12,2023-09-14
4331,Festival,Ménilmontant,2023-08-25,2023-08-29
4332,Compétition Sportive,Hôtel-de-Ville,2023-04-05,2023-04-09
4333,Conférence,Palais-Bourbon,2023-02-09,2023-02-12
4334,Conférence,Temple,2023-08-25,2023-08-27
4335,Compétition Sportive,Passy,2023-08-24,2023-08-28
4336,Compétition Sportive,Hôtel-de-Ville,2023-10-25,2023-10-29
4337,Salon,Popincourt,2023-03-15,2023-03-16
4338,Concert,Buttes-Montmartre,2023-08-11,2023-08-13
4339,Conférence,Passy,2023-12-13,2023-12-16
4340,Conférence,Hôtel-de-Ville,2023-01-29,2023-02-02
4341,Festival,Palais-Bourbon,2023-11-30,2023-12-03
4342,Compétition Sportive,Buttes-Chaumont,2023-01-23,2023-01-26
4343,Compétition Sportive,Vaugirard,2023-01-04,2023-01-06
4344,Conférence,Luxembourg,2023-09-01,2023-09-04
4345,Compétition Sportive,Observatoire,2023-02-03,2023-02-07
4346,Salon,Bourse,2023-04-15,2023-04-18
4347,Festival,Reuilly,2023-06-15,2023-06-19
4348,Conférence,Panthéon,2023-11-13,2023-11-16
4349,Festival,Batignolles-Monceau,2023-01-27,2023-01-30
4350,Salon,Élysée,2023-03-24,2023-03-27
4351,Festival,Reuilly,2023-06-08,2023-06-10
4352,Compétition Sportive,Observatoire,2023-11-29,2023-12-02
4353,Conférence,Temple,2023-06-04,2023-06-06
4354,Festival,Panthéon,2023-06-20,2023-06-21
4355,Concert,Popincourt,2023-04-06,2023-04-08
4356,Conférence,Élysée,2023-10-29,2023-10-31
4357,Festival,Batignolles-Monceau,2023-08-29,2023-09-01
4358,Conférence,Reuilly,2023-10-20,2023-10-23
4359,Festival,Reuilly,2023-05-01,2023-05-05
4360,Festival,Louvre,2023-07-14,2023-07-18
4361,Compétition Sportive,Temple,2023-08-19,2023-08-23
4362,Festival,Bourse,2023-05-14,2023-05-17
4363,Concert,Hôtel-de-Ville,2023-02-28,2023-03-02
4364,Compétition Sportive,Buttes-Chaumont,2023-05-11,2023-05-15
4365,Concert,Panthéon,2023-01-27,2023-01-31
4366,Concert,Hôtel-de-Ville,2023-09-02,2023-09-04
4367,Salon,Ménilmontant,2023-05-10,2023-05-14
4368,Concert,Batignolles-Monceau,2023-11-16,2023-11-19
4369,Festival,Opéra,2023-08-20,2023-08-21
4370,Conférence,Reuilly,2023-06-21,2023-06-22
4371,Compétition Sportive,Buttes-Chaumont,2023-03-17,2023-03-21
4372,Compétition Sportive,Luxembourg,2023-02-24,2023-02-25
4373,Compétition Sportive,Reuilly,2023-08-27,2023-08-28
4374,Conférence,Hôtel-de-Ville,2023-05-01,2023-05-04
4375,Concert,Temple,2023-11-28,2023-12-01
4376,Salon,Bourse,2023-07-11,2023-07-13
4377,Festival,Hôtel-de-Ville,2023-01-10,2023-01-14
4378,Compétition Sportive,Observatoire,2023-10-18,2023-10-19
4379,Festival,Élysée,2023-05-14,2023-05-16
4380,Concert,Vaugirard,2023-03-30,2023-04-03
4381,Salon,Ménilmontant,2023-09-12,2023-09-15
4382,Compétition Sportive,Buttes-Montmartre,2023-07-01,2023-07-03
4383,Concert,Louvre,2023-08-10,2023-08-12
4384,Salon,Panthéon,2023-07-26,2023-07-30
4385,Compétition Sportive,Bourse,2023-11-19,2023-11-23
4386,Concert,Bourse,2023-03-23,2023-03-24
4387,Festival,Élysée,2023-04-30,2023-05-01
4388,Conférence,Reuilly,2023-11-08,2023-11-12
4389,Compétition Sportive,Élysée,2023-12-03,2023-12-04
4390,Salon,Popincourt,2023-03-01,2023-03-05
4391,Salon,Popincourt,2023-09-27,2023-09-28
4392,Conférence,Hôtel-de-Ville,2023-06-23,2023-06-25
4393,Conférence,Bourse,2023-09-29,2023-10-02
4394,Concert,Palais-Bourbon,2023-10-10,2023-10-11
4395,Conférence,Panthéon,2023-08-23,2023-08-26
4396,Compétition Sportive,Popincourt,2023-03-02,2023-03-04
4397,Conférence,Observatoire,2023-10-08,2023-10-10
4398,Compétition Sportive,Palais-Bourbon,2023-06-27,2023-07-01
4399,Festival,Passy,2023-02-27,2023-02-28
4400,Conférence,Passy,2023-03-19,2023-03-23
4401,Festival,Batignolles-Monceau,2023-05-13,2023-05-15
4402,Salon,Bourse,2023-11-06,2023-11-10
4403,Conférence,Hôtel-de-Ville,2023-10-20,2023-10-23
4404,Salon,Élysée,2023-11-26,2023-11-27
4405,Festival,Vaugirard,2023-01-10,2023-01-14
4406,Salon,Élysée,2023-09-22,2023-09-25
4407,Festival,Élysée,2023-11-30,2023-12-01
4408,Concert,Élysée,2023-10-16,2023-10-17
4409,Festival,Opéra,2023-03-11,2023-03-13
4410,Concert,Batignolles-Monceau,2023-02-26,2023-03-02
4411,Salon,Entrepôt,2023-01-26,2023-01-28
4412,Festival,Popincourt,2023-06-16,2023-06-19
4413,Concert,Buttes-Montmartre,2023-06-21,2023-06-22
4414,Festival,Vaugirard,2023-11-16,2023-11-19
4415,Compétition Sportive,Opéra,2023-07-14,2023-07-15
4416,Compétition Sportive,Popincourt,2023-02-17,2023-02-19
4417,Salon,Buttes-Montmartre,2023-02-09,2023-02-13
4418,Compétition Sportive,Luxembourg,2023-06-23,2023-06-25
4419,Conférence,Élysée,2023-12-18,2023-12-19
4420,Concert,Élysée,2023-09-16,2023-09-19
4421,Conférence,Vaugirard,2023-09-10,2023-09-12
4422,Compétition Sportive,Hôtel-de-Ville,2023-07-30,2023-07-31
4423,Salon,Passy,2023-09-17,2023-09-18
4424,Conférence,Buttes-Montmartre,2023-09-12,2023-09-13
4425,Salon,Luxembourg,2023-05-20,2023-05-21
4426,Festival,Panthéon,2023-09-08,2023-09-11
4427,Conférence,Louvre,2023-08-28,2023-08-29
4428,Festival,Vaugirard,2023-05-11,2023-05-14
4429,Conférence,Observatoire,2023-01-03,2023-01-06
4430,Concert,Batignolles-Monceau,2023-05-05,2023-05-09
4431,Salon,Élysée,2023-08-19,2023-08-22
4432,Festival,Louvre,2023-10-25,2023-10-29
4433,Compétition Sportive,Reuilly,2023-09-06,2023-09-09
4434,Conférence,Temple,2023-05-27,2023-05-29
4435,Festival,Reuilly,2023-06-05,2023-06-08
4436,Conférence,Popincourt,2023-10-21,2023-10-24
4437,Conférence,Buttes-Montmartre,2023-04-27,2023-05-01
4438,Conférence,Bourse,2023-05-17,2023-05-20
4439,Festival,Batignolles-Monceau,2023-07-03,2023-07-04
4440,Festival,Luxembourg,2023-04-20,2023-04-24
4441,Conférence,Luxembourg,2023-05-15,2023-05-17
4442,Compétition Sportive,Gobelins,2023-04-11,2023-04-15
4443,Salon,Observatoire,2023-04-26,2023-04-29
4444,Conférence,Gobelins,2023-04-29,2023-05-02
4445,Compétition Sportive,Opéra,2023-07-23,2023-07-25
4446,Salon,Buttes-Montmartre,2023-02-23,2023-02-26
4447,Conférence,Luxembourg,2023-01-28,2023-01-29
4448,Salon,Entrepôt,2023-08-28,2023-08-29
4449,Conférence,Entrepôt,2023-09-13,2023-09-17
4450,Festival,Passy,2023-06-05,2023-06-08
4451,Conférence,Batignolles-Monceau,2023-01-25,2023-01-26
4452,Conférence,Louvre,2023-09-11,2023-09-13
4453,Conférence,Entrepôt,2023-12-13,2023-12-17
4454,Conférence,Batignolles-Monceau,2023-04-09,2023-04-11
4455,Compétition Sportive,Reuilly,2023-07-26,2023-07-29
4456,Concert,Palais-Bourbon,2023-06-26,2023-06-27
4457,Compétition Sportive,Gobelins,2023-08-15,2023-08-19
4458,Compétition Sportive,Observatoire,2023-03-03,2023-03-04
4459,Festival,Batignolles-Monceau,2023-06-19,2023-06-22
4460,Conférence,Élysée,2023-03-28,2023-03-30
4461,Compétition Sportive,Vaugirard,2023-01-27,2023-01-30
4462,Salon,Élysée,2023-08-18,2023-08-21
4463,Conférence,Vaugirard,2023-01-08,2023-01-11
4464,Festival,Entrepôt,2023-07-09,2023-07-10
4465,Festival,Opéra,2023-01-04,2023-01-06
4466,Salon,Palais-Bourbon,2023-02-23,2023-02-24
4467,Festival,Vaugirard,2023-06-25,2023-06-26
4468,Conférence,Entrepôt,2023-11-13,2023-11-17
4469,Concert,Ménilmontant,2023-05-26,2023-05-27
4470,Concert,Panthéon,2023-09-06,2023-09-09
4471,Compétition Sportive,Buttes-Montmartre,2023-04-19,2023-04-20
4472,Festival,Gobelins,2023-10-01,2023-10-03
4473,Conférence,Opéra,2023-01-29,2023-02-01
4474,Salon,Luxembourg,2023-05-29,2023-05-31
4475,Salon,Entrepôt,2023-11-06,2023-11-09
4476,Conférence,Passy,2023-04-01,2023-04-02
4477,Conférence,Luxembourg,2023-02-16,2023-02-20
4478,Salon,Batignolles-Monceau,2023-07-13,2023-07-17
4479,Festival,Panthéon,2023-11-20,2023-11-21
4480,Compétition Sportive,Observatoire,2023-07-23,2023-07-26
4481,Compétition Sportive,Luxembourg,2023-03-21,2023-03-23
4482,Compétition Sportive,Temple,2023-03-30,2023-04-02
4483,Conférence,Entrepôt,2023-05-31,2023-06-02
4484,Salon,Ménilmontant,2023-09-30,2023-10-01
4485,Salon,Entrepôt,2023-11-13,2023-11-14
4486,Salon,Ménilmontant,2023-06-29,2023-06-30
4487,Salon,Reuilly,2023-02-11,2023-02-15
4488,Salon,Passy,2023-02-20,2023-02-23
4489,Concert,Gobelins,2023-08-26,2023-08-27
4490,Conférence,Buttes-Montmartre,2023-07-04,2023-07-08
4491,Conférence,Louvre,2023-10-19,2023-10-23
4492,Concert,Gobelins,2023-09-15,2023-09-16
4493,Compétition Sportive,Popincourt,2023-10-06,2023-10-07
4494,Festival,Palais-Bourbon,2023-07-07,2023-07-09
4495,Conférence,Palais-Bourbon,2023-07-06,2023-07-07
4496,Conférence,Panthéon,2023-07-13,2023-07-15
4497,Concert,Passy,2023-02-12,2023-02-16
4498,Conférence,Opéra,2023-07-21,2023-07-25
4499,Conférence,Palais-Bourbon,2023-04-17,2023-04-18
4500,Compétition Sportive,Entrepôt,2023-03-14,2023-03-18
4501,Concert,Entrepôt,2023-08-09,2023-08-10
4502,Conférence,Reuilly,2023-03-31,2023-04-02
4503,Salon,Louvre,2023-04-30,2023-05-04
4504,Concert,Passy,2023-06-13,2023-06-15
4505,Compétition Sportive,Buttes-Montmartre,2023-11-12,2023-11-16
4506,Festival,Batignolles-Monceau,2023-08-09,2023-08-10
4507,Conférence,Temple,2023-01-21,2023-01-24
4508,Salon,Hôtel-de-Ville,2023-04-07,2023-04-11
4509,Salon,Reuilly,2023-12-22,2023-12-24
4510,Festival,Élysée,2023-12-19,2023-12-22
4511,Concert,Temple,2023-01-04,2023-01-06
4512,Compétition Sportive,Palais-Bourbon,2023-06-10,2023-06-12
4513,Conférence,Passy,2023-05-22,2023-05-23
4514,Conférence,Buttes-Chaumont,2023-03-29,2023-04-02
4515,Conférence,Buttes-Montmartre,2023-11-16,2023-11-19
4516,Salon,Batignolles-Monceau,2023-07-09,2023-07-12
4517,Concert,Luxembourg,2023-03-30,2023-03-31
4518,Festival,Reuilly,2023-05-15,2023-05-16
4519,Concert,Reuilly,2023-09-18,2023-09-22
4520,Compétition Sportive,Buttes-Montmartre,2023-01-13,2023-01-14
4521,Compétition Sportive,Entrepôt,2023-09-04,2023-09-06
4522,Festival,Buttes-Montmartre,2023-09-07,2023-09-10
4523,Salon,Gobelins,2023-03-25,2023-03-26
4524,Festival,Batignolles-Monceau,2023-04-27,2023-04-29
4525,Compétition Sportive,Vaugirard,2023-04-01,2023-04-03
4526,Salon,Bourse,2023-09-20,2023-09-21
4527,Concert,Élysée,2023-06-11,2023-06-14
4528,Compétition Sportive,Élysée,2023-05-29,2023-05-30
4529,Salon,Buttes-Montmartre,2023-07-07,2023-07-08
4530,Salon,Gobelins,2023-12-04,2023-12-06
4531,Conférence,Buttes-Chaumont,2023-07-05,2023-07-09
4532,Concert,Buttes-Montmartre,2023-02-25,2023-02-28
4533,Salon,Buttes-Chaumont,2023-08-01,2023-08-04
4534,Festival,Bourse,2023-05-28,2023-05-29
4535,Concert,Buttes-Chaumont,2023-11-02,2023-11-06
4536,Concert,Gobelins,2023-11-06,2023-11-09
4537,Compétition Sportive,Palais-Bourbon,2023-02-09,2023-02-11
4538,Concert,Louvre,2023-06-01,2023-06-03
4539,Concert,Louvre,2023-03-26,2023-03-30
4540,Conférence,Hôtel-de-Ville,2023-04-18,2023-04-22
4541,Concert,Luxembourg,2023-11-10,2023-11-12
4542,Salon,Élysée,2023-10-14,2023-10-15
4543,Festival,Louvre,2023-04-28,2023-04-30
4544,Conférence,Vaugirard,2023-06-27,2023-06-28
4545,Conférence,Palais-Bourbon,2023-05-18,2023-05-21
4546,Conférence,Reuilly,2023-03-25,2023-03-28
4547,Conférence,Entrepôt,2023-09-27,2023-09-29
4548,Compétition Sportive,Bourse,2023-01-19,2023-01-20
4549,Conférence,Entrepôt,2023-01-30,2023-02-02
4550,Compétition Sportive,Bourse,2023-11-09,2023-11-11
4551,Compétition Sportive,Panthéon,2023-09-29,2023-10-01
4552,Concert,Entrepôt,2023-01-22,2023-01-23
4553,Festival,Panthéon,2023-11-06,2023-11-09
4554,Concert,Observatoire,2023-03-25,2023-03-27
4555,Compétition Sportive,Buttes-Montmartre,2023-11-22,2023-11-25
4556,Concert,Buttes-Montmartre,2023-04-19,2023-04-21
4557,Salon,Buttes-Chaumont,2023-08-13,2023-08-17
4558,Conférence,Gobelins,2023-01-05,2023-01-09
4559,Conférence,Temple,2023-03-12,2023-03-14
4560,Compétition Sportive,Palais-Bourbon,2023-10-03,2023-10-06
4561,Concert,Élysée,2023-02-07,2023-02-08
4562,Salon,Buttes-Chaumont,2023-05-09,2023-05-10
4563,Salon,Palais-Bourbon,2023-04-28,2023-04-29
4564,Salon,Popincourt,2023-01-05,2023-01-06
4565,Compétition Sportive,Hôtel-de-Ville,2023-03-26,2023-03-27
4566,Concert,Passy,2023-11-13,2023-11-14
4567,Salon,Louvre,2023-03-19,2023-03-21
4568,Salon,Gobelins,2023-05-05,2023-05-09
4569,Concert,Buttes-Montmartre,2023-03-17,2023-03-18
4570,Concert,Hôtel-de-Ville,2023-10-10,2023-10-13
4571,Conférence,Opéra,2023-12-25,2023-12-28
4572,Festival,Élysée,2023-10-08,2023-10-11
4573,Festival,Batignolles-Monceau,2023-12-13,2023-12-15
4574,Salon,Palais-Bourbon,2023-05-10,2023-05-13
4575,Concert,Entrepôt,2023-05-30,2023-06-03
4576,Conférence,Luxembourg,2023-12-18,2023-12-22
4577,Compétition Sportive,Temple,2023-11-06,2023-11-08
4578,Festival,Vaugirard,2023-05-25,2023-05-26
4579,Festival,Élysée,2023-07-08,2023-07-09
4580,Concert,Luxembourg,2023-03-07,2023-03-09
4581,Compétition Sportive,Popincourt,2023-09-02,2023-09-06
4582,Festival,Bourse,2023-09-01,2023-09-05
4583,Conférence,Opéra,2023-04-29,2023-05-02
4584,Festival,Élysée,2023-06-03,2023-06-06
4585,Concert,Buttes-Chaumont,2023-06-10,2023-06-13
4586,Concert,Buttes-Chaumont,2023-01-01,2023-01-04
4587,Compétition Sportive,Ménilmontant,2023-02-09,2023-02-10
4588,Festival,Palais-Bourbon,2023-06-20,2023-06-22
4589,Compétition Sportive,Palais-Bourbon,2023-10-27,2023-10-30
4590,Festival,Popincourt,2023-07-09,2023-07-10
4591,Salon,Panthéon,2023-10-19,2023-10-20
4592,Festival,Ménilmontant,2023-10-22,2023-10-25
4593,Concert,Luxembourg,2023-05-06,2023-05-07
4594,Concert,Luxembourg,2023-09-25,2023-09-28
4595,Salon,Palais-Bourbon,2023-01-21,2023-01-23
4596,Festival,Buttes-Chaumont,2023-03-28,2023-04-01
4597,Festival,Luxembourg,2023-09-26,2023-09-28
4598,Concert,Temple,2023-10-02,2023-10-05
4599,Salon,Opéra,2023-02-15,2023-02-19
4600,Concert,Buttes-Chaumont,2023-04-22,2023-04-25
4601,Salon,Batignolles-Monceau,2023-07-04,2023-07-08
4602,Concert,Panthéon,2023-07-09,2023-07-12
4603,Conférence,Temple,2023-02-25,2023-02-26
4604,Festival,Panthéon,2023-05-09,2023-05-12
4605,Compétition Sportive,Buttes-Montmartre,2023-04-20,2023-04-21
4606,Conférence,Ménilmontant,2023-12-08,2023-12-12
4607,Concert,Buttes-Montmartre,2023-06-05,2023-06-08
4608,Salon,Observatoire,2023-05-12,2023-05-14
4609,Compétition Sportive,Panthéon,2023-07-18,2023-07-20
4610,Salon,Popincourt,2023-03-16,2023-03-20
4611,Salon,Buttes-Chaumont,2023-07-23,2023-07-26
4612,Festival,Popincourt,2023-02-22,2023-02-23
4613,Concert,Reuilly,2023-02-08,2023-02-10
4614,Festival,Bourse,2023-10-18,2023-10-19
4615,Salon,Opéra,2023-12-04,2023-12-08
4616,Festival,Buttes-Chaumont,2023-02-20,2023-02-24
4617,Conférence,Batignolles-Monceau,2023-07-11,2023-07-15
4618,Salon,Gobelins,2023-07-26,2023-07-30
4619,Salon,Gobelins,2023-11-11,2023-11-14
4620,Conférence,Temple,2023-10-09,2023-10-10
4621,Salon,Élysée,2023-04-23,2023-04-27
4622,Compétition Sportive,Opéra,2023-04-25,2023-04-27
4623,Compétition Sportive,Buttes-Montmartre,2023-09-16,2023-09-18
4624,Concert,Ménilmontant,2023-11-29,2023-11-30
4625,Concert,Batignolles-Monceau,2023-12-20,2023-12-24
4626,Festival,Reuilly,2023-08-27,2023-08-28
4627,Festival,Élysée,2023-01-17,2023-01-20
4628,Conférence,Batignolles-Monceau,2023-11-17,2023-11-19
4629,Conférence,Observatoire,2023-07-25,2023-07-28
4630,Salon,Buttes-Montmartre,2023-09-14,2023-09-17
4631,Concert,Gobelins,2023-03-29,2023-04-01
4632,Concert,Élysée,2023-11-09,2023-11-11
4633,Concert,Buttes-Montmartre,2023-01-11,2023-01-12
4634,Concert,Entrepôt,2023-03-08,2023-03-10
4635,Festival,Passy,2023-07-24,2023-07-26
4636,Compétition Sportive,Luxembourg,2023-11-07,2023-11-11
4637,Conférence,Hôtel-de-Ville,2023-03-27,2023-03-28
4638,Conférence,Palais-Bourbon,2023-02-10,2023-02-13
4639,Concert,Ménilmontant,2023-04-15,2023-04-19
4640,Concert,Panthéon,2023-01-30,2023-02-01
4641,Festival,Bourse,2023-10-08,2023-10-10
4642,Festival,Vaugirard,2023-09-13,2023-09-14
4643,Conférence,Opéra,2023-11-16,2023-11-19
4644,Concert,Palais-Bourbon,2023-08-05,2023-08-07
4645,Concert,Passy,2023-04-13,2023-04-16
4646,Conférence,Vaugirard,2023-06-11,2023-06-13
4647,Festival,Ménilmontant,2023-07-05,2023-07-09
4648,Conférence,Popincourt,2023-09-13,2023-09-14
4649,Festival,Palais-Bourbon,2023-03-27,2023-03-29
4650,Festival,Palais-Bourbon,2023-07-01,2023-07-03
4651,Festival,Popincourt,2023-04-27,2023-05-01
4652,Concert,Élysée,2023-09-04,2023-09-08
4653,Conférence,Buttes-Montmartre,2023-05-26,2023-05-29
4654,Festival,Vaugirard,2023-09-29,2023-10-02
4655,Compétition Sportive,Buttes-Chaumont,2023-07-03,2023-07-05
4656,Festival,Observatoire,2023-07-21,2023-07-25
4657,Festival,Buttes-Montmartre,2023-06-08,2023-06-11
4658,Festival,Louvre,2023-02-17,2023-02-18
4659,Salon,Batignolles-Monceau,2023-05-04,2023-05-06
4660,Compétition Sportive,Passy,2023-11-29,2023-12-01
4661,Concert,Louvre,2023-06-11,2023-06-15
4662,Conférence,Batignolles-Monceau,2023-06-11,2023-06-13
4663,Conférence,Luxembourg,2023-08-22,2023-08-24
4664,Conférence,Bourse,2023-03-01,2023-03-04
4665,Concert,Reuilly,2023-03-17,2023-03-18
4666,Festival,Palais-Bourbon,2023-02-09,2023-02-13
4667,Compétition Sportive,Gobelins,2023-05-25,2023-05-27
4668,Conférence,Vaugirard,2023-06-18,2023-06-20
4669,Salon,Bourse,2023-11-08,2023-11-12
4670,Salon,Passy,2023-06-23,2023-06-26
4671,Compétition Sportive,Entrepôt,2023-03-13,2023-03-16
4672,Conférence,Buttes-Montmartre,2023-05-19,2023-05-22
4673,Festival,Louvre,2023-02-09,2023-02-11
4674,Conférence,Vaugirard,2023-06-23,2023-06-26
4675,Festival,Louvre,2023-03-06,2023-03-10
4676,Conférence,Bourse,2023-02-01,2023-02-03
4677,Salon,Ménilmontant,2023-04-18,2023-04-22
4678,Concert,Ménilmontant,2023-06-29,2023-07-02
4679,Compétition Sportive,Hôtel-de-Ville,2023-09-23,2023-09-26
4680,Festival,Vaugirard,2023-12-30,2023-12-31
4681,Concert,Élysée,2023-04-25,2023-04-28
4682,Festival,Bourse,2023-05-11,2023-05-13
4683,Compétition Sportive,Buttes-Montmartre,2023-09-07,2023-09-11
4684,Concert,Panthéon,2023-05-17,2023-05-18
4685,Concert,Entrepôt,2023-05-16,2023-05-17
4686,Compétition Sportive,Buttes-Chaumont,2023-03-15,2023-03-18
4687,Compétition Sportive,Buttes-Montmartre,2023-01-08,2023-01-11
4688,Festival,Buttes-Montmartre,2023-09-29,2023-10-03
4689,Concert,Popincourt,2023-09-24,2023-09-25
4690,Compétition Sportive,Batignolles-Monceau,2023-10-06,2023-10-07
4691,Festival,Batignolles-Monceau,2023-11-08,2023-11-12
4692,Conférence,Reuilly,2023-05-30,2023-06-02
4693,Compétition Sportive,Gobelins,2023-12-26,2023-12-27
4694,Concert,Entrepôt,2023-10-22,2023-10-26
4695,Conférence,Opéra,2023-05-16,2023-05-18
4696,Compétition Sportive,Passy,2023-05-13,2023-05-14
4697,Salon,Ménilmontant,2023-12-13,2023-12-16
4698,Concert,Temple,2023-09-18,2023-09-22
4699,Concert,Vaugirard,2023-01-19,2023-01-21
4700,Festival,Panthéon,2023-03-02,2023-03-04
4701,Salon,Luxembourg,2023-10-29,2023-11-01
4702,Compétition Sportive,Popincourt,2023-05-26,2023-05-30
4703,Salon,Entrepôt,2023-07-07,2023-07-08
4704,Compétition Sportive,Temple,2023-06-27,2023-06-30
4705,Festival,Entrepôt,2023-11-23,2023-11-25
4706,Conférence,Bourse,2023-06-26,2023-06-27
4707,Salon,Temple,2023-04-24,2023-04-26
4708,Concert,Entrepôt,2023-07-27,2023-07-31
4709,Compétition Sportive,Opéra,2023-01-18,2023-01-19
4710,Salon,Gobelins,2023-12-30,2024-01-02
4711,Compétition Sportive,Buttes-Chaumont,2023-03-31,2023-04-02
4712,Salon,Batignolles-Monceau,2023-08-09,2023-08-12
4713,Concert,Palais-Bourbon,2023-05-24,2023-05-26
4714,Compétition Sportive,Bourse,2023-02-15,2023-02-16
4715,Compétition Sportive,Observatoire,2023-04-13,2023-04-16
4716,Conférence,Popincourt,2023-04-04,2023-04-07
4717,Festival,Palais-Bourbon,2023-03-05,2023-03-07
4718,Salon,Opéra,2023-05-22,2023-05-26
4719,Concert,Entrepôt,2023-10-05,2023-10-09
4720,Conférence,Panthéon,2023-03-19,2023-03-22
4721,Conférence,Louvre,2023-04-01,2023-04-05
4722,Festival,Vaugirard,2023-02-04,2023-02-07
4723,Concert,Popincourt,2023-04-14,2023-04-15
4724,Salon,Opéra,2023-03-17,2023-03-21
4725,Compétition Sportive,Panthéon,2023-11-27,2023-11-30
4726,Festival,Batignolles-Monceau,2023-05-11,2023-05-14
4727,Compétition Sportive,Reuilly,2023-04-17,2023-04-18
4728,Conférence,Hôtel-de-Ville,2023-10-02,2023-10-04
4729,Compétition Sportive,Gobelins,2023-10-06,2023-10-07
4730,Salon,Reuilly,2023-07-27,2023-07-29
4731,Salon,Temple,2023-09-17,2023-09-20
4732,Compétition Sportive,Gobelins,2023-04-06,2023-04-07
4733,Compétition Sportive,Temple,2023-01-04,2023-01-06
4734,Festival,Bourse,2023-07-06,2023-07-07
4735,Salon,Popincourt,2023-08-06,2023-08-10
4736,Compétition Sportive,Bourse,2023-12-13,2023-12-17
4737,Concert,Palais-Bourbon,2023-05-03,2023-05-06
4738,Festival,Buttes-Chaumont,2023-12-26,2023-12-28
4739,Festival,Palais-Bourbon,2023-12-02,2023-12-03
4740,Festival,Vaugirard,2023-10-13,2023-10-15
4741,Festival,Buttes-Chaumont,2023-12-24,2023-12-27
4742,Compétition Sportive,Élysée,2023-06-10,2023-06-11
4743,Conférence,Buttes-Montmartre,2023-07-27,2023-07-31
4744,Concert,Élysée,2023-01-20,2023-01-22
4745,Conférence,Reuilly,2023-02-17,2023-02-19
4746,Conférence,Ménilmontant,2023-01-27,2023-01-29
4747,Compétition Sportive,Popincourt,2023-06-09,2023-06-12
4748,Festival,Hôtel-de-Ville,2023-06-04,2023-06-06
4749,Festival,Reuilly,2023-10-08,2023-10-12
4750,Compétition Sportive,Entrepôt,2023-03-07,2023-03-08
4751,Compétition Sportive,Palais-Bourbon,2023-08-18,2023-08-19
4752,Salon,Observatoire,2023-08-03,2023-08-06
4753,Festival,Buttes-Chaumont,2023-09-01,2023-09-04
4754,Concert,Bourse,2023-01-12,2023-01-16
4755,Salon,Panthéon,2023-04-11,2023-04-13
4756,Conférence,Temple,2023-06-23,2023-06-27
4757,Festival,Ménilmontant,2023-08-17,2023-08-20
4758,Compétition Sportive,Bourse,2023-08-30,2023-09-01
4759,Compétition Sportive,Passy,2023-10-31,2023-11-02
4760,Compétition Sportive,Entrepôt,2023-08-01,2023-08-04
4761,Festival,Bourse,2023-04-22,2023-04-24
4762,Concert,Élysée,2023-12-28,2024-01-01
4763,Compétition Sportive,Passy,2023-07-22,2023-07-26
4764,Festival,Buttes-Chaumont,2023-12-07,2023-12-09
4765,Conférence,Buttes-Chaumont,2023-02-06,2023-02-08
4766,Salon,Opéra,2023-05-12,2023-05-14
4767,Festival,Luxembourg,2023-03-31,2023-04-01
4768,Festival,Opéra,2023-07-31,2023-08-03
4769,Compétition Sportive,Temple,2023-11-23,2023-11-27
4770,Salon,Temple,2023-04-12,2023-04-16
4771,Salon,Passy,2023-02-16,2023-02-17
4772,Compétition Sportive,Popincourt,2023-04-30,2023-05-02
4773,Concert,Ménilmontant,2023-01-17,2023-01-20
4774,Festival,Palais-Bourbon,2023-10-15,2023-10-18
4775,Compétition Sportive,Observatoire,2023-06-27,2023-07-01
4776,Concert,Reuilly,2023-10-01,2023-10-04
4777,Compétition Sportive,Opéra,2023-07-13,2023-07-15
4778,Conférence,Reuilly,2023-01-06,2023-01-09
4779,Concert,Popincourt,2023-01-03,2023-01-06
4780,Concert,Élysée,2023-07-18,2023-07-19
4781,Salon,Passy,2023-02-04,2023-02-07
4782,Festival,Temple,2023-08-27,2023-08-31
4783,Compétition Sportive,Temple,2023-03-18,2023-03-22
4784,Compétition Sportive,Ménilmontant,2023-04-12,2023-04-16
4785,Festival,Observatoire,2023-03-07,2023-03-08
4786,Festival,Batignolles-Monceau,2023-02-20,2023-02-24
4787,Salon,Buttes-Chaumont,2023-05-04,2023-05-06
4788,Festival,Vaugirard,2023-07-19,2023-07-22
4789,Conférence,Palais-Bourbon,2023-03-14,2023-03-18
4790,Salon,Panthéon,2023-06-11,2023-06-13
4791,Concert,Ménilmontant,2023-06-16,2023-06-18
4792,Festival,Luxembourg,2023-12-17,2023-12-21
4793,Concert,Ménilmontant,2023-11-01,2023-11-04
4794,Salon,Palais-Bourbon,2023-06-24,2023-06-26
4795,Conférence,Reuilly,2023-10-19,2023-10-21
4796,Conférence,Bourse,2023-01-22,2023-01-25
4797,Festival,Luxembourg,2023-11-29,2023-12-02
4798,Conférence,Bourse,2023-08-15,2023-08-18
4799,Compétition Sportive,Louvre,2023-06-21,2023-06-22
4800,Salon,Gobelins,2023-07-14,2023-07-16
4801,Conférence,Hôtel-de-Ville,2023-07-08,2023-07-12
4802,Salon,Temple,2023-09-02,2023-09-04
4803,Salon,Palais-Bourbon,2023-05-17,2023-05-21
4804,Compétition Sportive,Batignolles-Monceau,2023-10-31,2023-11-01
4805,Festival,Reuilly,2023-10-01,2023-10-03
4806,Salon,Bourse,2023-03-31,2023-04-03
4807,Compétition Sportive,Louvre,2023-06-06,2023-06-09
4808,Conférence,Hôtel-de-Ville,2023-05-20,2023-05-22
4809,Concert,Palais-Bourbon,2023-06-16,2023-06-20
4810,Festival,Luxembourg,2023-10-02,2023-10-06
4811,Concert,Buttes-Chaumont,2023-01-24,2023-01-26
4812,Compétition Sportive,Louvre,2023-12-29,2024-01-02
4813,Salon,Passy,2023-10-27,2023-10-29
4814,Compétition Sportive,Buttes-Montmartre,2023-12-16,2023-12-19
4815,Festival,Buttes-Chaumont,2023-04-05,2023-04-09
4816,Festival,Buttes-Montmartre,2023-07-30,2023-08-03
4817,Conférence,Buttes-Chaumont,2023-11-01,2023-11-03
4818,Compétition Sportive,Louvre,2023-04-21,2023-04-25
4819,Festival,Buttes-Chaumont,2023-01-04,2023-01-06
4820,Compétition Sportive,Passy,2023-03-03,2023-03-06
4821,Conférence,Passy,2023-01-18,2023-01-21
4822,Conférence,Luxembourg,2023-04-19,2023-04-22
4823,Compétition Sportive,Entrepôt,2023-05-06,2023-05-08
4824,Festival,Palais-Bourbon,2023-11-16,2023-11-18
4825,Salon,Opéra,2023-04-11,2023-04-12
4826,Salon,Observatoire,2023-06-29,2023-06-30
4827,Conférence,Batignolles-Monceau,2023-10-19,2023-10-22
4828,Festival,Buttes-Montmartre,2023-07-09,2023-07-13
4829,Conférence,Panthéon,2023-10-31,2023-11-04
4830,Conférence,Panthéon,2023-12-18,2023-12-21
4831,Conférence,Bourse,2023-09-02,2023-09-05
4832,Conférence,Observatoire,2023-02-26,2023-02-28
4833,Compétition Sportive,Opéra,2023-02-26,2023-02-27
4834,Compétition Sportive,Buttes-Chaumont,2023-09-01,2023-09-05
4835,Festival,Élysée,2023-12-13,2023-12-16
4836,Festival,Hôtel-de-Ville,2023-08-09,2023-08-13
4837,Concert,Hôtel-de-Ville,2023-11-05,2023-11-07
4838,Salon,Batignolles-Monceau,2023-03-29,2023-03-31
4839,Compétition Sportive,Gobelins,2023-03-03,2023-03-05
4840,Festival,Buttes-Montmartre,2023-02-08,2023-02-12
4841,Conférence,Palais-Bourbon,2023-03-23,2023-03-25
4842,Compétition Sportive,Buttes-Chaumont,2023-01-10,2023-01-14
4843,Salon,Louvre,2023-02-25,2023-02-27
4844,Compétition Sportive,Passy,2023-09-22,2023-09-26
4845,Salon,Élysée,2023-06-27,2023-06-28
4846,Concert,Gobelins,2023-09-25,2023-09-27
4847,Festival,Observatoire,2023-03-14,2023-03-17
4848,Salon,Opéra,2023-01-17,2023-01-20
4849,Concert,Palais-Bourbon,2023-02-04,2023-02-08
4850,Compétition Sportive,Élysée,2023-07-14,2023-07-17
4851,Festival,Gobelins,2023-07-17,2023-07-21
4852,Salon,Reuilly,2023-12-09,2023-12-12
4853,Salon,Palais-Bourbon,2023-10-18,2023-10-21
4854,Festival,Passy,2023-07-19,2023-07-21
4855,Compétition Sportive,Bourse,2023-10-17,2023-10-18
4856,Compétition Sportive,Buttes-Chaumont,2023-01-11,2023-01-14
4857,Conférence,Reuilly,2023-08-09,2023-08-10
4858,Compétition Sportive,Buttes-Chaumont,2023-01-10,2023-01-12
4859,Festival,Buttes-Chaumont,2023-03-23,2023-03-27
4860,Concert,Vaugirard,2023-12-04,2023-12-05
4861,Festival,Louvre,2023-09-25,2023-09-27
4862,Salon,Gobelins,2023-06-28,2023-07-02
4863,Conférence,Luxembourg,2023-03-24,2023-03-26
4864,Conférence,Panthéon,2023-08-21,2023-08-25
4865,Concert,Temple,2023-12-19,2023-12-22
4866,Salon,Passy,2023-03-30,2023-04-02
4867,Compétition Sportive,Bourse,2023-04-18,2023-04-21
4868,Compétition Sportive,Batignolles-Monceau,2023-07-06,2023-07-09
4869,Compétition Sportive,Reuilly,2023-01-02,2023-01-03
4870,Festival,Hôtel-de-Ville,2023-09-15,2023-09-16
4871,Compétition Sportive,Vaugirard,2023-05-13,2023-05-15
4872,Salon,Vaugirard,2023-05-30,2023-06-03
4873,Conférence,Temple,2023-11-21,2023-11-25
4874,Festival,Buttes-Montmartre,2023-06-05,2023-06-06
4875,Compétition Sportive,Vaugirard,2023-05-22,2023-05-24
4876,Salon,Reuilly,2023-04-14,2023-04-16
4877,Concert,Ménilmontant,2023-04-17,2023-04-19
4878,Salon,Opéra,2023-02-19,2023-02-21
4879,Conférence,Popincourt,2023-07-21,2023-07-24
4880,Salon,Batignolles-Monceau,2023-06-18,2023-06-22
4881,Salon,Luxembourg,2023-05-23,2023-05-27
4882,Festival,Reuilly,2023-11-20,2023-11-24
4883,Conférence,Palais-Bourbon,2023-10-26,2023-10-28
4884,Compétition Sportive,Batignolles-Monceau,2023-11-01,2023-11-04
4885,Conférence,Gobelins,2023-05-26,2023-05-28
4886,Concert,Louvre,2023-12-03,2023-12-06
4887,Conférence,Louvre,2023-04-05,2023-04-08
4888,Festival,Panthéon,2023-10-30,2023-11-03
4889,Compétition Sportive,Hôtel-de-Ville,2023-03-25,2023-03-26
4890,Conférence,Gobelins,2023-04-03,2023-04-04
4891,Compétition Sportive,Popincourt,2023-03-08,2023-03-12
4892,Festival,Observatoire,2023-07-18,2023-07-20
4893,Salon,Louvre,2023-03-01,2023-03-04
4894,Concert,Hôtel-de-Ville,2023-12-19,2023-12-23
4895,Conférence,Hôtel-de-Ville,2023-08-06,2023-08-10
4896,Compétition Sportive,Buttes-Chaumont,2023-07-31,2023-08-02
4897,Conférence,Bourse,2023-06-09,2023-06-13
4898,Festival,Buttes-Chaumont,2023-12-07,2023-12-08
4899,Salon,Buttes-Chaumont,2023-06-29,2023-07-01
4900,Festival,Temple,2023-02-22,2023-02-23
4901,Compétition Sportive,Hôtel-de-Ville,2023-12-27,2023-12-31
4902,Conférence,Temple,2023-09-11,2023-09-14
4903,Compétition Sportive,Reuilly,2023-07-03,2023-07-07
4904,Festival,Luxembourg,2023-11-24,2023-11-28
4905,Conférence,Buttes-Montmartre,2023-08-31,2023-09-03
4906,Compétition Sportive,Palais-Bourbon,2023-01-16,2023-01-19
4907,Conférence,Batignolles-Monceau,2023-12-13,2023-12-16
4908,Concert,Temple,2023-05-18,2023-05-20
4909,Festival,Palais-Bourbon,2023-12-14,2023-12-17
4910,Festival,Vaugirard,2023-03-22,2023-03-23
4911,Concert,Panthéon,2023-09-11,2023-09-13
4912,Salon,Palais-Bourbon,2023-05-06,2023-05-10
4913,Compétition Sportive,Vaugirard,2023-12-11,2023-12-12
4914,Salon,Temple,2023-07-26,2023-07-27
4915,Conférence,Opéra,2023-12-14,2023-12-17
4916,Compétition Sportive,Popincourt,2023-09-12,2023-09-14
4917,Compétition Sportive,Entrepôt,2023-09-15,2023-09-16
4918,Compétition Sportive,Panthéon,2023-05-08,2023-05-12
4919,Concert,Popincourt,2023-10-23,2023-10-27
4920,Festival,Hôtel-de-Ville,2023-02-11,2023-02-15
4921,Concert,Louvre,2023-08-11,2023-08-14
4922,Concert,Élysée,2023-04-05,2023-04-09
4923,Concert,Popincourt,2023-06-02,2023-06-06
4924,Salon,Panthéon,2023-05-09,2023-05-13
4925,Concert,Palais-Bourbon,2023-07-29,2023-08-01
4926,Festival,Vaugirard,2023-01-16,2023-01-18
4927,Compétition Sportive,Popincourt,2023-06-19,2023-06-21
4928,Salon,Batignolles-Monceau,2023-06-14,2023-06-17
4929,Concert,Batignolles-Monceau,2023-12-27,2023-12-29
4930,Concert,Opéra,2023-02-06,2023-02-08
4931,Compétition Sportive,Popincourt,2023-07-18,2023-07-21
4932,Compétition Sportive,Luxembourg,2023-05-14,2023-05-16
4933,Salon,Buttes-Montmartre,2023-12-17,2023-12-19
4934,Festival,Bourse,2023-08-25,2023-08-29
4935,Salon,Hôtel-de-Ville,2023-07-21,2023-07-24
4936,Compétition Sportive,Passy,2023-06-23,2023-06-26
4937,Festival,Élysée,2023-10-23,2023-10-27
4938,Concert,Bourse,2023-11-06,2023-11-07
4939,Concert,Luxembourg,2023-02-15,2023-02-18
4940,Conférence,Luxembourg,2023-04-29,2023-04-30
4941,Compétition Sportive,Popincourt,2023-10-24,2023-10-26
4942,Conférence,Bourse,2023-08-18,2023-08-21
4943,Salon,Batignolles-Monceau,2023-12-20,2023-12-22
4944,Salon,Hôtel-de-Ville,2023-11-19,2023-11-22
4945,Festival,Gobelins,2023-10-06,2023-10-09
4946,Compétition Sportive,Ménilmontant,2023-06-20,2023-06-23
4947,Festival,Temple,2023-11-13,2023-11-14
4948,Festival,Passy,2023-09-30,2023-10-03
4949,Salon,Entrepôt,2023-08-09,2023-08-13
4950,Salon,Panthéon,2023-07-12,2023-07-15
4951,Compétition Sportive,Entrepôt,2023-01-03,2023-01-04
4952,Salon,Bourse,2023-03-19,2023-03-22
4953,Compétition Sportive,Batignolles-Monceau,2023-07-22,2023-07-23
4954,Conférence,Panthéon,2023-01-30,2023-02-01
4955,Concert,Hôtel-de-Ville,2023-01-21,2023-01-25
4956,Conférence,Élysée,2023-05-24,2023-05-28
4957,Salon,Opéra,2023-08-26,2023-08-27
4958,Concert,Ménilmontant,2023-11-14,2023-11-16
4959,Concert,Entrepôt,2023-03-01,2023-03-05
4960,Festival,Palais-Bourbon,2023-04-25,2023-04-28
4961,Concert,Luxembourg,2023-09-04,2023-09-08
4962,Compétition Sportive,Batignolles-Monceau,2023-03-07,2023-03-08
4963,Salon,Ménilmontant,2023-12-28,2023-12-30
4964,Salon,Gobelins,2023-11-19,2023-11-21
4965,Festival,Buttes-Montmartre,2023-09-28,2023-09-29
4966,Festival,Élysée,2023-09-25,2023-09-28
4967,Salon,Louvre,2023-01-19,2023-01-21
4968,Festival,Reuilly,2023-08-21,2023-08-22
4969,Concert,Buttes-Montmartre,2023-01-14,2023-01-16
4970,Concert,Passy,2023-05-23,2023-05-25
4971,Compétition Sportive,Buttes-Montmartre,2023-03-28,2023-03-29
4972,Festival,Bourse,2023-09-24,2023-09-25
4973,Salon,Panthéon,2023-03-04,2023-03-07
4974,Conférence,Hôtel-de-Ville,2023-10-26,2023-10-29
4975,Salon,Opéra,2023-07-14,2023-07-16
4976,Conférence,Bourse,2023-06-20,2023-06-23
4977,Conférence,Passy,2023-05-09,2023-05-11
4978,Compétition Sportive,Buttes-Montmartre,2023-05-12,2023-05-13
4979,Conférence,Entrepôt,2023-12-07,2023-12-08
4980,Concert,Hôtel-de-Ville,2023-01-25,2023-01-28
4981,Concert,Opéra,2023-12-06,2023-12-08
4982,Compétition Sportive,Popincourt,2023-03-15,2023-03-18
4983,Salon,Élysée,2023-07-29,2023-08-02
4984,Salon,Luxembourg,2023-08-13,2023-08-17
4985,Salon,Luxembourg,2023-02-22,2023-02-26
4986,Salon,Popincourt,2023-05-11,2023-05-15
4987,Concert,Observatoire,2023-06-27,2023-06-29
4988,Concert,Vaugirard,2023-01-13,2023-01-15
4989,Compétition Sportive,Buttes-Chaumont,2023-10-18,2023-10-19
4990,Compétition Sportive,Palais-Bourbon,2023-05-26,2023-05-27
4991,Compétition Sportive,Reuilly,2023-01-30,2023-02-01
4992,Salon,Vaugirard,2023-02-09,2023-02-13
4993,Salon,Ménilmontant,2023-04-20,2023-04-23
4994,Concert,Buttes-Montmartre,2023-01-30,2023-02-02
4995,Concert,Observatoire,2023-07-05,2023-07-08
4996,Festival,Opéra,2023-12-10,2023-12-14
4997,Festival,Ménilmontant,2023-03-31,2023-04-02
4998,Salon,Ménilmontant,2023-11-17,2023-11-21
4999,Concert,Louvre,2023-12-19,2023-12-23
5000,Salon,Entrepôt,2023-03-13,2023-03-15
5001,Conférence,Panthéon,2023-01-12,2023-01-16
5002,Festival,Buttes-Chaumont,2023-03-19,2023-03-21
5003,Compétition Sportive,Ménilmontant,2023-10-01,2023-10-02
5004,Salon,Buttes-Montmartre,2023-08-24,2023-08-26
5005,Conférence,Observatoire,2023-04-14,2023-04-17
5006,Compétition Sportive,Louvre,2023-03-06,2023-03-08
5007,Conférence,Louvre,2023-08-01,2023-08-05
5008,Concert,Entrepôt,2023-02-06,2023-02-08
5009,Concert,Batignolles-Monceau,2023-10-12,2023-10-13
5010,Concert,Opéra,2023-06-23,2023-06-24
5011,Compétition Sportive,Louvre,2023-04-14,2023-04-15
5012,Compétition Sportive,Palais-Bourbon,2023-08-04,2023-08-05
5013,Concert,Reuilly,2023-10-27,2023-10-30
5014,Compétition Sportive,Louvre,2023-01-18,2023-01-20
5015,Concert,Popincourt,2023-03-20,2023-03-22
5016,Salon,Bourse,2023-08-23,2023-08-27
5017,Concert,Entrepôt,2023-12-31,2024-01-04
5018,Festival,Batignolles-Monceau,2023-01-20,2023-01-21
5019,Salon,Louvre,2023-10-17,2023-10-20
5020,Concert,Temple,2023-03-14,2023-03-17
5021,Festival,Ménilmontant,2023-12-20,2023-12-24
5022,Concert,Vaugirard,2023-06-12,2023-06-13
5023,Salon,Élysée,2023-07-04,2023-07-08
5024,Concert,Passy,2023-10-10,2023-10-11
5025,Compétition Sportive,Temple,2023-08-22,2023-08-26
5026,Concert,Élysée,2023-10-01,2023-10-05
5027,Salon,Gobelins,2023-05-26,2023-05-30
5028,Conférence,Observatoire,2023-06-04,2023-06-05
5029,Concert,Gobelins,2023-08-11,2023-08-13
5030,Compétition Sportive,Gobelins,2023-04-07,2023-04-08
5031,Salon,Entrepôt,2023-05-23,2023-05-25
5032,Festival,Reuilly,2023-02-16,2023-02-17
5033,Conférence,Entrepôt,2023-10-19,2023-10-20
5034,Concert,Temple,2023-01-19,2023-01-22
5035,Salon,Temple,2023-12-21,2023-12-24
5036,Compétition Sportive,Reuilly,2023-08-12,2023-08-14
5037,Compétition Sportive,Ménilmontant,2023-02-14,2023-02-18
5038,Salon,Bourse,2023-04-13,2023-04-15
5039,Compétition Sportive,Batignolles-Monceau,2023-09-09,2023-09-12
5040,Conférence,Hôtel-de-Ville,2023-02-26,2023-03-01
5041,Festival,Panthéon,2023-11-28,2023-12-02
5042,Compétition Sportive,Palais-Bourbon,2023-04-29,2023-05-01
5043,Compétition Sportive,Popincourt,2023-06-06,2023-06-10
5044,Festival,Temple,2023-01-16,2023-01-19
5045,Conférence,Buttes-Chaumont,2023-05-30,2023-06-03
5046,Conférence,Entrepôt,2023-11-24,2023-11-26
5047,Conférence,Passy,2023-11-07,2023-11-11
5048,Compétition Sportive,Louvre,2023-05-24,2023-05-25
5049,Compétition Sportive,Entrepôt,2023-11-07,2023-11-11
5050,Conférence,Hôtel-de-Ville,2023-10-30,2023-11-02
5051,Compétition Sportive,Buttes-Chaumont,2023-03-14,2023-03-16
5052,Concert,Batignolles-Monceau,2023-10-10,2023-10-14
5053,Compétition Sportive,Batignolles-Monceau,2023-04-21,2023-04-22
5054,Conférence,Passy,2023-04-09,2023-04-12
5055,Salon,Hôtel-de-Ville,2023-07-30,2023-08-01
5056,Conférence,Buttes-Montmartre,2023-12-17,2023-12-19
5057,Salon,Observatoire,2023-05-23,2023-05-27
5058,Compétition Sportive,Reuilly,2023-05-01,2023-05-03
5059,Compétition Sportive,Luxembourg,2023-12-13,2023-12-15
5060,Salon,Popincourt,2023-02-02,2023-02-05
5061,Conférence,Temple,2023-07-18,2023-07-19
5062,Festival,Buttes-Chaumont,2023-08-03,2023-08-05
5063,Festival,Temple,2023-12-22,2023-12-24
5064,Conférence,Entrepôt,2023-01-22,2023-01-25
5065,Compétition Sportive,Temple,2023-11-17,2023-11-18
5066,Salon,Buttes-Chaumont,2023-02-27,2023-03-02
5067,Salon,Vaugirard,2023-10-10,2023-10-13
5068,Conférence,Popincourt,2023-05-20,2023-05-23
5069,Conférence,Entrepôt,2023-11-24,2023-11-27
5070,Concert,Hôtel-de-Ville,2023-08-17,2023-08-19
5071,Salon,Batignolles-Monceau,2023-02-02,2023-02-04
5072,Concert,Entrepôt,2023-04-24,2023-04-27
5073,Compétition Sportive,Entrepôt,2023-07-13,2023-07-17
5074,Salon,Panthéon,2023-10-09,2023-10-13
5075,Conférence,Gobelins,2023-06-22,2023-06-23
5076,Conférence,Temple,2023-02-24,2023-02-25
5077,Compétition Sportive,Panthéon,2023-06-29,2023-07-02
5078,Festival,Panthéon,2023-09-10,2023-09-12
5079,Concert,Buttes-Montmartre,2023-09-06,2023-09-10
5080,Conférence,Popincourt,2023-05-15,2023-05-19
5081,Salon,Buttes-Montmartre,2023-11-09,2023-11-11
5082,Salon,Observatoire,2023-07-04,2023-07-08
5083,Salon,Hôtel-de-Ville,2023-04-29,2023-05-03
5084,Compétition Sportive,Luxembourg,2023-11-25,2023-11-26
5085,Festival,Hôtel-de-Ville,2023-11-30,2023-12-01
5086,Concert,Temple,2023-02-20,2023-02-23
5087,Salon,Élysée,2023-10-30,2023-11-03
5088,Salon,Reuilly,2023-03-25,2023-03-29
5089,Conférence,Popincourt,2023-05-31,2023-06-01
5090,Festival,Palais-Bourbon,2023-07-05,2023-07-09
5091,Conférence,Observatoire,2023-11-08,2023-11-10
5092,Compétition Sportive,Panthéon,2023-01-31,2023-02-01
5093,Compétition Sportive,Batignolles-Monceau,2023-11-20,2023-11-21
5094,Concert,Buttes-Montmartre,2023-07-09,2023-07-11
5095,Compétition Sportive,Élysée,2023-04-25,2023-04-28
5096,Concert,Reuilly,2023-03-01,2023-03-02
5097,Conférence,Louvre,2023-10-17,2023-10-21
5098,Salon,Élysée,2023-09-14,2023-09-18
5099,Salon,Panthéon,2023-10-24,2023-10-28
5100,Festival,Passy,2023-08-11,2023-08-13
5101,Compétition Sportive,Ménilmontant,2023-04-14,2023-04-17
5102,Festival,Popincourt,2023-10-18,2023-10-19
5103,Festival,Gobelins,2023-06-04,2023-06-05
5104,Salon,Buttes-Chaumont,2023-05-29,2023-06-01
5105,Compétition Sportive,Reuilly,2023-07-19,2023-07-20
5106,Salon,Palais-Bourbon,2023-12-04,2023-12-08
5107,Festival,Panthéon,2023-10-06,2023-10-09
5108,Compétition Sportive,Vaugirard,2023-02-10,2023-02-12
5109,Salon,Bourse,2023-09-12,2023-09-15
5110,Concert,Élysée,2023-07-21,2023-07-24
5111,Concert,Palais-Bourbon,2023-01-22,2023-01-23
5112,Conférence,Passy,2023-02-09,2023-02-12
5113,Conférence,Popincourt,2023-05-10,2023-05-14
5114,Compétition Sportive,Hôtel-de-Ville,2023-10-25,2023-10-26
5115,Conférence,Louvre,2023-06-21,2023-06-24
5116,Compétition Sportive,Batignolles-Monceau,2023-08-19,2023-08-21
5117,Festival,Popincourt,2023-08-25,2023-08-27
5118,Concert,Buttes-Chaumont,2023-03-24,2023-03-28
5119,Compétition Sportive,Luxembourg,2023-01-10,2023-01-13
5120,Festival,Popincourt,2023-03-25,2023-03-29
5121,Concert,Temple,2023-02-14,2023-02-17
5122,Salon,Entrepôt,2023-05-05,2023-05-06
5123,Festival,Gobelins,2023-05-26,2023-05-28
5124,Salon,Observatoire,2023-05-24,2023-05-25
5125,Conférence,Palais-Bourbon,2023-12-25,2023-12-26
5126,Compétition Sportive,Panthéon,2023-04-14,2023-04-18
5127,Concert,Louvre,2023-02-09,2023-02-10
5128,Conférence,Bourse,2023-04-14,2023-04-16
5129,Festival,Buttes-Chaumont,2023-12-01,2023-12-04
5130,Conférence,Batignolles-Monceau,2023-12-26,2023-12-30
5131,Salon,Gobelins,2023-07-17,2023-07-21
5132,Salon,Luxembourg,2023-08-28,2023-08-30
5133,Compétition Sportive,Entrepôt,2023-02-19,2023-02-20
5134,Conférence,Batignolles-Monceau,2023-06-06,2023-06-07
5135,Concert,Temple,2023-05-15,2023-05-16
5136,Salon,Ménilmontant,2023-08-13,2023-08-17
5137,Festival,Louvre,2023-09-18,2023-09-22
5138,Conférence,Buttes-Montmartre,2023-09-07,2023-09-11
5139,Concert,Buttes-Chaumont,2023-06-17,2023-06-21
5140,Concert,Observatoire,2023-01-04,2023-01-05
5141,Concert,Temple,2023-01-07,2023-01-10
5142,Concert,Louvre,2023-02-06,2023-02-07
5143,Salon,Temple,2023-04-23,2023-04-26
5144,Compétition Sportive,Batignolles-Monceau,2023-03-16,2023-03-19
5145,Conférence,Élysée,2023-07-06,2023-07-07
5146,Salon,Bourse,2023-02-19,2023-02-23
5147,Compétition Sportive,Entrepôt,2023-11-21,2023-11-25
5148,Concert,Vaugirard,2023-06-06,2023-06-07
5149,Festival,Gobelins,2023-03-30,2023-04-02
5150,Concert,Popincourt,2023-07-14,2023-07-17
5151,Compétition Sportive,Palais-Bourbon,2023-01-30,2023-02-03
5152,Compétition Sportive,Popincourt,2023-03-08,2023-03-09
5153,Festival,Vaugirard,2023-03-02,2023-03-06
5154,Salon,Vaugirard,2023-10-27,2023-10-29
5155,Festival,Temple,2023-02-25,2023-02-26
5156,Concert,Palais-Bourbon,2023-03-20,2023-03-24
5157,Conférence,Panthéon,2023-06-18,2023-06-20
5158,Salon,Temple,2023-11-30,2023-12-03
5159,Conférence,Reuilly,2023-10-23,2023-10-25
5160,Conférence,Passy,2023-11-02,2023-11-03
5161,Salon,Vaugirard,2023-05-18,2023-05-21
5162,Concert,Vaugirard,2023-09-30,2023-10-03
5163,Compétition Sportive,Bourse,2023-01-15,2023-01-18
5164,Concert,Entrepôt,2023-04-03,2023-04-05
5165,Compétition Sportive,Bourse,2023-06-30,2023-07-02
5166,Compétition Sportive,Palais-Bourbon,2023-02-20,2023-02-23
5167,Salon,Hôtel-de-Ville,2023-07-28,2023-07-30
5168,Salon,Palais-Bourbon,2023-05-01,2023-05-02
5169,Festival,Reuilly,2023-03-07,2023-03-09
5170,Conférence,Bourse,2023-01-26,2023-01-29
5171,Conférence,Observatoire,2023-10-21,2023-10-25
5172,Conférence,Temple,2023-12-14,2023-12-18
5173,Conférence,Élysée,2023-10-13,2023-10-17
5174,Festival,Luxembourg,2023-08-23,2023-08-24
5175,Compétition Sportive,Ménilmontant,2023-02-24,2023-02-27
5176,Festival,Élysée,2023-05-17,2023-05-20
5177,Salon,Opéra,2023-09-29,2023-09-30
5178,Concert,Vaugirard,2023-01-24,2023-01-27
5179,Compétition Sportive,Louvre,2023-08-02,2023-08-03
5180,Compétition Sportive,Bourse,2023-10-03,2023-10-05
5181,Festival,Reuilly,2023-03-03,2023-03-04
5182,Salon,Hôtel-de-Ville,2023-02-21,2023-02-23
5183,Salon,Batignolles-Monceau,2023-05-06,2023-05-07
5184,Compétition Sportive,Passy,2023-11-30,2023-12-01
5185,Festival,Ménilmontant,2023-02-21,2023-02-24
5186,Conférence,Passy,2023-10-26,2023-10-28
5187,Compétition Sportive,Temple,2023-04-06,2023-04-07
5188,Conférence,Buttes-Chaumont,2023-05-18,2023-05-22
5189,Concert,Ménilmontant,2023-11-18,2023-11-19
5190,Salon,Panthéon,2023-11-23,2023-11-26
5191,Compétition Sportive,Buttes-Chaumont,2023-04-11,2023-04-14
5192,Concert,Vaugirard,2023-01-15,2023-01-17
5193,Conférence,Louvre,2023-11-27,2023-11-30
5194,Compétition Sportive,Popincourt,2023-03-25,2023-03-26
5195,Concert,Buttes-Chaumont,2023-11-02,2023-11-03
5196,Compétition Sportive,Hôtel-de-Ville,2023-02-10,2023-02-11
5197,Concert,Reuilly,2023-03-01,2023-03-05
5198,Concert,Vaugirard,2023-10-16,2023-10-20
5199,Conférence,Bourse,2023-11-04,2023-11-07
5200,Salon,Temple,2023-06-15,2023-06-17
5201,Festival,Observatoire,2023-07-11,2023-07-12
5202,Concert,Observatoire,2023-12-18,2023-12-21
5203,Salon,Panthéon,2023-04-10,2023-04-11
5204,Festival,Panthéon,2023-11-11,2023-11-15
5205,Conférence,Batignolles-Monceau,2023-05-20,2023-05-24
5206,Compétition Sportive,Luxembourg,2023-02-27,2023-03-02
5207,Salon,Buttes-Chaumont,2023-08-05,2023-08-09
5208,Compétition Sportive,Luxembourg,2023-01-09,2023-01-11
5209,Compétition Sportive,Ménilmontant,2023-03-22,2023-03-25
5210,Festival,Reuilly,2023-07-25,2023-07-27
5211,Salon,Panthéon,2023-04-15,2023-04-19
5212,Concert,Observatoire,2023-09-08,2023-09-12
5213,Festival,Observatoire,2023-02-20,2023-02-22
5214,Salon,Hôtel-de-Ville,2023-03-08,2023-03-11
5215,Concert,Observatoire,2023-12-27,2023-12-31
5216,Compétition Sportive,Luxembourg,2023-03-21,2023-03-23
5217,Conférence,Batignolles-Monceau,2023-01-18,2023-01-21
5218,Conférence,Entrepôt,2023-08-19,2023-08-20
5219,Festival,Entrepôt,2023-06-27,2023-06-29
5220,Concert,Hôtel-de-Ville,2023-05-22,2023-05-26
5221,Concert,Gobelins,2023-05-18,2023-05-19
5222,Conférence,Vaugirard,2023-09-16,2023-09-17
5223,Concert,Popincourt,2023-04-23,2023-04-25
5224,Salon,Hôtel-de-Ville,2023-03-27,2023-03-31
5225,Salon,Opéra,2023-08-19,2023-08-22
5226,Conférence,Temple,2023-11-28,2023-12-01
5227,Compétition Sportive,Buttes-Montmartre,2023-04-11,2023-04-15
5228,Compétition Sportive,Hôtel-de-Ville,2023-05-21,2023-05-24
5229,Compétition Sportive,Élysée,2023-02-01,2023-02-05
5230,Conférence,Hôtel-de-Ville,2023-12-23,2023-12-26
5231,Festival,Élysée,2023-05-18,2023-05-19
5232,Concert,Vaugirard,2023-06-30,2023-07-03
5233,Salon,Temple,2023-07-30,2023-08-01
5234,Salon,Opéra,2023-01-30,2023-02-03
5235,Festival,Gobelins,2023-05-19,2023-05-20
5236,Concert,Louvre,2023-03-27,2023-03-31
5237,Compétition Sportive,Gobelins,2023-06-07,2023-06-10
5238,Salon,Buttes-Montmartre,2023-01-01,2023-01-02
5239,Compétition Sportive,Temple,2023-01-06,2023-01-08
5240,Compétition Sportive,Hôtel-de-Ville,2023-03-19,2023-03-23
5241,Conférence,Buttes-Chaumont,2023-07-03,2023-07-05
5242,Conférence,Buttes-Montmartre,2023-07-14,2023-07-17
5243,Concert,Gobelins,2023-02-27,2023-03-01
5244,Salon,Entrepôt,2023-07-26,2023-07-27
5245,Conférence,Hôtel-de-Ville,2023-04-05,2023-04-07
5246,Concert,Observatoire,2023-09-13,2023-09-16
5247,Festival,Ménilmontant,2023-05-27,2023-05-28
5248,Compétition Sportive,Bourse,2023-11-14,2023-11-17
5249,Salon,Élysée,2023-11-23,2023-11-27
5250,Salon,Vaugirard,2023-08-07,2023-08-08
5251,Concert,Vaugirard,2023-06-20,2023-06-23
5252,Conférence,Batignolles-Monceau,2023-01-05,2023-01-07
5253,Compétition Sportive,Reuilly,2023-05-08,2023-05-10
5254,Compétition Sportive,Observatoire,2023-02-15,2023-02-18
5255,Salon,Vaugirard,2023-10-18,2023-10-22
5256,Salon,Vaugirard,2023-12-22,2023-12-25
5257,Compétition Sportive,Luxembourg,2023-04-11,2023-04-14
5258,Festival,Batignolles-Monceau,2023-05-04,2023-05-07
5259,Concert,Palais-Bourbon,2023-08-03,2023-08-06
5260,Festival,Vaugirard,2023-09-17,2023-09-21
5261,Conférence,Observatoire,2023-09-15,2023-09-17
5262,Festival,Panthéon,2023-04-11,2023-04-14
5263,Festival,Temple,2023-06-12,2023-06-16
5264,Conférence,Popincourt,2023-02-15,2023-02-16
5265,Concert,Bourse,2023-01-04,2023-01-05
5266,Compétition Sportive,Entrepôt,2023-09-08,2023-09-12
5267,Festival,Entrepôt,2023-02-17,2023-02-19
5268,Concert,Gobelins,2023-01-04,2023-01-08
5269,Conférence,Vaugirard,2023-07-17,2023-07-20
5270,Concert,Temple,2023-02-20,2023-02-22
5271,Festival,Gobelins,2023-01-17,2023-01-21
5272,Compétition Sportive,Passy,2023-09-17,2023-09-19
5273,Conférence,Panthéon,2023-12-08,2023-12-12
5274,Conférence,Temple,2023-07-04,2023-07-07
5275,Festival,Temple,2023-05-15,2023-05-19
5276,Concert,Louvre,2023-12-14,2023-12-18
5277,Compétition Sportive,Popincourt,2023-08-26,2023-08-27
5278,Conférence,Popincourt,2023-11-29,2023-11-30
5279,Festival,Reuilly,2023-06-10,2023-06-13
5280,Festival,Popincourt,2023-11-29,2023-12-02
5281,Salon,Batignolles-Monceau,2023-07-15,2023-07-18
5282,Salon,Popincourt,2023-05-08,2023-05-11
5283,Concert,Popincourt,2023-10-08,2023-10-12
5284,Festival,Gobelins,2023-03-25,2023-03-28
5285,Concert,Entrepôt,2023-12-24,2023-12-28
5286,Concert,Reuilly,2023-06-12,2023-06-16
5287,Compétition Sportive,Opéra,2023-11-25,2023-11-29
5288,Salon,Ménilmontant,2023-04-04,2023-04-08
5289,Concert,Entrepôt,2023-01-23,2023-01-24
5290,Compétition Sportive,Buttes-Montmartre,2023-03-20,2023-03-22
5291,Compétition Sportive,Buttes-Montmartre,2023-08-27,2023-08-31
5292,Salon,Entrepôt,2023-04-27,2023-04-29
5293,Salon,Opéra,2023-10-05,2023-10-06
5294,Festival,Entrepôt,2023-12-03,2023-12-06
5295,Concert,Gobelins,2023-09-25,2023-09-29
5296,Compétition Sportive,Gobelins,2023-08-31,2023-09-03
5297,Festival,Passy,2023-10-17,2023-10-19
5298,Concert,Reuilly,2023-05-09,2023-05-12
5299,Concert,Buttes-Chaumont,2023-09-06,2023-09-08
5300,Festival,Bourse,2023-06-09,2023-06-10
5301,Compétition Sportive,Hôtel-de-Ville,2023-11-28,2023-11-29
5302,Festival,Observatoire,2023-08-29,2023-08-31
5303,Concert,Temple,2023-04-23,2023-04-27
5304,Festival,Buttes-Montmartre,2023-06-05,2023-06-09
5305,Festival,Hôtel-de-Ville,2023-10-30,2023-11-03
5306,Concert,Bourse,2023-01-17,2023-01-20
5307,Salon,Observatoire,2023-01-04,2023-01-08
5308,Compétition Sportive,Temple,2023-02-10,2023-02-12
5309,Concert,Entrepôt,2023-05-14,2023-05-16
5310,Salon,Bourse,2023-06-01,2023-06-02
5311,Festival,Popincourt,2023-02-23,2023-02-25
5312,Salon,Observatoire,2023-07-19,2023-07-23
5313,Concert,Observatoire,2023-12-27,2023-12-31
5314,Concert,Reuilly,2023-12-13,2023-12-14
5315,Festival,Entrepôt,2023-05-07,2023-05-11
5316,Concert,Gobelins,2023-10-14,2023-10-15
5317,Conférence,Buttes-Chaumont,2023-09-22,2023-09-23
5318,Salon,Popincourt,2023-07-29,2023-07-31
5319,Conférence,Élysée,2023-11-05,2023-11-07
5320,Conférence,Opéra,2023-05-04,2023-05-08
5321,Salon,Batignolles-Monceau,2023-01-02,2023-01-06
5322,Concert,Louvre,2023-08-02,2023-08-05
5323,Salon,Popincourt,2023-12-28,2023-12-31
5324,Festival,Ménilmontant,2023-09-17,2023-09-18
5325,Conférence,Élysée,2023-08-18,2023-08-21
5326,Conférence,Gobelins,2023-06-21,2023-06-25
5327,Concert,Gobelins,2023-11-14,2023-11-18
5328,Salon,Louvre,2023-09-26,2023-09-29
5329,Compétition Sportive,Gobelins,2023-04-23,2023-04-27
5330,Concert,Hôtel-de-Ville,2023-05-28,2023-06-01
5331,Concert,Ménilmontant,2023-05-14,2023-05-15
5332,Concert,Buttes-Chaumont,2023-05-23,2023-05-27
5333,Salon,Louvre,2023-07-19,2023-07-20
5334,Concert,Gobelins,2023-03-05,2023-03-09
5335,Festival,Ménilmontant,2023-04-04,2023-04-06
5336,Festival,Gobelins,2023-06-13,2023-06-17
5337,Conférence,Observatoire,2023-05-11,2023-05-15
5338,Conférence,Vaugirard,2023-12-13,2023-12-14
5339,Salon,Ménilmontant,2023-08-10,2023-08-13
5340,Compétition Sportive,Louvre,2023-05-03,2023-05-07
5341,Conférence,Louvre,2023-02-09,2023-02-12
5342,Conférence,Passy,2023-02-14,2023-02-17
5343,Conférence,Entrepôt,2023-07-09,2023-07-11
5344,Conférence,Opéra,2023-08-01,2023-08-05
5345,Concert,Buttes-Montmartre,2023-07-29,2023-08-02
5346,Conférence,Panthéon,2023-04-15,2023-04-19
5347,Salon,Gobelins,2023-04-05,2023-04-09
5348,Concert,Ménilmontant,2023-03-07,2023-03-10
5349,Concert,Palais-Bourbon,2023-01-24,2023-01-26
5350,Salon,Popincourt,2023-09-19,2023-09-23
5351,Compétition Sportive,Temple,2023-12-03,2023-12-07
5352,Conférence,Vaugirard,2023-12-12,2023-12-16
5353,Festival,Bourse,2023-05-10,2023-05-13
5354,Compétition Sportive,Palais-Bourbon,2023-01-26,2023-01-28
5355,Conférence,Ménilmontant,2023-02-13,2023-02-16
5356,Festival,Buttes-Chaumont,2023-01-01,2023-01-03
5357,Concert,Panthéon,2023-05-10,2023-05-13
5358,Concert,Buttes-Montmartre,2023-08-13,2023-08-17
5359,Concert,Élysée,2023-09-24,2023-09-25
5360,Conférence,Batignolles-Monceau,2023-02-03,2023-02-04
5361,Salon,Batignolles-Monceau,2023-11-13,2023-11-15
5362,Concert,Entrepôt,2023-12-13,2023-12-15
5363,Concert,Temple,2023-04-17,2023-04-20
5364,Concert,Passy,2023-07-18,2023-07-20
5365,Conférence,Passy,2023-12-25,2023-12-27
5366,Festival,Vaugirard,2023-08-19,2023-08-21
5367,Compétition Sportive,Gobelins,2023-09-15,2023-09-18
5368,Concert,Luxembourg,2023-03-05,2023-03-08
5369,Compétition Sportive,Batignolles-Monceau,2023-04-04,2023-04-05
5370,Salon,Temple,2023-08-28,2023-08-29
5371,Salon,Ménilmontant,2023-06-07,2023-06-10
5372,Salon,Entrepôt,2023-04-11,2023-04-12
5373,Concert,Temple,2023-06-12,2023-06-16
5374,Compétition Sportive,Buttes-Chaumont,2023-05-02,2023-05-03
5375,Festival,Entrepôt,2023-08-18,2023-08-20
5376,Conférence,Élysée,2023-05-30,2023-06-03
5377,Compétition Sportive,Buttes-Montmartre,2023-09-08,2023-09-09
5378,Conférence,Palais-Bourbon,2023-08-17,2023-08-20
5379,Compétition Sportive,Entrepôt,2023-03-23,2023-03-26
5380,Concert,Entrepôt,2023-11-14,2023-11-16
5381,Festival,Panthéon,2023-04-19,2023-04-20
5382,Concert,Observatoire,2023-02-23,2023-02-24
5383,Salon,Passy,2023-07-07,2023-07-11
5384,Festival,Buttes-Chaumont,2023-04-23,2023-04-27
5385,Compétition Sportive,Buttes-Montmartre,2023-02-07,2023-02-10
5386,Concert,Temple,2023-10-13,2023-10-14
5387,Conférence,Opéra,2023-01-20,2023-01-22
5388,Concert,Vaugirard,2023-03-09,2023-03-13
5389,Concert,Opéra,2023-07-24,2023-07-26
5390,Compétition Sportive,Reuilly,2023-07-25,2023-07-26
5391,Compétition Sportive,Entrepôt,2023-01-09,2023-01-11
5392,Salon,Passy,2023-08-24,2023-08-25
5393,Festival,Buttes-Chaumont,2023-09-24,2023-09-26
5394,Concert,Buttes-Chaumont,2023-09-23,2023-09-24
5395,Conférence,Temple,2023-07-18,2023-07-21
5396,Compétition Sportive,Buttes-Chaumont,2023-11-09,2023-11-11
5397,Compétition Sportive,Vaugirard,2023-01-06,2023-01-08
5398,Salon,Hôtel-de-Ville,2023-09-26,2023-09-28
5399,Festival,Élysée,2023-02-28,2023-03-01
5400,Salon,Observatoire,2023-10-30,2023-11-02
5401,Compétition Sportive,Opéra,2023-09-07,2023-09-08
5402,Conférence,Hôtel-de-Ville,2023-04-30,2023-05-01
5403,Salon,Palais-Bourbon,2023-09-17,2023-09-18
5404,Concert,Popincourt,2023-01-26,2023-01-30
5405,Compétition Sportive,Buttes-Chaumont,2023-02-01,2023-02-05
5406,Compétition Sportive,Panthéon,2023-11-04,2023-11-08
5407,Salon,Élysée,2023-06-06,2023-06-08
5408,Conférence,Batignolles-Monceau,2023-05-10,2023-05-11
5409,Salon,Popincourt,2023-08-23,2023-08-25
5410,Conférence,Luxembourg,2023-02-18,2023-02-19
5411,Compétition Sportive,Observatoire,2023-01-17,2023-01-19
5412,Salon,Ménilmontant,2023-04-19,2023-04-23
5413,Festival,Luxembourg,2023-07-24,2023-07-27
5414,Salon,Observatoire,2023-04-06,2023-04-08
5415,Salon,Popincourt,2023-02-11,2023-02-13
5416,Festival,Opéra,2023-06-25,2023-06-28
5417,Festival,Gobelins,2023-04-26,2023-04-27
5418,Concert,Opéra,2023-12-17,2023-12-19
5419,Festival,Buttes-Chaumont,2023-06-08,2023-06-10
5420,Conférence,Ménilmontant,2023-05-06,2023-05-08
5421,Concert,Panthéon,2023-12-14,2023-12-17
5422,Conférence,Palais-Bourbon,2023-03-28,2023-03-30
5423,Concert,Vaugirard,2023-04-26,2023-04-28
5424,Concert,Entrepôt,2023-03-10,2023-03-13
5425,Conférence,Batignolles-Monceau,2023-01-01,2023-01-05
5426,Compétition Sportive,Passy,2023-12-02,2023-12-03
5427,Compétition Sportive,Élysée,2023-07-22,2023-07-25
5428,Salon,Batignolles-Monceau,2023-02-05,2023-02-09
5429,Compétition Sportive,Batignolles-Monceau,2023-04-11,2023-04-12
5430,Salon,Entrepôt,2023-12-02,2023-12-05
5431,Compétition Sportive,Passy,2023-07-06,2023-07-08
5432,Salon,Gobelins,2023-03-02,2023-03-05
5433,Salon,Popincourt,2023-11-28,2023-11-29
5434,Festival,Vaugirard,2023-08-10,2023-08-11
5435,Salon,Entrepôt,2023-08-24,2023-08-25
5436,Conférence,Entrepôt,2023-09-17,2023-09-19
5437,Conférence,Louvre,2023-04-29,2023-05-03
5438,Salon,Reuilly,2023-11-01,2023-11-05
5439,Conférence,Luxembourg,2023-10-24,2023-10-27
5440,Compétition Sportive,Panthéon,2023-08-18,2023-08-20
5441,Conférence,Hôtel-de-Ville,2023-07-07,2023-07-11
5442,Festival,Palais-Bourbon,2023-07-19,2023-07-23
5443,Conférence,Ménilmontant,2023-07-19,2023-07-21
5444,Compétition Sportive,Observatoire,2023-10-04,2023-10-05
5445,Compétition Sportive,Vaugirard,2023-02-09,2023-02-10
5446,Salon,Buttes-Montmartre,2023-12-15,2023-12-18
5447,Concert,Passy,2023-12-01,2023-12-02
5448,Compétition Sportive,Hôtel-de-Ville,2023-03-19,2023-03-20
5449,Salon,Gobelins,2023-04-12,2023-04-16
5450,Salon,Luxembourg,2023-08-07,2023-08-09
5451,Conférence,Hôtel-de-Ville,2023-06-17,2023-06-21
5452,Conférence,Hôtel-de-Ville,2023-09-02,2023-09-05
5453,Salon,Bourse,2023-06-19,2023-06-20
5454,Festival,Vaugirard,2023-12-26,2023-12-30
5455,Salon,Luxembourg,2023-09-07,2023-09-08
5456,Conférence,Temple,2023-05-19,2023-05-21
5457,Compétition Sportive,Luxembourg,2023-03-18,2023-03-22
5458,Festival,Buttes-Montmartre,2023-02-04,2023-02-05
5459,Concert,Luxembourg,2023-12-07,2023-12-08
5460,Compétition Sportive,Vaugirard,2023-10-20,2023-10-24
5461,Conférence,Ménilmontant,2023-05-20,2023-05-23
5462,Compétition Sportive,Hôtel-de-Ville,2023-11-15,2023-11-17
5463,Compétition Sportive,Entrepôt,2023-04-18,2023-04-22
5464,Conférence,Popincourt,2023-09-23,2023-09-25
5465,Compétition Sportive,Louvre,2023-11-10,2023-11-11
5466,Salon,Bourse,2023-04-13,2023-04-15
5467,Festival,Temple,2023-01-03,2023-01-07
5468,Conférence,Ménilmontant,2023-07-16,2023-07-18
5469,Festival,Buttes-Montmartre,2023-11-07,2023-11-10
5470,Salon,Buttes-Montmartre,2023-10-28,2023-10-30
5471,Conférence,Entrepôt,2023-06-18,2023-06-21
5472,Salon,Passy,2023-12-18,2023-12-21
5473,Concert,Hôtel-de-Ville,2023-06-19,2023-06-20
5474,Concert,Opéra,2023-02-02,2023-02-06
5475,Concert,Bourse,2023-11-22,2023-11-24
5476,Festival,Hôtel-de-Ville,2023-01-06,2023-01-07
5477,Concert,Gobelins,2023-06-03,2023-06-05
5478,Concert,Bourse,2023-02-17,2023-02-19
5479,Salon,Palais-Bourbon,2023-08-12,2023-08-14
5480,Compétition Sportive,Buttes-Montmartre,2023-11-09,2023-11-13
5481,Compétition Sportive,Opéra,2023-03-10,2023-03-13
5482,Concert,Reuilly,2023-06-23,2023-06-25
5483,Compétition Sportive,Hôtel-de-Ville,2023-02-10,2023-02-12
5484,Concert,Bourse,2023-04-17,2023-04-20
5485,Concert,Panthéon,2023-01-16,2023-01-17
5486,Festival,Hôtel-de-Ville,2023-06-29,2023-06-30
5487,Conférence,Popincourt,2023-09-25,2023-09-29
5488,Compétition Sportive,Popincourt,2023-09-28,2023-10-01
5489,Concert,Opéra,2023-08-01,2023-08-03
5490,Compétition Sportive,Entrepôt,2023-12-23,2023-12-27
5491,Festival,Palais-Bourbon,2023-01-21,2023-01-22
5492,Festival,Gobelins,2023-07-28,2023-07-31
5493,Concert,Opéra,2023-10-16,2023-10-19
5494,Compétition Sportive,Reuilly,2023-10-16,2023-10-18
5495,Compétition Sportive,Louvre,2023-09-01,2023-09-02
5496,Compétition Sportive,Temple,2023-06-05,2023-06-08
5497,Festival,Entrepôt,2023-03-31,2023-04-02
5498,Salon,Temple,2023-10-24,2023-10-27
5499,Salon,Reuilly,2023-03-04,2023-03-07
5500,Compétition Sportive,Luxembourg,2023-02-08,2023-02-11
5501,Compétition Sportive,Batignolles-Monceau,2023-05-28,2023-05-29
5502,Conférence,Panthéon,2023-11-29,2023-11-30
5503,Concert,Palais-Bourbon,2023-06-15,2023-06-16
5504,Festival,Buttes-Chaumont,2023-01-23,2023-01-27
5505,Conférence,Opéra,2023-09-19,2023-09-20
5506,Compétition Sportive,Gobelins,2023-08-04,2023-08-06
5507,Salon,Batignolles-Monceau,2023-04-08,2023-04-11
5508,Salon,Élysée,2023-01-07,2023-01-10
5509,Conférence,Palais-Bourbon,2023-11-03,2023-11-06
5510,Salon,Panthéon,2023-09-27,2023-09-30
5511,Salon,Observatoire,2023-08-16,2023-08-17
5512,Concert,Reuilly,2023-01-16,2023-01-20
5513,Compétition Sportive,Panthéon,2023-08-26,2023-08-27
5514,Conférence,Buttes-Chaumont,2023-05-31,2023-06-03
5515,Festival,Popincourt,2023-10-01,2023-10-02
5516,Festival,Observatoire,2023-08-09,2023-08-10
5517,Compétition Sportive,Popincourt,2023-03-09,2023-03-10
5518,Festival,Observatoire,2023-10-08,2023-10-09
5519,Salon,Bourse,2023-02-02,2023-02-05
5520,Concert,Hôtel-de-Ville,2023-02-20,2023-02-22
5521,Conférence,Vaugirard,2023-10-06,2023-10-09
5522,Conférence,Opéra,2023-11-02,2023-11-04
5523,Salon,Entrepôt,2023-05-29,2023-06-01
5524,Compétition Sportive,Buttes-Montmartre,2023-03-04,2023-03-06
5525,Concert,Opéra,2023-05-02,2023-05-03
5526,Festival,Gobelins,2023-01-27,2023-01-31
5527,Conférence,Palais-Bourbon,2023-07-28,2023-08-01
5528,Conférence,Opéra,2023-06-03,2023-06-07
5529,Compétition Sportive,Temple,2023-10-02,2023-10-03
5530,Concert,Panthéon,2023-08-13,2023-08-16
5531,Festival,Hôtel-de-Ville,2023-02-27,2023-03-01
5532,Conférence,Ménilmontant,2023-09-08,2023-09-12
5533,Conférence,Vaugirard,2023-08-28,2023-08-30
5534,Festival,Ménilmontant,2023-09-20,2023-09-23
5535,Concert,Louvre,2023-08-19,2023-08-20
5536,Concert,Vaugirard,2023-03-07,2023-03-08
5537,Concert,Popincourt,2023-07-28,2023-07-30
5538,Conférence,Buttes-Montmartre,2023-02-15,2023-02-17
5539,Salon,Gobelins,2023-12-11,2023-12-13
5540,Conférence,Ménilmontant,2023-07-22,2023-07-26
5541,Compétition Sportive,Louvre,2023-02-13,2023-02-17
5542,Compétition Sportive,Buttes-Chaumont,2023-05-17,2023-05-21
5543,Conférence,Palais-Bourbon,2023-03-12,2023-03-16
5544,Conférence,Gobelins,2023-09-24,2023-09-25
5545,Festival,Hôtel-de-Ville,2023-04-25,2023-04-29
5546,Concert,Vaugirard,2023-02-25,2023-02-28
5547,Festival,Temple,2023-05-12,2023-05-14
5548,Compétition Sportive,Buttes-Montmartre,2023-10-20,2023-10-22
5549,Compétition Sportive,Palais-Bourbon,2023-12-12,2023-12-16
5550,Salon,Hôtel-de-Ville,2023-10-17,2023-10-21
5551,Concert,Temple,2023-12-02,2023-12-05
5552,Concert,Vaugirard,2023-04-15,2023-04-16
5553,Compétition Sportive,Entrepôt,2023-02-16,2023-02-18
5554,Festival,Temple,2023-01-30,2023-02-03
5555,Conférence,Entrepôt,2023-04-28,2023-04-29
5556,Concert,Luxembourg,2023-02-15,2023-02-17
5557,Conférence,Hôtel-de-Ville,2023-12-02,2023-12-05
5558,Compétition Sportive,Passy,2023-03-11,2023-03-14
5559,Salon,Passy,2023-02-02,2023-02-06
5560,Compétition Sportive,Buttes-Montmartre,2023-02-19,2023-02-21
5561,Conférence,Buttes-Montmartre,2023-09-28,2023-10-01
5562,Compétition Sportive,Opéra,2023-10-03,2023-10-06
5563,Concert,Reuilly,2023-03-29,2023-03-31
5564,Conférence,Vaugirard,2023-02-09,2023-02-11
5565,Conférence,Palais-Bourbon,2023-02-01,2023-02-02
5566,Salon,Buttes-Montmartre,2023-04-07,2023-04-08
5567,Concert,Buttes-Chaumont,2023-04-22,2023-04-23
5568,Festival,Buttes-Montmartre,2023-08-26,2023-08-30
5569,Salon,Entrepôt,2023-01-12,2023-01-13
5570,Concert,Hôtel-de-Ville,2023-09-28,2023-10-01
5571,Festival,Luxembourg,2023-07-06,2023-07-07
5572,Conférence,Opéra,2023-07-07,2023-07-09
5573,Salon,Opéra,2023-03-13,2023-03-15
5574,Conférence,Buttes-Chaumont,2023-09-17,2023-09-21
5575,Conférence,Batignolles-Monceau,2023-01-27,2023-01-31
5576,Conférence,Popincourt,2023-04-11,2023-04-12
5577,Concert,Buttes-Montmartre,2023-06-30,2023-07-02
5578,Festival,Vaugirard,2023-02-08,2023-02-09
5579,Concert,Reuilly,2023-10-02,2023-10-04
5580,Conférence,Buttes-Chaumont,2023-04-27,2023-04-29
5581,Salon,Entrepôt,2023-01-14,2023-01-17
5582,Conférence,Élysée,2023-11-23,2023-11-26
5583,Festival,Panthéon,2023-08-04,2023-08-05
5584,Concert,Passy,2023-05-05,2023-05-08
5585,Festival,Panthéon,2023-10-08,2023-10-12
5586,Concert,Vaugirard,2023-03-30,2023-04-02
5587,Festival,Vaugirard,2023-11-02,2023-11-05
5588,Festival,Hôtel-de-Ville,2023-04-21,2023-04-22
5589,Concert,Buttes-Chaumont,2023-03-20,2023-03-24
5590,Concert,Reuilly,2023-06-19,2023-06-20
5591,Concert,Buttes-Montmartre,2023-11-19,2023-11-21
5592,Compétition Sportive,Louvre,2023-12-22,2023-12-25
5593,Festival,Passy,2023-01-22,2023-01-26
5594,Compétition Sportive,Hôtel-de-Ville,2023-06-05,2023-06-07
5595,Compétition Sportive,Hôtel-de-Ville,2023-12-18,2023-12-22
5596,Conférence,Temple,2023-12-25,2023-12-27
5597,Compétition Sportive,Gobelins,2023-08-05,2023-08-07
5598,Compétition Sportive,Reuilly,2023-01-01,2023-01-02
5599,Concert,Gobelins,2023-09-18,2023-09-19
5600,Concert,Popincourt,2023-04-22,2023-04-25
5601,Salon,Observatoire,2023-04-09,2023-04-11
5602,Festival,Panthéon,2023-03-16,2023-03-20
5603,Compétition Sportive,Opéra,2023-05-23,2023-05-25
5604,Compétition Sportive,Louvre,2023-08-18,2023-08-19
5605,Festival,Bourse,2023-03-15,2023-03-19
5606,Concert,Buttes-Montmartre,2023-02-02,2023-02-06
5607,Concert,Opéra,2023-07-07,2023-07-10
5608,Festival,Palais-Bourbon,2023-04-16,2023-04-18
5609,Festival,Popincourt,2023-02-15,2023-02-18
5610,Concert,Palais-Bourbon,2023-10-10,2023-10-13
5611,Festival,Buttes-Chaumont,2023-12-29,2023-12-31
5612,Concert,Passy,2023-01-28,2023-01-29
5613,Festival,Gobelins,2023-04-17,2023-04-18
5614,Concert,Popincourt,2023-02-03,2023-02-07
5615,Salon,Entrepôt,2023-04-06,2023-04-07
5616,Concert,Bourse,2023-05-07,2023-05-10
5617,Concert,Vaugirard,2023-02-26,2023-02-27
5618,Compétition Sportive,Buttes-Montmartre,2023-05-04,2023-05-08
5619,Concert,Buttes-Chaumont,2023-05-30,2023-05-31
5620,Festival,Entrepôt,2023-09-08,2023-09-10
5621,Conférence,Reuilly,2023-01-27,2023-01-30
5622,Festival,Batignolles-Monceau,2023-07-21,2023-07-24
5623,Compétition Sportive,Palais-Bourbon,2023-05-03,2023-05-06
5624,Festival,Ménilmontant,2023-03-30,2023-04-03
5625,Salon,Reuilly,2023-03-01,2023-03-04
5626,Conférence,Bourse,2023-11-27,2023-12-01
5627,Conférence,Passy,2023-03-13,2023-03-16
5628,Compétition Sportive,Buttes-Chaumont,2023-10-20,2023-10-21
5629,Conférence,Entrepôt,2023-04-20,2023-04-22
5630,Concert,Ménilmontant,2023-05-06,2023-05-09
5631,Compétition Sportive,Hôtel-de-Ville,2023-02-17,2023-02-18
5632,Salon,Louvre,2023-09-09,2023-09-10
5633,Conférence,Entrepôt,2023-09-26,2023-09-28
5634,Conférence,Temple,2023-08-19,2023-08-20
5635,Compétition Sportive,Opéra,2023-11-11,2023-11-15
5636,Conférence,Opéra,2023-01-15,2023-01-18
5637,Conférence,Vaugirard,2023-01-24,2023-01-25
5638,Salon,Observatoire,2023-11-27,2023-11-30
5639,Salon,Entrepôt,2023-09-21,2023-09-23
5640,Compétition Sportive,Observatoire,2023-04-16,2023-04-18
5641,Conférence,Hôtel-de-Ville,2023-04-29,2023-05-01
5642,Festival,Temple,2023-12-24,2023-12-25
5643,Compétition Sportive,Temple,2023-06-19,2023-06-20
5644,Salon,Louvre,2023-04-25,2023-04-26
5645,Festival,Palais-Bourbon,2023-05-15,2023-05-19
5646,Conférence,Buttes-Montmartre,2023-06-01,2023-06-02
5647,Compétition Sportive,Ménilmontant,2023-10-10,2023-10-12
5648,Compétition Sportive,Reuilly,2023-05-07,2023-05-11
5649,Salon,Temple,2023-12-31,2024-01-02
5650,Concert,Batignolles-Monceau,2023-01-03,2023-01-05
5651,Concert,Luxembourg,2023-02-17,2023-02-21
5652,Concert,Opéra,2023-08-18,2023-08-21
5653,Compétition Sportive,Hôtel-de-Ville,2023-10-31,2023-11-03
5654,Salon,Passy,2023-06-26,2023-06-29
5655,Salon,Gobelins,2023-10-12,2023-10-16
5656,Concert,Observatoire,2023-07-21,2023-07-22
5657,Festival,Panthéon,2023-01-17,2023-01-20
5658,Concert,Reuilly,2023-08-22,2023-08-24
5659,Compétition Sportive,Entrepôt,2023-01-07,2023-01-08
5660,Festival,Louvre,2023-06-20,2023-06-24
5661,Salon,Ménilmontant,2023-10-18,2023-10-19
5662,Conférence,Élysée,2023-06-17,2023-06-20
5663,Festival,Observatoire,2023-07-14,2023-07-15
5664,Salon,Louvre,2023-07-24,2023-07-28
5665,Festival,Palais-Bourbon,2023-05-14,2023-05-18
5666,Concert,Observatoire,2023-09-15,2023-09-16
5667,Festival,Palais-Bourbon,2023-02-08,2023-02-11
5668,Festival,Temple,2023-04-12,2023-04-16
5669,Festival,Buttes-Chaumont,2023-02-02,2023-02-04
5670,Compétition Sportive,Entrepôt,2023-12-28,2023-12-30
5671,Compétition Sportive,Palais-Bourbon,2023-05-31,2023-06-02
5672,Concert,Popincourt,2023-02-02,2023-02-05
5673,Conférence,Hôtel-de-Ville,2023-03-30,2023-03-31
5674,Compétition Sportive,Palais-Bourbon,2023-03-19,2023-03-23
5675,Conférence,Temple,2023-01-30,2023-02-02
5676,Compétition Sportive,Hôtel-de-Ville,2023-09-22,2023-09-23
5677,Salon,Popincourt,2023-12-16,2023-12-20
5678,Salon,Palais-Bourbon,2023-05-06,2023-05-10
5679,Festival,Louvre,2023-03-12,2023-03-14
5680,Conférence,Panthéon,2023-03-03,2023-03-05
5681,Festival,Reuilly,2023-07-19,2023-07-22
5682,Festival,Opéra,2023-11-23,2023-11-27
5683,Compétition Sportive,Panthéon,2023-08-22,2023-08-26
5684,Compétition Sportive,Vaugirard,2023-08-07,2023-08-09
5685,Festival,Gobelins,2023-06-02,2023-06-06
5686,Compétition Sportive,Vaugirard,2023-06-24,2023-06-28
5687,Salon,Buttes-Montmartre,2023-11-03,2023-11-06
5688,Salon,Luxembourg,2023-10-11,2023-10-13
5689,Conférence,Buttes-Montmartre,2023-12-20,2023-12-22
5690,Salon,Vaugirard,2023-07-21,2023-07-23
5691,Festival,Observatoire,2023-05-05,2023-05-09
5692,Concert,Entrepôt,2023-07-08,2023-07-11
5693,Compétition Sportive,Reuilly,2023-12-24,2023-12-28
5694,Festival,Élysée,2023-11-19,2023-11-21
5695,Compétition Sportive,Observatoire,2023-07-23,2023-07-27
5696,Conférence,Buttes-Montmartre,2023-07-09,2023-07-12
5697,Festival,Popincourt,2023-06-03,2023-06-06
5698,Festival,Buttes-Chaumont,2023-08-21,2023-08-22
5699,Festival,Popincourt,2023-08-21,2023-08-23
5700,Conférence,Temple,2023-09-19,2023-09-23
5701,Festival,Buttes-Montmartre,2023-03-08,2023-03-09
5702,Compétition Sportive,Buttes-Montmartre,2023-08-07,2023-08-08
5703,Concert,Temple,2023-09-27,2023-09-30
5704,Festival,Observatoire,2023-04-23,2023-04-25
5705,Conférence,Temple,2023-11-02,2023-11-03
5706,Conférence,Hôtel-de-Ville,2023-03-16,2023-03-18
5707,Festival,Temple,2023-09-01,2023-09-03
5708,Conférence,Élysée,2023-08-31,2023-09-03
5709,Salon,Entrepôt,2023-05-25,2023-05-28
5710,Conférence,Observatoire,2023-07-02,2023-07-03
5711,Concert,Ménilmontant,2023-07-07,2023-07-08
5712,Salon,Élysée,2023-06-23,2023-06-26
5713,Compétition Sportive,Luxembourg,2023-03-03,2023-03-07
5714,Salon,Popincourt,2023-09-01,2023-09-05
5715,Concert,Opéra,2023-05-24,2023-05-25
5716,Salon,Reuilly,2023-08-23,2023-08-27
5717,Festival,Gobelins,2023-10-31,2023-11-01
5718,Conférence,Élysée,2023-02-23,2023-02-25
5719,Festival,Popincourt,2023-06-10,2023-06-11
5720,Festival,Reuilly,2023-07-18,2023-07-22
5721,Festival,Palais-Bourbon,2023-11-24,2023-11-25
5722,Salon,Observatoire,2023-04-27,2023-05-01
5723,Compétition Sportive,Hôtel-de-Ville,2023-05-03,2023-05-04
5724,Conférence,Élysée,2023-01-30,2023-02-02
5725,Salon,Opéra,2023-01-07,2023-01-09
5726,Festival,Palais-Bourbon,2023-11-13,2023-11-14
5727,Concert,Entrepôt,2023-05-22,2023-05-25
5728,Concert,Gobelins,2023-07-08,2023-07-10
5729,Festival,Observatoire,2023-11-16,2023-11-20
5730,Compétition Sportive,Gobelins,2023-02-24,2023-02-27
5731,Conférence,Panthéon,2023-11-19,2023-11-22
5732,Salon,Batignolles-Monceau,2023-03-31,2023-04-02
5733,Compétition Sportive,Reuilly,2023-11-10,2023-11-12
5734,Concert,Louvre,2023-06-11,2023-06-14
5735,Festival,Observatoire,2023-04-04,2023-04-07
5736,Salon,Observatoire,2023-09-12,2023-09-13
5737,Compétition Sportive,Palais-Bourbon,2023-06-06,2023-06-10
5738,Compétition Sportive,Entrepôt,2023-06-14,2023-06-17
5739,Compétition Sportive,Gobelins,2023-08-24,2023-08-26
5740,Salon,Hôtel-de-Ville,2023-12-11,2023-12-13
5741,Conférence,Gobelins,2023-03-09,2023-03-11
5742,Salon,Temple,2023-11-14,2023-11-18
5743,Festival,Panthéon,2023-09-08,2023-09-10
5744,Salon,Popincourt,2023-01-01,2023-01-04
5745,Compétition Sportive,Vaugirard,2023-07-19,2023-07-22
5746,Conférence,Observatoire,2023-04-27,2023-05-01
5747,Conférence,Vaugirard,2023-02-26,2023-03-02
5748,Festival,Luxembourg,2023-11-09,2023-11-13
5749,Festival,Bourse,2023-11-18,2023-11-20
5750,Concert,Palais-Bourbon,2023-12-03,2023-12-05
5751,Concert,Hôtel-de-Ville,2023-11-13,2023-11-15
5752,Concert,Buttes-Montmartre,2023-11-04,2023-11-05
5753,Salon,Observatoire,2023-12-29,2024-01-01
5754,Conférence,Observatoire,2023-02-18,2023-02-20
5755,Festival,Popincourt,2023-01-23,2023-01-26
5756,Concert,Reuilly,2023-08-01,2023-08-02
5757,Festival,Buttes-Chaumont,2023-08-09,2023-08-12
5758,Concert,Temple,2023-11-21,2023-11-22
5759,Salon,Panthéon,2023-12-18,2023-12-21
5760,Salon,Buttes-Montmartre,2023-05-29,2023-05-30
5761,Compétition Sportive,Luxembourg,2023-07-05,2023-07-08
5762,Festival,Hôtel-de-Ville,2023-09-22,2023-09-23
5763,Compétition Sportive,Louvre,2023-07-18,2023-07-20
5764,Salon,Hôtel-de-Ville,2023-03-23,2023-03-25
5765,Salon,Vaugirard,2023-03-20,2023-03-24
5766,Festival,Bourse,2023-08-05,2023-08-08
5767,Compétition Sportive,Luxembourg,2023-06-25,2023-06-26
5768,Compétition Sportive,Observatoire,2023-12-02,2023-12-04
5769,Compétition Sportive,Batignolles-Monceau,2023-07-31,2023-08-03
5770,Festival,Palais-Bourbon,2023-02-06,2023-02-07
5771,Festival,Passy,2023-04-25,2023-04-26
5772,Festival,Opéra,2023-01-05,2023-01-06
5773,Conférence,Passy,2023-08-28,2023-08-29
5774,Salon,Hôtel-de-Ville,2023-01-07,2023-01-11
5775,Conférence,Temple,2023-10-25,2023-10-28
5776,Conférence,Louvre,2023-11-12,2023-11-13
5777,Salon,Gobelins,2023-09-17,2023-09-18
5778,Concert,Passy,2023-08-25,2023-08-27
5779,Concert,Observatoire,2023-11-29,2023-11-30
5780,Concert,Batignolles-Monceau,2023-04-09,2023-04-10
5781,Festival,Vaugirard,2023-12-29,2024-01-02
5782,Festival,Panthéon,2023-04-26,2023-04-27
5783,Compétition Sportive,Élysée,2023-05-05,2023-05-06
5784,Compétition Sportive,Vaugirard,2023-04-20,2023-04-23
5785,Conférence,Bourse,2023-07-22,2023-07-25
5786,Compétition Sportive,Entrepôt,2023-09-26,2023-09-29
5787,Festival,Bourse,2023-10-14,2023-10-16
5788,Conférence,Temple,2023-10-25,2023-10-26
5789,Compétition Sportive,Panthéon,2023-03-11,2023-03-14
5790,Compétition Sportive,Passy,2023-05-19,2023-05-22
5791,Concert,Reuilly,2023-05-29,2023-05-31
5792,Festival,Opéra,2023-06-03,2023-06-05
5793,Conférence,Entrepôt,2023-01-15,2023-01-16
5794,Salon,Panthéon,2023-12-04,2023-12-05
5795,Compétition Sportive,Hôtel-de-Ville,2023-04-15,2023-04-16
5796,Festival,Popincourt,2023-10-11,2023-10-14
5797,Conférence,Vaugirard,2023-06-06,2023-06-10
5798,Festival,Batignolles-Monceau,2023-08-27,2023-08-31
5799,Festival,Panthéon,2023-11-04,2023-11-06
5800,Conférence,Panthéon,2023-04-20,2023-04-23
5801,Concert,Gobelins,2023-07-09,2023-07-10
5802,Concert,Temple,2023-02-25,2023-02-28
5803,Compétition Sportive,Louvre,2023-09-15,2023-09-17
5804,Concert,Observatoire,2023-03-23,2023-03-26
5805,Compétition Sportive,Palais-Bourbon,2023-07-12,2023-07-13
5806,Compétition Sportive,Louvre,2023-11-15,2023-11-16
5807,Conférence,Passy,2023-03-01,2023-03-02
5808,Festival,Buttes-Chaumont,2023-12-31,2024-01-01
5809,Salon,Entrepôt,2023-12-31,2024-01-02
5810,Salon,Luxembourg,2023-10-11,2023-10-13
5811,Concert,Élysée,2023-02-13,2023-02-17
5812,Conférence,Temple,2023-10-17,2023-10-18
5813,Salon,Bourse,2023-06-16,2023-06-18
5814,Festival,Opéra,2023-09-17,2023-09-21
5815,Compétition Sportive,Buttes-Montmartre,2023-08-23,2023-08-24
5816,Compétition Sportive,Ménilmontant,2023-06-05,2023-06-09
5817,Conférence,Hôtel-de-Ville,2023-10-22,2023-10-25
5818,Concert,Passy,2023-07-12,2023-07-15
5819,Festival,Gobelins,2023-06-22,2023-06-25
5820,Concert,Élysée,2023-11-24,2023-11-28
5821,Concert,Panthéon,2023-11-13,2023-11-15
5822,Conférence,Buttes-Montmartre,2023-11-12,2023-11-13
5823,Compétition Sportive,Hôtel-de-Ville,2023-02-20,2023-02-23
5824,Concert,Buttes-Chaumont,2023-04-22,2023-04-24
5825,Concert,Temple,2023-02-14,2023-02-16
5826,Festival,Élysée,2023-10-14,2023-10-16
5827,Compétition Sportive,Palais-Bourbon,2023-05-15,2023-05-19
5828,Concert,Panthéon,2023-11-03,2023-11-05
5829,Salon,Buttes-Montmartre,2023-07-13,2023-07-14
5830,Salon,Batignolles-Monceau,2023-10-24,2023-10-26
5831,Compétition Sportive,Buttes-Montmartre,2023-04-27,2023-04-29
5832,Compétition Sportive,Bourse,2023-03-09,2023-03-10
5833,Conférence,Hôtel-de-Ville,2023-09-23,2023-09-24
5834,Concert,Ménilmontant,2023-04-09,2023-04-12
5835,Salon,Passy,2023-11-17,2023-11-21
5836,Salon,Hôtel-de-Ville,2023-09-16,2023-09-17
5837,Compétition Sportive,Bourse,2023-03-22,2023-03-24
5838,Compétition Sportive,Luxembourg,2023-10-25,2023-10-28
5839,Festival,Ménilmontant,2023-03-13,2023-03-14
5840,Festival,Passy,2023-01-30,2023-01-31
5841,Compétition Sportive,Hôtel-de-Ville,2023-11-24,2023-11-27
5842,Festival,Observatoire,2023-08-09,2023-08-13
5843,Compétition Sportive,Louvre,2023-09-07,2023-09-08
5844,Compétition Sportive,Reuilly,2023-08-31,2023-09-03
5845,Conférence,Reuilly,2023-01-24,2023-01-26
5846,Festival,Popincourt,2023-11-25,2023-11-26
5847,Concert,Buttes-Montmartre,2023-12-06,2023-12-08
5848,Concert,Buttes-Chaumont,2023-10-20,2023-10-23
5849,Conférence,Entrepôt,2023-10-02,2023-10-06
5850,Concert,Popincourt,2023-09-18,2023-09-19
5851,Concert,Louvre,2023-08-04,2023-08-08
5852,Conférence,Panthéon,2023-02-21,2023-02-22
5853,Salon,Observatoire,2023-05-16,2023-05-20
5854,Conférence,Observatoire,2023-08-26,2023-08-28
5855,Conférence,Panthéon,2023-01-04,2023-01-07
5856,Festival,Entrepôt,2023-08-24,2023-08-28
5857,Concert,Ménilmontant,2023-12-24,2023-12-25
5858,Concert,Louvre,2023-07-19,2023-07-23
5859,Salon,Ménilmontant,2023-03-14,2023-03-16
5860,Conférence,Hôtel-de-Ville,2023-02-10,2023-02-12
5861,Compétition Sportive,Reuilly,2023-09-04,2023-09-05
5862,Salon,Buttes-Montmartre,2023-01-31,2023-02-01
5863,Salon,Batignolles-Monceau,2023-04-05,2023-04-09
5864,Concert,Gobelins,2023-03-01,2023-03-04
5865,Concert,Ménilmontant,2023-10-23,2023-10-27
5866,Concert,Temple,2023-01-25,2023-01-26
5867,Concert,Panthéon,2023-07-16,2023-07-19
5868,Salon,Bourse,2023-11-13,2023-11-16
5869,Conférence,Élysée,2023-11-23,2023-11-26
5870,Concert,Gobelins,2023-03-05,2023-03-08
5871,Festival,Panthéon,2023-12-28,2023-12-29
5872,Salon,Vaugirard,2023-12-01,2023-12-02
5873,Compétition Sportive,Popincourt,2023-06-26,2023-06-29
5874,Compétition Sportive,Entrepôt,2023-10-28,2023-10-31
5875,Conférence,Élysée,2023-07-09,2023-07-10
5876,Salon,Vaugirard,2023-02-21,2023-02-24
5877,Salon,Panthéon,2023-01-31,2023-02-01
5878,Salon,Reuilly,2023-07-03,2023-07-04
5879,Festival,Luxembourg,2023-04-27,2023-04-28
5880,Festival,Panthéon,2023-03-14,2023-03-16
5881,Concert,Opéra,2023-05-27,2023-05-31
5882,Compétition Sportive,Buttes-Montmartre,2023-05-04,2023-05-08
5883,Festival,Ménilmontant,2023-11-22,2023-11-23
5884,Compétition Sportive,Buttes-Chaumont,2023-07-01,2023-07-05
5885,Salon,Entrepôt,2023-04-10,2023-04-13
5886,Festival,Batignolles-Monceau,2023-11-14,2023-11-16
5887,Compétition Sportive,Vaugirard,2023-06-27,2023-06-30
5888,Festival,Opéra,2023-06-15,2023-06-19
5889,Salon,Bourse,2023-01-10,2023-01-11
5890,Salon,Entrepôt,2023-06-12,2023-06-14
5891,Salon,Panthéon,2023-02-15,2023-02-19
5892,Concert,Gobelins,2023-10-07,2023-10-11
5893,Compétition Sportive,Palais-Bourbon,2023-04-08,2023-04-12
5894,Concert,Passy,2023-04-25,2023-04-27
5895,Conférence,Passy,2023-11-25,2023-11-28
5896,Conférence,Palais-Bourbon,2023-12-20,2023-12-23
5897,Festival,Popincourt,2023-07-26,2023-07-30
5898,Festival,Passy,2023-04-01,2023-04-05
5899,Festival,Élysée,2023-12-13,2023-12-14
5900,Concert,Hôtel-de-Ville,2023-05-07,2023-05-09
5901,Salon,Vaugirard,2023-08-25,2023-08-26
5902,Festival,Gobelins,2023-01-27,2023-01-29
5903,Festival,Opéra,2023-01-26,2023-01-30
5904,Conférence,Luxembourg,2023-06-21,2023-06-23
5905,Salon,Gobelins,2023-05-25,2023-05-29
5906,Concert,Élysée,2023-06-03,2023-06-07
5907,Salon,Louvre,2023-12-24,2023-12-27
5908,Conférence,Vaugirard,2023-11-08,2023-11-12
5909,Concert,Gobelins,2023-08-10,2023-08-14
5910,Compétition Sportive,Entrepôt,2023-03-23,2023-03-27
5911,Festival,Bourse,2023-08-08,2023-08-11
5912,Concert,Passy,2023-08-20,2023-08-22
5913,Conférence,Panthéon,2023-05-24,2023-05-26
5914,Salon,Entrepôt,2023-09-15,2023-09-17
5915,Concert,Palais-Bourbon,2023-11-25,2023-11-29
5916,Conférence,Buttes-Chaumont,2023-07-10,2023-07-11
5917,Concert,Bourse,2023-11-16,2023-11-18
5918,Festival,Vaugirard,2023-03-06,2023-03-09
5919,Salon,Reuilly,2023-06-04,2023-06-06
5920,Salon,Temple,2023-09-03,2023-09-07
5921,Concert,Reuilly,2023-05-17,2023-05-20
5922,Conférence,Popincourt,2023-12-13,2023-12-17
5923,Festival,Panthéon,2023-06-16,2023-06-17
5924,Festival,Buttes-Chaumont,2023-06-12,2023-06-13
5925,Concert,Vaugirard,2023-06-10,2023-06-11
5926,Compétition Sportive,Buttes-Chaumont,2023-11-30,2023-12-01
5927,Concert,Élysée,2023-01-01,2023-01-03
5928,Festival,Palais-Bourbon,2023-06-27,2023-06-30
5929,Salon,Buttes-Chaumont,2023-11-23,2023-11-27
5930,Concert,Gobelins,2023-12-25,2023-12-29
5931,Concert,Vaugirard,2023-09-01,2023-09-05
5932,Salon,Passy,2023-06-29,2023-07-02
5933,Concert,Passy,2023-10-17,2023-10-18
5934,Conférence,Opéra,2023-08-26,2023-08-29
5935,Salon,Buttes-Montmartre,2023-04-27,2023-04-28
5936,Salon,Passy,2023-12-14,2023-12-17
5937,Salon,Luxembourg,2023-01-07,2023-01-08
5938,Festival,Louvre,2023-06-23,2023-06-26
5939,Concert,Palais-Bourbon,2023-04-26,2023-04-28
5940,Compétition Sportive,Luxembourg,2023-09-12,2023-09-14
5941,Concert,Entrepôt,2023-03-20,2023-03-22
5942,Concert,Panthéon,2023-01-24,2023-01-26
5943,Festival,Bourse,2023-04-01,2023-04-02
5944,Conférence,Entrepôt,2023-02-08,2023-02-11
5945,Conférence,Popincourt,2023-07-14,2023-07-17
5946,Festival,Ménilmontant,2023-11-26,2023-11-30
5947,Festival,Opéra,2023-07-23,2023-07-27
5948,Festival,Gobelins,2023-06-18,2023-06-20
5949,Concert,Palais-Bourbon,2023-06-06,2023-06-10
5950,Festival,Bourse,2023-07-19,2023-07-21
5951,Compétition Sportive,Reuilly,2023-09-30,2023-10-04
5952,Salon,Opéra,2023-09-28,2023-09-30
5953,Conférence,Buttes-Montmartre,2023-01-04,2023-01-07
5954,Compétition Sportive,Observatoire,2023-05-29,2023-05-30
5955,Conférence,Élysée,2023-03-12,2023-03-14
5956,Concert,Panthéon,2023-02-15,2023-02-19
5957,Concert,Buttes-Montmartre,2023-07-31,2023-08-04
5958,Festival,Bourse,2023-05-15,2023-05-19
5959,Conférence,Bourse,2023-04-20,2023-04-22
5960,Concert,Gobelins,2023-07-17,2023-07-20
5961,Concert,Entrepôt,2023-04-10,2023-04-11
5962,Conférence,Palais-Bourbon,2023-02-21,2023-02-25
5963,Concert,Luxembourg,2023-01-03,2023-01-07
5964,Festival,Vaugirard,2023-04-19,2023-04-21
5965,Concert,Temple,2023-06-08,2023-06-09
5966,Compétition Sportive,Entrepôt,2023-12-10,2023-12-12
5967,Compétition Sportive,Luxembourg,2023-03-04,2023-03-07
5968,Festival,Opéra,2023-06-01,2023-06-02
5969,Compétition Sportive,Opéra,2023-06-25,2023-06-28
5970,Concert,Entrepôt,2023-04-10,2023-04-12
5971,Compétition Sportive,Palais-Bourbon,2023-10-18,2023-10-21
5972,Compétition Sportive,Passy,2023-01-25,2023-01-27
5973,Concert,Bourse,2023-07-03,2023-07-07
5974,Conférence,Vaugirard,2023-12-25,2023-12-29
5975,Festival,Louvre,2023-09-04,2023-09-08
5976,Conférence,Reuilly,2023-01-21,2023-01-23
5977,Conférence,Opéra,2023-05-23,2023-05-25
5978,Compétition Sportive,Hôtel-de-Ville,2023-08-14,2023-08-16
5979,Salon,Bourse,2023-05-11,2023-05-14
5980,Conférence,Bourse,2023-01-10,2023-01-14
5981,Concert,Observatoire,2023-06-27,2023-06-29
5982,Concert,Vaugirard,2023-07-26,2023-07-30
5983,Concert,Hôtel-de-Ville,2023-05-06,2023-05-10
5984,Salon,Buttes-Chaumont,2023-12-02,2023-12-04
5985,Salon,Popincourt,2023-01-13,2023-01-15
5986,Festival,Popincourt,2023-02-13,2023-02-16
5987,Salon,Luxembourg,2023-08-24,2023-08-27
5988,Festival,Élysée,2023-06-24,2023-06-28
5989,Concert,Reuilly,2023-09-07,2023-09-09
5990,Salon,Buttes-Montmartre,2023-02-24,2023-02-26
5991,Compétition Sportive,Vaugirard,2023-06-10,2023-06-12
5992,Compétition Sportive,Louvre,2023-09-29,2023-10-03
5993,Compétition Sportive,Panthéon,2023-02-17,2023-02-19
5994,Salon,Temple,2023-10-18,2023-10-21
5995,Salon,Opéra,2023-02-20,2023-02-21
5996,Salon,Gobelins,2023-11-30,2023-12-01
5997,Compétition Sportive,Luxembourg,2023-04-15,2023-04-18
5998,Concert,Gobelins,2023-12-13,2023-12-14
5999,Conférence,Popincourt,2023-08-30,2023-09-02
6000,Concert,Reuilly,2023-12-29,2024-01-02
6001,Salon,Bourse,2023-12-16,2023-12-17
6002,Conférence,Temple,2023-10-18,2023-10-22
6003,Conférence,Bourse,2023-12-17,2023-12-21
6004,Concert,Buttes-Montmartre,2023-01-12,2023-01-15
6005,Compétition Sportive,Ménilmontant,2023-04-14,2023-04-18
6006,Festival,Passy,2023-02-04,2023-02-05
6007,Compétition Sportive,Louvre,2023-08-14,2023-08-15
6008,Compétition Sportive,Panthéon,2023-06-16,2023-06-19
6009,Conférence,Temple,2023-05-08,2023-05-12
6010,Salon,Observatoire,2023-12-18,2023-12-20
6011,Salon,Buttes-Montmartre,2023-07-23,2023-07-27
6012,Conférence,Panthéon,2023-10-11,2023-10-12
6013,Compétition Sportive,Batignolles-Monceau,2023-07-30,2023-07-31
6014,Concert,Observatoire,2023-01-11,2023-01-12
6015,Festival,Gobelins,2023-10-11,2023-10-15
6016,Compétition Sportive,Luxembourg,2023-08-20,2023-08-22
6017,Compétition Sportive,Hôtel-de-Ville,2023-01-20,2023-01-21
6018,Festival,Passy,2023-08-31,2023-09-04
6019,Concert,Observatoire,2023-11-10,2023-11-13
6020,Festival,Reuilly,2023-10-23,2023-10-27
6021,Conférence,Palais-Bourbon,2023-09-20,2023-09-21
6022,Festival,Buttes-Montmartre,2023-12-08,2023-12-09
6023,Festival,Opéra,2023-09-13,2023-09-14
6024,Compétition Sportive,Bourse,2023-03-17,2023-03-18
6025,Compétition Sportive,Vaugirard,2023-12-15,2023-12-16
6026,Salon,Vaugirard,2023-02-04,2023-02-08
6027,Festival,Ménilmontant,2023-04-17,2023-04-21
6028,Conférence,Gobelins,2023-05-30,2023-06-01
6029,Salon,Élysée,2023-10-01,2023-10-05
6030,Festival,Passy,2023-03-27,2023-03-28
6031,Compétition Sportive,Buttes-Montmartre,2023-03-24,2023-03-28
6032,Conférence,Louvre,2023-02-03,2023-02-07
6033,Concert,Élysée,2023-11-26,2023-11-28
6034,Salon,Bourse,2023-03-24,2023-03-25
6035,Compétition Sportive,Élysée,2023-04-12,2023-04-14
6036,Concert,Hôtel-de-Ville,2023-01-09,2023-01-10
6037,Festival,Palais-Bourbon,2023-11-03,2023-11-04
6038,Conférence,Passy,2023-01-28,2023-01-31
6039,Compétition Sportive,Panthéon,2023-08-10,2023-08-14
6040,Compétition Sportive,Buttes-Montmartre,2023-10-08,2023-10-09
6041,Conférence,Gobelins,2023-07-29,2023-08-01
6042,Compétition Sportive,Hôtel-de-Ville,2023-01-26,2023-01-28
6043,Compétition Sportive,Opéra,2023-05-27,2023-05-31
6044,Festival,Louvre,2023-08-07,2023-08-08
6045,Salon,Élysée,2023-12-22,2023-12-25
6046,Concert,Palais-Bourbon,2023-03-09,2023-03-11
6047,Conférence,Panthéon,2023-11-01,2023-11-03
6048,Concert,Passy,2023-01-26,2023-01-29
6049,Conférence,Observatoire,2023-10-28,2023-11-01
6050,Conférence,Palais-Bourbon,2023-11-19,2023-11-20
6051,Compétition Sportive,Popincourt,2023-04-27,2023-04-30
6052,Festival,Vaugirard,2023-04-10,2023-04-13
6053,Conférence,Hôtel-de-Ville,2023-05-15,2023-05-17
6054,Concert,Palais-Bourbon,2023-09-23,2023-09-26
6055,Salon,Hôtel-de-Ville,2023-07-15,2023-07-19
6056,Concert,Popincourt,2023-05-30,2023-06-01
6057,Festival,Reuilly,2023-09-11,2023-09-14
6058,Salon,Luxembourg,2023-11-05,2023-11-08
6059,Compétition Sportive,Temple,2023-01-29,2023-02-02
6060,Concert,Élysée,2023-05-07,2023-05-08
6061,Concert,Palais-Bourbon,2023-07-10,2023-07-11
6062,Conférence,Popincourt,2023-07-08,2023-07-09
6063,Conférence,Reuilly,2023-11-08,2023-11-10
6064,Salon,Observatoire,2023-05-01,2023-05-02
6065,Compétition Sportive,Popincourt,2023-08-24,2023-08-25
6066,Conférence,Hôtel-de-Ville,2023-11-09,2023-11-11
6067,Concert,Entrepôt,2023-02-06,2023-02-09
6068,Salon,Batignolles-Monceau,2023-09-26,2023-09-28
6069,Conférence,Élysée,2023-08-13,2023-08-14
6070,Conférence,Louvre,2023-02-16,2023-02-18
6071,Festival,Passy,2023-11-27,2023-11-29
6072,Salon,Opéra,2023-07-11,2023-07-12
6073,Salon,Popincourt,2023-12-19,2023-12-22
6074,Compétition Sportive,Entrepôt,2023-04-01,2023-04-02
6075,Conférence,Élysée,2023-12-25,2023-12-27
6076,Salon,Buttes-Chaumont,2023-05-26,2023-05-27
6077,Compétition Sportive,Hôtel-de-Ville,2023-04-28,2023-05-01
6078,Conférence,Entrepôt,2023-06-22,2023-06-26
6079,Concert,Passy,2023-08-25,2023-08-27
6080,Festival,Panthéon,2023-08-21,2023-08-24
6081,Compétition Sportive,Luxembourg,2023-01-24,2023-01-25
6082,Festival,Temple,2023-03-27,2023-03-28
6083,Concert,Bourse,2023-02-28,2023-03-04
6084,Salon,Opéra,2023-09-12,2023-09-14
6085,Conférence,Entrepôt,2023-09-16,2023-09-17
6086,Salon,Passy,2023-03-08,2023-03-11
6087,Festival,Élysée,2023-01-14,2023-01-16
6088,Salon,Popincourt,2023-04-06,2023-04-10
6089,Salon,Panthéon,2023-09-29,2023-10-02
6090,Compétition Sportive,Louvre,2023-08-05,2023-08-09
6091,Compétition Sportive,Gobelins,2023-07-16,2023-07-19
6092,Concert,Opéra,2023-07-09,2023-07-11
6093,Compétition Sportive,Luxembourg,2023-07-06,2023-07-09
6094,Compétition Sportive,Buttes-Chaumont,2023-12-17,2023-12-19
6095,Compétition Sportive,Buttes-Chaumont,2023-05-29,2023-05-31
6096,Compétition Sportive,Ménilmontant,2023-11-13,2023-11-16
6097,Concert,Ménilmontant,2023-02-20,2023-02-23
6098,Compétition Sportive,Panthéon,2023-07-20,2023-07-22
6099,Compétition Sportive,Hôtel-de-Ville,2023-03-26,2023-03-27
6100,Festival,Batignolles-Monceau,2023-07-20,2023-07-21
6101,Compétition Sportive,Ménilmontant,2023-01-10,2023-01-13
6102,Concert,Louvre,2023-09-25,2023-09-26
6103,Concert,Louvre,2023-07-31,2023-08-01
6104,Salon,Buttes-Montmartre,2023-09-12,2023-09-14
6105,Compétition Sportive,Hôtel-de-Ville,2023-12-19,2023-12-21
6106,Conférence,Buttes-Montmartre,2023-07-11,2023-07-12
6107,Salon,Passy,2023-07-18,2023-07-22
6108,Concert,Batignolles-Monceau,2023-09-14,2023-09-17
6109,Salon,Batignolles-Monceau,2023-01-14,2023-01-18
6110,Conférence,Louvre,2023-06-22,2023-06-26
6111,Festival,Élysée,2023-07-19,2023-07-23
6112,Conférence,Popincourt,2023-12-03,2023-12-04
6113,Salon,Vaugirard,2023-03-03,2023-03-05
6114,Compétition Sportive,Entrepôt,2023-02-14,2023-02-15
6115,Festival,Observatoire,2023-12-01,2023-12-05
6116,Conférence,Entrepôt,2023-09-01,2023-09-02
6117,Compétition Sportive,Gobelins,2023-06-05,2023-06-08
6118,Conférence,Palais-Bourbon,2023-09-21,2023-09-25
6119,Concert,Luxembourg,2023-10-07,2023-10-08
6120,Compétition Sportive,Observatoire,2023-01-07,2023-01-09
6121,Concert,Hôtel-de-Ville,2023-01-28,2023-02-01
6122,Festival,Batignolles-Monceau,2023-03-31,2023-04-02
6123,Festival,Buttes-Montmartre,2023-07-28,2023-07-31
6124,Festival,Panthéon,2023-07-10,2023-07-13
6125,Festival,Opéra,2023-08-18,2023-08-19
6126,Concert,Buttes-Chaumont,2023-01-06,2023-01-07
6127,Concert,Passy,2023-09-24,2023-09-27
6128,Salon,Opéra,2023-02-07,2023-02-11
6129,Salon,Gobelins,2023-02-01,2023-02-05
6130,Concert,Observatoire,2023-10-09,2023-10-13
6131,Festival,Popincourt,2023-08-11,2023-08-14
6132,Salon,Entrepôt,2023-10-15,2023-10-17
6133,Compétition Sportive,Observatoire,2023-06-12,2023-06-14
6134,Concert,Buttes-Montmartre,2023-05-10,2023-05-14
6135,Compétition Sportive,Buttes-Montmartre,2023-06-10,2023-06-11
6136,Festival,Popincourt,2023-01-07,2023-01-08
6137,Concert,Reuilly,2023-08-01,2023-08-04
6138,Salon,Reuilly,2023-03-30,2023-03-31
6139,Salon,Palais-Bourbon,2023-03-21,2023-03-24
6140,Compétition Sportive,Popincourt,2023-12-03,2023-12-06
6141,Concert,Batignolles-Monceau,2023-12-19,2023-12-20
6142,Festival,Bourse,2023-12-25,2023-12-26
6143,Conférence,Passy,2023-09-22,2023-09-26
6144,Conférence,Palais-Bourbon,2023-11-19,2023-11-23
6145,Festival,Panthéon,2023-06-25,2023-06-26
6146,Salon,Batignolles-Monceau,2023-06-12,2023-06-16
6147,Conférence,Batignolles-Monceau,2023-11-14,2023-11-18
6148,Festival,Passy,2023-11-22,2023-11-24
6149,Compétition Sportive,Gobelins,2023-07-30,2023-08-03
6150,Salon,Batignolles-Monceau,2023-09-05,2023-09-09
6151,Festival,Buttes-Chaumont,2023-03-19,2023-03-23
6152,Compétition Sportive,Opéra,2023-09-16,2023-09-18
6153,Concert,Observatoire,2023-01-06,2023-01-10
6154,Conférence,Panthéon,2023-03-27,2023-03-29
6155,Conférence,Luxembourg,2023-11-05,2023-11-09
6156,Conférence,Louvre,2023-05-12,2023-05-15
6157,Festival,Batignolles-Monceau,2023-01-10,2023-01-13
6158,Concert,Vaugirard,2023-08-12,2023-08-16
6159,Festival,Luxembourg,2023-02-18,2023-02-20
6160,Festival,Hôtel-de-Ville,2023-01-13,2023-01-14
6161,Concert,Popincourt,2023-12-05,2023-12-08
6162,Compétition Sportive,Panthéon,2023-06-20,2023-06-21
6163,Salon,Ménilmontant,2023-09-03,2023-09-04
6164,Conférence,Reuilly,2023-12-24,2023-12-27
6165,Concert,Louvre,2023-06-25,2023-06-28
6166,Compétition Sportive,Temple,2023-08-06,2023-08-07
6167,Concert,Palais-Bourbon,2023-06-07,2023-06-09
6168,Salon,Temple,2023-10-26,2023-10-29
6169,Concert,Passy,2023-06-08,2023-06-12
6170,Concert,Bourse,2023-11-03,2023-11-06
6171,Compétition Sportive,Buttes-Montmartre,2023-10-21,2023-10-25
6172,Conférence,Bourse,2023-05-27,2023-05-30
6173,Conférence,Passy,2023-05-31,2023-06-04
6174,Compétition Sportive,Hôtel-de-Ville,2023-06-23,2023-06-27
6175,Compétition Sportive,Opéra,2023-10-24,2023-10-26
6176,Festival,Ménilmontant,2023-07-21,2023-07-23
6177,Festival,Hôtel-de-Ville,2023-03-20,2023-03-21
6178,Salon,Panthéon,2023-09-26,2023-09-29
6179,Festival,Observatoire,2023-12-02,2023-12-05
6180,Festival,Reuilly,2023-04-12,2023-04-15
6181,Concert,Luxembourg,2023-04-19,2023-04-21
6182,Concert,Palais-Bourbon,2023-02-13,2023-02-16
6183,Compétition Sportive,Louvre,2023-01-15,2023-01-18
6184,Conférence,Ménilmontant,2023-01-04,2023-01-05
6185,Salon,Élysée,2023-09-05,2023-09-07
6186,Festival,Passy,2023-08-24,2023-08-25
6187,Concert,Gobelins,2023-02-21,2023-02-24
6188,Conférence,Passy,2023-07-21,2023-07-22
6189,Festival,Hôtel-de-Ville,2023-12-26,2023-12-29
6190,Conférence,Passy,2023-02-15,2023-02-18
6191,Concert,Élysée,2023-02-28,2023-03-01
6192,Compétition Sportive,Louvre,2023-06-23,2023-06-24
6193,Festival,Luxembourg,2023-02-01,2023-02-05
6194,Festival,Palais-Bourbon,2023-05-29,2023-06-01
6195,Salon,Observatoire,2023-10-12,2023-10-16
6196,Festival,Buttes-Montmartre,2023-05-01,2023-05-03
6197,Concert,Hôtel-de-Ville,2023-09-20,2023-09-24
6198,Conférence,Reuilly,2023-02-11,2023-02-13
6199,Conférence,Ménilmontant,2023-09-12,2023-09-16
6200,Compétition Sportive,Temple,2023-11-26,2023-11-30
6201,Compétition Sportive,Popincourt,2023-06-27,2023-07-01
6202,Concert,Ménilmontant,2023-03-27,2023-03-28
6203,Conférence,Élysée,2023-01-17,2023-01-19
6204,Compétition Sportive,Élysée,2023-08-26,2023-08-30
6205,Compétition Sportive,Hôtel-de-Ville,2023-05-13,2023-05-17
6206,Salon,Gobelins,2023-07-28,2023-07-30
6207,Salon,Buttes-Montmartre,2023-12-20,2023-12-24
6208,Concert,Louvre,2023-07-15,2023-07-18
6209,Concert,Élysée,2023-03-13,2023-03-14
6210,Concert,Popincourt,2023-01-26,2023-01-27
6211,Concert,Gobelins,2023-03-30,2023-03-31
6212,Conférence,Reuilly,2023-08-23,2023-08-27
6213,Festival,Batignolles-Monceau,2023-02-08,2023-02-09
6214,Concert,Entrepôt,2023-11-19,2023-11-22
6215,Salon,Luxembourg,2023-02-13,2023-02-16
6216,Festival,Palais-Bourbon,2023-12-26,2023-12-28
6217,Festival,Vaugirard,2023-03-05,2023-03-09
6218,Conférence,Popincourt,2023-07-03,2023-07-04
6219,Compétition Sportive,Buttes-Montmartre,2023-03-27,2023-03-30
6220,Festival,Popincourt,2023-10-11,2023-10-14
6221,Conférence,Opéra,2023-03-24,2023-03-28
6222,Conférence,Louvre,2023-09-16,2023-09-17
6223,Conférence,Luxembourg,2023-09-11,2023-09-13
6224,Concert,Vaugirard,2023-10-10,2023-10-12
6225,Compétition Sportive,Passy,2023-07-08,2023-07-12
6226,Concert,Reuilly,2023-11-27,2023-11-30
6227,Salon,Buttes-Chaumont,2023-05-14,2023-05-17
6228,Compétition Sportive,Élysée,2023-10-31,2023-11-04
6229,Concert,Panthéon,2023-08-11,2023-08-15
6230,Compétition Sportive,Louvre,2023-02-25,2023-03-01
6231,Salon,Ménilmontant,2023-01-29,2023-01-30
6232,Concert,Ménilmontant,2023-07-19,2023-07-20
6233,Compétition Sportive,Popincourt,2023-11-27,2023-11-29
6234,Salon,Batignolles-Monceau,2023-04-30,2023-05-04
6235,Conférence,Passy,2023-10-14,2023-10-18
6236,Compétition Sportive,Ménilmontant,2023-11-17,2023-11-20
6237,Salon,Palais-Bourbon,2023-03-12,2023-03-14
6238,Conférence,Buttes-Chaumont,2023-11-26,2023-11-28
6239,Salon,Popincourt,2023-05-17,2023-05-21
6240,Festival,Popincourt,2023-03-04,2023-03-06
6241,Salon,Buttes-Montmartre,2023-03-18,2023-03-20
6242,Concert,Passy,2023-10-10,2023-10-13
6243,Concert,Batignolles-Monceau,2023-01-18,2023-01-20
6244,Concert,Passy,2023-06-15,2023-06-19
6245,Concert,Buttes-Montmartre,2023-05-28,2023-05-31
6246,Festival,Gobelins,2023-07-05,2023-07-09
6247,Festival,Gobelins,2023-03-17,2023-03-20
6248,Festival,Ménilmontant,2023-01-28,2023-01-29
6249,Conférence,Reuilly,2023-02-13,2023-02-17
6250,Compétition Sportive,Observatoire,2023-11-17,2023-11-19
6251,Concert,Luxembourg,2023-05-17,2023-05-19
6252,Compétition Sportive,Batignolles-Monceau,2023-12-28,2023-12-31
6253,Concert,Gobelins,2023-04-23,2023-04-25
6254,Concert,Luxembourg,2023-06-10,2023-06-12
6255,Concert,Passy,2023-09-02,2023-09-04
6256,Festival,Entrepôt,2023-04-16,2023-04-17
6257,Conférence,Batignolles-Monceau,2023-01-09,2023-01-13
6258,Concert,Popincourt,2023-08-02,2023-08-05
6259,Concert,Luxembourg,2023-11-14,2023-11-17
6260,Concert,Palais-Bourbon,2023-11-21,2023-11-25
6261,Salon,Bourse,2023-04-28,2023-04-29
6262,Concert,Passy,2023-07-25,2023-07-29
6263,Festival,Hôtel-de-Ville,2023-07-23,2023-07-26
6264,Festival,Louvre,2023-01-29,2023-01-31
6265,Compétition Sportive,Reuilly,2023-07-27,2023-07-29
6266,Festival,Buttes-Chaumont,2023-10-31,2023-11-02
6267,Compétition Sportive,Hôtel-de-Ville,2023-03-14,2023-03-15
6268,Conférence,Panthéon,2023-11-03,2023-11-04
6269,Salon,Gobelins,2023-10-15,2023-10-16
6270,Festival,Passy,2023-12-06,2023-12-08
6271,Concert,Élysée,2023-04-27,2023-04-30
6272,Conférence,Gobelins,2023-08-31,2023-09-01
6273,Concert,Luxembourg,2023-08-22,2023-08-26
6274,Compétition Sportive,Buttes-Montmartre,2023-07-27,2023-07-29
6275,Compétition Sportive,Entrepôt,2023-05-27,2023-05-29
6276,Salon,Buttes-Montmartre,2023-11-28,2023-11-30
6277,Conférence,Temple,2023-03-22,2023-03-24
6278,Compétition Sportive,Vaugirard,2023-04-08,2023-04-11
6279,Concert,Observatoire,2023-10-24,2023-10-26
6280,Festival,Gobelins,2023-08-30,2023-09-01
6281,Festival,Reuilly,2023-10-17,2023-10-20
6282,Conférence,Palais-Bourbon,2023-01-21,2023-01-25
6283,Conférence,Temple,2023-06-19,2023-06-23
6284,Compétition Sportive,Reuilly,2023-04-15,2023-04-18
6285,Festival,Buttes-Chaumont,2023-03-08,2023-03-10
6286,Salon,Luxembourg,2023-04-10,2023-04-11
6287,Salon,Palais-Bourbon,2023-08-25,2023-08-26
6288,Salon,Luxembourg,2023-09-09,2023-09-11
6289,Salon,Élysée,2023-03-24,2023-03-27
6290,Compétition Sportive,Ménilmontant,2023-01-21,2023-01-23
6291,Concert,Vaugirard,2023-07-23,2023-07-25
6292,Salon,Reuilly,2023-06-24,2023-06-27
6293,Compétition Sportive,Gobelins,2023-06-05,2023-06-08
6294,Salon,Entrepôt,2023-07-10,2023-07-11
6295,Salon,Opéra,2023-11-07,2023-11-08
6296,Concert,Panthéon,2023-01-12,2023-01-14
6297,Salon,Popincourt,2023-10-13,2023-10-16
6298,Compétition Sportive,Vaugirard,2023-09-25,2023-09-29
6299,Compétition Sportive,Palais-Bourbon,2023-08-19,2023-08-21
6300,Festival,Observatoire,2023-06-16,2023-06-20
6301,Conférence,Louvre,2023-10-01,2023-10-03
6302,Salon,Temple,2023-09-06,2023-09-09
6303,Salon,Popincourt,2023-10-07,2023-10-08
6304,Compétition Sportive,Observatoire,2023-05-20,2023-05-22
6305,Salon,Élysée,2023-12-04,2023-12-07
6306,Compétition Sportive,Opéra,2023-05-14,2023-05-15
6307,Festival,Batignolles-Monceau,2023-09-21,2023-09-22
6308,Salon,Ménilmontant,2023-02-26,2023-03-01
6309,Festival,Temple,2023-11-01,2023-11-04
6310,Festival,Luxembourg,2023-05-23,2023-05-26
6311,Conférence,Bourse,2023-08-24,2023-08-28
6312,Compétition Sportive,Gobelins,2023-01-07,2023-01-11
6313,Festival,Hôtel-de-Ville,2023-08-09,2023-08-11
6314,Compétition Sportive,Louvre,2023-02-27,2023-03-01
6315,Conférence,Opéra,2023-11-05,2023-11-08
6316,Compétition Sportive,Bourse,2023-07-24,2023-07-26
6317,Conférence,Palais-Bourbon,2023-08-12,2023-08-14
6318,Salon,Gobelins,2023-05-20,2023-05-24
6319,Conférence,Entrepôt,2023-04-22,2023-04-25
6320,Conférence,Élysée,2023-01-25,2023-01-27
6321,Conférence,Luxembourg,2023-05-27,2023-05-30
6322,Concert,Reuilly,2023-10-25,2023-10-27
6323,Festival,Louvre,2023-09-04,2023-09-08
6324,Compétition Sportive,Louvre,2023-03-21,2023-03-24
6325,Compétition Sportive,Observatoire,2023-01-12,2023-01-14
6326,Concert,Vaugirard,2023-07-07,2023-07-08
6327,Salon,Temple,2023-02-05,2023-02-09
6328,Festival,Panthéon,2023-06-01,2023-06-02
6329,Festival,Bourse,2023-10-16,2023-10-19
6330,Festival,Bourse,2023-05-12,2023-05-16
6331,Festival,Luxembourg,2023-02-25,2023-03-01
6332,Concert,Entrepôt,2023-04-28,2023-04-30
6333,Compétition Sportive,Buttes-Montmartre,2023-09-21,2023-09-24
6334,Salon,Élysée,2023-07-08,2023-07-09
6335,Salon,Entrepôt,2023-01-08,2023-01-09
6336,Salon,Entrepôt,2023-05-15,2023-05-16
6337,Concert,Observatoire,2023-12-26,2023-12-30
6338,Concert,Batignolles-Monceau,2023-02-04,2023-02-05
6339,Conférence,Observatoire,2023-03-20,2023-03-24
6340,Concert,Élysée,2023-05-26,2023-05-27
6341,Festival,Louvre,2023-09-24,2023-09-26
6342,Compétition Sportive,Panthéon,2023-08-10,2023-08-13
6343,Salon,Popincourt,2023-03-28,2023-03-31
6344,Concert,Popincourt,2023-09-12,2023-09-14
6345,Compétition Sportive,Ménilmontant,2023-04-08,2023-04-10
6346,Festival,Vaugirard,2023-09-29,2023-10-03
6347,Concert,Panthéon,2023-01-06,2023-01-09
6348,Concert,Reuilly,2023-08-21,2023-08-22
6349,Compétition Sportive,Passy,2023-01-15,2023-01-17
6350,Festival,Bourse,2023-11-25,2023-11-27
6351,Concert,Observatoire,2023-01-29,2023-02-02
6352,Compétition Sportive,Opéra,2023-07-11,2023-07-15
6353,Festival,Passy,2023-08-22,2023-08-25
6354,Concert,Élysée,2023-03-07,2023-03-08
6355,Concert,Hôtel-de-Ville,2023-04-07,2023-04-09
6356,Salon,Passy,2023-08-18,2023-08-20
6357,Conférence,Buttes-Montmartre,2023-08-03,2023-08-07
6358,Festival,Buttes-Montmartre,2023-04-30,2023-05-01
6359,Compétition Sportive,Vaugirard,2023-05-21,2023-05-23
6360,Salon,Popincourt,2023-03-12,2023-03-15
6361,Concert,Entrepôt,2023-11-09,2023-11-13
6362,Compétition Sportive,Hôtel-de-Ville,2023-06-28,2023-07-02
6363,Salon,Hôtel-de-Ville,2023-08-01,2023-08-04
6364,Salon,Passy,2023-01-28,2023-02-01
6365,Conférence,Louvre,2023-12-16,2023-12-20
6366,Salon,Hôtel-de-Ville,2023-05-31,2023-06-01
6367,Festival,Passy,2023-05-05,2023-05-08
6368,Conférence,Ménilmontant,2023-12-07,2023-12-09
6369,Conférence,Hôtel-de-Ville,2023-09-14,2023-09-18
6370,Concert,Passy,2023-12-18,2023-12-21
6371,Concert,Reuilly,2023-12-10,2023-12-11
6372,Festival,Popincourt,2023-07-18,2023-07-21
6373,Compétition Sportive,Louvre,2023-06-12,2023-06-14
6374,Festival,Buttes-Montmartre,2023-10-19,2023-10-21
6375,Conférence,Bourse,2023-01-14,2023-01-18
6376,Concert,Observatoire,2023-07-03,2023-07-06
6377,Festival,Bourse,2023-03-03,2023-03-07
6378,Concert,Gobelins,2023-04-13,2023-04-14
6379,Festival,Batignolles-Monceau,2023-12-09,2023-12-10
6380,Festival,Batignolles-Monceau,2023-05-22,2023-05-26
6381,Salon,Vaugirard,2023-07-09,2023-07-12
6382,Festival,Entrepôt,2023-04-28,2023-04-29
6383,Concert,Palais-Bourbon,2023-08-05,2023-08-07
6384,Festival,Entrepôt,2023-01-22,2023-01-26
6385,Compétition Sportive,Buttes-Montmartre,2023-04-23,2023-04-24
6386,Salon,Observatoire,2023-04-11,2023-04-14
6387,Festival,Passy,2023-01-29,2023-01-31
6388,Compétition Sportive,Panthéon,2023-03-16,2023-03-20
6389,Concert,Hôtel-de-Ville,2023-12-16,2023-12-18
6390,Compétition Sportive,Buttes-Chaumont,2023-07-06,2023-07-10
6391,Salon,Temple,2023-12-08,2023-12-12
6392,Concert,Louvre,2023-01-15,2023-01-18
6393,Festival,Palais-Bourbon,2023-05-29,2023-05-30
6394,Festival,Élysée,2023-04-21,2023-04-22
6395,Compétition Sportive,Louvre,2023-03-30,2023-04-03
6396,Festival,Entrepôt,2023-09-04,2023-09-06
6397,Concert,Ménilmontant,2023-11-29,2023-12-01
6398,Concert,Bourse,2023-03-12,2023-03-15
6399,Festival,Entrepôt,2023-04-23,2023-04-24
6400,Compétition Sportive,Reuilly,2023-11-13,2023-11-15
6401,Festival,Ménilmontant,2023-02-16,2023-02-17
6402,Conférence,Batignolles-Monceau,2023-10-09,2023-10-12
6403,Festival,Gobelins,2023-03-10,2023-03-14
6404,Salon,Luxembourg,2023-08-31,2023-09-02
6405,Festival,Louvre,2023-07-02,2023-07-05
6406,Conférence,Gobelins,2023-11-21,2023-11-22
6407,Salon,Temple,2023-12-08,2023-12-09
6408,Compétition Sportive,Batignolles-Monceau,2023-03-13,2023-03-17
6409,Salon,Vaugirard,2023-06-11,2023-06-15
6410,Concert,Luxembourg,2023-09-08,2023-09-10
6411,Conférence,Buttes-Chaumont,2023-07-10,2023-07-12
6412,Concert,Vaugirard,2023-05-06,2023-05-09
6413,Concert,Buttes-Montmartre,2023-06-27,2023-06-29
6414,Salon,Gobelins,2023-08-29,2023-09-02
6415,Salon,Reuilly,2023-09-30,2023-10-01
6416,Concert,Bourse,2023-05-01,2023-05-05
6417,Compétition Sportive,Passy,2023-03-22,2023-03-24
6418,Festival,Observatoire,2023-12-01,2023-12-02
6419,Festival,Reuilly,2023-10-22,2023-10-26
6420,Conférence,Passy,2023-04-11,2023-04-13
6421,Salon,Élysée,2023-06-08,2023-06-12
6422,Festival,Luxembourg,2023-02-27,2023-03-03
6423,Compétition Sportive,Ménilmontant,2023-01-25,2023-01-29
6424,Conférence,Buttes-Chaumont,2023-10-02,2023-10-06
6425,Salon,Hôtel-de-Ville,2023-02-23,2023-02-27
6426,Festival,Temple,2023-07-18,2023-07-22
6427,Concert,Bourse,2023-01-02,2023-01-06
6428,Compétition Sportive,Palais-Bourbon,2023-12-01,2023-12-05
6429,Compétition Sportive,Observatoire,2023-01-22,2023-01-25
6430,Salon,Observatoire,2023-06-15,2023-06-19
6431,Compétition Sportive,Luxembourg,2023-04-27,2023-05-01
6432,Salon,Panthéon,2023-09-20,2023-09-23
6433,Compétition Sportive,Entrepôt,2023-12-27,2023-12-28
6434,Festival,Opéra,2023-12-09,2023-12-12
6435,Salon,Opéra,2023-03-07,2023-03-09
6436,Compétition Sportive,Opéra,2023-10-16,2023-10-17
6437,Festival,Gobelins,2023-12-04,2023-12-06
6438,Festival,Vaugirard,2023-05-01,2023-05-02
6439,Festival,Temple,2023-12-30,2024-01-03
6440,Salon,Louvre,2023-05-15,2023-05-16
6441,Salon,Palais-Bourbon,2023-11-11,2023-11-15
6442,Compétition Sportive,Vaugirard,2023-08-04,2023-08-05
6443,Concert,Bourse,2023-09-24,2023-09-28
6444,Concert,Passy,2023-05-20,2023-05-23
6445,Conférence,Palais-Bourbon,2023-05-26,2023-05-29
6446,Concert,Luxembourg,2023-05-01,2023-05-04
6447,Concert,Passy,2023-09-14,2023-09-15
6448,Compétition Sportive,Popincourt,2023-10-10,2023-10-14
6449,Salon,Ménilmontant,2023-09-04,2023-09-08
6450,Concert,Élysée,2023-03-14,2023-03-18
6451,Conférence,Buttes-Montmartre,2023-11-28,2023-12-01
6452,Compétition Sportive,Ménilmontant,2023-11-16,2023-11-19
6453,Festival,Ménilmontant,2023-02-18,2023-02-19
6454,Festival,Élysée,2023-07-27,2023-07-30
6455,Conférence,Hôtel-de-Ville,2023-09-07,2023-09-08
6456,Salon,Luxembourg,2023-06-12,2023-06-15
6457,Festival,Luxembourg,2023-06-18,2023-06-19
6458,Salon,Luxembourg,2023-02-04,2023-02-05
6459,Concert,Palais-Bourbon,2023-03-21,2023-03-22
6460,Concert,Palais-Bourbon,2023-10-31,2023-11-03
6461,Concert,Ménilmontant,2023-06-19,2023-06-20
6462,Festival,Hôtel-de-Ville,2023-08-28,2023-08-29
6463,Festival,Popincourt,2023-12-02,2023-12-04
6464,Salon,Bourse,2023-09-19,2023-09-21
6465,Salon,Gobelins,2023-12-22,2023-12-23
6466,Conférence,Buttes-Chaumont,2023-12-17,2023-12-18
6467,Concert,Louvre,2023-04-21,2023-04-24
6468,Compétition Sportive,Reuilly,2023-04-02,2023-04-06
6469,Compétition Sportive,Gobelins,2023-10-18,2023-10-21
6470,Concert,Buttes-Chaumont,2023-09-30,2023-10-01
6471,Conférence,Buttes-Chaumont,2023-06-24,2023-06-27
6472,Salon,Louvre,2023-10-13,2023-10-16
6473,Festival,Élysée,2023-09-01,2023-09-02
6474,Conférence,Panthéon,2023-01-09,2023-01-12
6475,Conférence,Louvre,2023-10-06,2023-10-10
6476,Concert,Batignolles-Monceau,2023-02-14,2023-02-16
6477,Salon,Élysée,2023-03-06,2023-03-10
6478,Compétition Sportive,Reuilly,2023-05-20,2023-05-23
6479,Compétition Sportive,Entrepôt,2023-12-03,2023-12-06
6480,Compétition Sportive,Élysée,2023-06-23,2023-06-27
6481,Conférence,Luxembourg,2023-06-10,2023-06-11
6482,Festival,Opéra,2023-05-08,2023-05-11
6483,Salon,Buttes-Montmartre,2023-10-05,2023-10-09
6484,Festival,Hôtel-de-Ville,2023-01-10,2023-01-12
6485,Compétition Sportive,Ménilmontant,2023-12-12,2023-12-13
6486,Festival,Temple,2023-08-05,2023-08-07
6487,Conférence,Palais-Bourbon,2023-05-19,2023-05-22
6488,Concert,Palais-Bourbon,2023-08-23,2023-08-27
6489,Festival,Entrepôt,2023-11-03,2023-11-04
6490,Festival,Vaugirard,2023-01-28,2023-01-29
6491,Festival,Louvre,2023-10-10,2023-10-11
6492,Compétition Sportive,Buttes-Montmartre,2023-09-04,2023-09-06
6493,Festival,Vaugirard,2023-05-30,2023-05-31
6494,Salon,Passy,2023-06-02,2023-06-06
6495,Conférence,Temple,2023-10-02,2023-10-05
6496,Salon,Entrepôt,2023-09-20,2023-09-24
6497,Salon,Temple,2023-09-06,2023-09-07
6498,Compétition Sportive,Hôtel-de-Ville,2023-05-17,2023-05-18
6499,Festival,Buttes-Montmartre,2023-04-28,2023-05-02
6500,Conférence,Popincourt,2023-07-17,2023-07-20
6501,Conférence,Reuilly,2023-11-14,2023-11-18
6502,Conférence,Buttes-Montmartre,2023-11-13,2023-11-14
6503,Festival,Louvre,2023-06-23,2023-06-24
6504,Conférence,Entrepôt,2023-09-02,2023-09-04
6505,Conférence,Passy,2023-12-08,2023-12-11
6506,Concert,Buttes-Chaumont,2023-01-09,2023-01-12
6507,Concert,Luxembourg,2023-01-22,2023-01-23
6508,Conférence,Entrepôt,2023-11-05,2023-11-07
6509,Salon,Élysée,2023-10-04,2023-10-06
6510,Festival,Louvre,2023-09-12,2023-09-14
6511,Salon,Louvre,2023-03-26,2023-03-28
6512,Salon,Panthéon,2023-02-22,2023-02-26
6513,Festival,Palais-Bourbon,2023-03-03,2023-03-05
6514,Festival,Élysée,2023-07-05,2023-07-08
6515,Compétition Sportive,Louvre,2023-03-02,2023-03-06
6516,Compétition Sportive,Palais-Bourbon,2023-06-12,2023-06-13
6517,Compétition Sportive,Gobelins,2023-12-09,2023-12-12
6518,Conférence,Luxembourg,2023-03-23,2023-03-27
6519,Conférence,Gobelins,2023-02-28,2023-03-03
6520,Conférence,Élysée,2023-12-09,2023-12-13
6521,Compétition Sportive,Buttes-Montmartre,2023-09-14,2023-09-17
6522,Festival,Bourse,2023-06-21,2023-06-23
6523,Conférence,Vaugirard,2023-02-27,2023-03-01
6524,Festival,Passy,2023-07-31,2023-08-03
6525,Compétition Sportive,Buttes-Montmartre,2023-07-01,2023-07-04
6526,Festival,Bourse,2023-07-27,2023-07-28
6527,Conférence,Popincourt,2023-10-08,2023-10-10
6528,Festival,Opéra,2023-01-07,2023-01-08
6529,Compétition Sportive,Vaugirard,2023-12-02,2023-12-03
6530,Conférence,Opéra,2023-04-28,2023-04-30
6531,Conférence,Passy,2023-02-04,2023-02-05
6532,Compétition Sportive,Luxembourg,2023-04-05,2023-04-07
6533,Salon,Temple,2023-01-01,2023-01-02
6534,Concert,Louvre,2023-08-29,2023-09-02
6535,Compétition Sportive,Temple,2023-08-07,2023-08-08
6536,Festival,Passy,2023-10-20,2023-10-24
6537,Salon,Popincourt,2023-04-23,2023-04-25
6538,Compétition Sportive,Luxembourg,2023-05-13,2023-05-16
6539,Concert,Batignolles-Monceau,2023-01-29,2023-02-02
6540,Conférence,Temple,2023-05-31,2023-06-03
6541,Concert,Popincourt,2023-08-11,2023-08-14
6542,Concert,Élysée,2023-03-19,2023-03-22
6543,Compétition Sportive,Passy,2023-05-05,2023-05-07
6544,Conférence,Hôtel-de-Ville,2023-11-27,2023-12-01
6545,Conférence,Batignolles-Monceau,2023-11-17,2023-11-18
6546,Concert,Buttes-Chaumont,2023-06-21,2023-06-23
6547,Compétition Sportive,Palais-Bourbon,2023-07-03,2023-07-05
6548,Conférence,Élysée,2023-01-20,2023-01-22
6549,Conférence,Reuilly,2023-11-18,2023-11-19
6550,Festival,Entrepôt,2023-02-02,2023-02-06
6551,Concert,Élysée,2023-10-28,2023-10-31
6552,Salon,Buttes-Montmartre,2023-06-22,2023-06-24
6553,Concert,Ménilmontant,2023-07-28,2023-08-01
6554,Compétition Sportive,Gobelins,2023-07-17,2023-07-21
6555,Conférence,Reuilly,2023-09-25,2023-09-27
6556,Conférence,Temple,2023-07-26,2023-07-27
6557,Festival,Vaugirard,2023-11-08,2023-11-09
6558,Conférence,Palais-Bourbon,2023-11-19,2023-11-21
6559,Conférence,Buttes-Montmartre,2023-12-07,2023-12-11
6560,Salon,Élysée,2023-08-15,2023-08-16
6561,Concert,Reuilly,2023-12-30,2024-01-01
6562,Conférence,Reuilly,2023-02-12,2023-02-14
6563,Compétition Sportive,Opéra,2023-04-01,2023-04-03
6564,Salon,Entrepôt,2023-01-17,2023-01-18
6565,Salon,Batignolles-Monceau,2023-08-16,2023-08-19
6566,Festival,Batignolles-Monceau,2023-08-11,2023-08-13
6567,Compétition Sportive,Vaugirard,2023-04-17,2023-04-21
6568,Salon,Batignolles-Monceau,2023-06-25,2023-06-27
6569,Concert,Entrepôt,2023-08-09,2023-08-11
6570,Compétition Sportive,Ménilmontant,2023-12-06,2023-12-08
6571,Concert,Panthéon,2023-10-21,2023-10-25
6572,Festival,Passy,2023-11-01,2023-11-03
6573,Festival,Hôtel-de-Ville,2023-04-09,2023-04-13
6574,Conférence,Batignolles-Monceau,2023-08-19,2023-08-22
6575,Concert,Panthéon,2023-11-17,2023-11-19
6576,Concert,Batignolles-Monceau,2023-12-30,2023-12-31
6577,Festival,Palais-Bourbon,2023-11-02,2023-11-05
6578,Concert,Élysée,2023-01-13,2023-01-17
6579,Compétition Sportive,Opéra,2023-12-13,2023-12-17
6580,Conférence,Ménilmontant,2023-05-11,2023-05-15
6581,Conférence,Passy,2023-07-31,2023-08-02
6582,Compétition Sportive,Luxembourg,2023-01-28,2023-01-31
6583,Salon,Palais-Bourbon,2023-11-22,2023-11-26
6584,Concert,Palais-Bourbon,2023-10-29,2023-10-31
6585,Salon,Entrepôt,2023-05-17,2023-05-21
6586,Salon,Buttes-Montmartre,2023-10-28,2023-10-31
6587,Concert,Bourse,2023-06-10,2023-06-12
6588,Festival,Temple,2023-01-04,2023-01-05
6589,Concert,Gobelins,2023-02-21,2023-02-23
6590,Festival,Opéra,2023-06-15,2023-06-18
6591,Compétition Sportive,Ménilmontant,2023-11-17,2023-11-18
6592,Festival,Passy,2023-10-29,2023-11-02
6593,Salon,Temple,2023-06-09,2023-06-12
6594,Salon,Temple,2023-12-28,2024-01-01
6595,Salon,Opéra,2023-06-26,2023-06-29
6596,Festival,Hôtel-de-Ville,2023-01-19,2023-01-23
6597,Salon,Passy,2023-03-22,2023-03-24
6598,Conférence,Vaugirard,2023-06-29,2023-06-30
6599,Concert,Temple,2023-07-09,2023-07-11
6600,Salon,Temple,2023-02-10,2023-02-13
6601,Festival,Entrepôt,2023-11-28,2023-11-29
6602,Salon,Bourse,2023-05-28,2023-05-30
6603,Festival,Bourse,2023-01-22,2023-01-25
6604,Concert,Vaugirard,2023-08-25,2023-08-26
6605,Festival,Hôtel-de-Ville,2023-06-08,2023-06-10
6606,Concert,Panthéon,2023-04-08,2023-04-12
6607,Salon,Temple,2023-03-28,2023-03-29
6608,Conférence,Batignolles-Monceau,2023-04-18,2023-04-22
6609,Salon,Popincourt,2023-11-08,2023-11-09
6610,Concert,Entrepôt,2023-10-02,2023-10-04
6611,Compétition Sportive,Gobelins,2023-04-23,2023-04-26
6612,Compétition Sportive,Reuilly,2023-11-18,2023-11-20
6613,Compétition Sportive,Vaugirard,2023-11-18,2023-11-20
6614,Salon,Luxembourg,2023-10-21,2023-10-22
6615,Festival,Ménilmontant,2023-02-08,2023-02-12
6616,Conférence,Vaugirard,2023-08-17,2023-08-19
6617,Conférence,Batignolles-Monceau,2023-01-28,2023-02-01
6618,Salon,Gobelins,2023-01-11,2023-01-12
6619,Concert,Hôtel-de-Ville,2023-08-22,2023-08-25
6620,Salon,Temple,2023-04-03,2023-04-04
6621,Compétition Sportive,Palais-Bourbon,2023-01-21,2023-01-25
6622,Concert,Passy,2023-06-06,2023-06-10
6623,Conférence,Ménilmontant,2023-04-03,2023-04-07
6624,Salon,Élysée,2023-02-11,2023-02-13
6625,Festival,Buttes-Montmartre,2023-05-20,2023-05-24
6626,Festival,Panthéon,2023-01-02,2023-01-06
6627,Conférence,Gobelins,2023-02-09,2023-02-11
6628,Concert,Louvre,2023-04-12,2023-04-16
6629,Compétition Sportive,Passy,2023-11-15,2023-11-17
6630,Festival,Popincourt,2023-06-10,2023-06-13
6631,Festival,Gobelins,2023-12-31,2024-01-02
6632,Salon,Ménilmontant,2023-09-23,2023-09-25
6633,Conférence,Vaugirard,2023-01-16,2023-01-20
6634,Festival,Ménilmontant,2023-09-21,2023-09-22
6635,Salon,Élysée,2023-02-16,2023-02-18
6636,Concert,Reuilly,2023-06-23,2023-06-24
6637,Festival,Gobelins,2023-09-17,2023-09-20
6638,Conférence,Observatoire,2023-04-02,2023-04-04
6639,Salon,Bourse,2023-01-17,2023-01-21
6640,Concert,Panthéon,2023-12-04,2023-12-07
6641,Salon,Hôtel-de-Ville,2023-09-02,2023-09-04
6642,Compétition Sportive,Gobelins,2023-01-05,2023-01-07
6643,Conférence,Vaugirard,2023-03-13,2023-03-17
6644,Conférence,Entrepôt,2023-05-06,2023-05-10
6645,Festival,Buttes-Montmartre,2023-06-30,2023-07-04
6646,Salon,Panthéon,2023-01-05,2023-01-07
6647,Concert,Luxembourg,2023-02-04,2023-02-05
6648,Festival,Batignolles-Monceau,2023-01-23,2023-01-27
6649,Conférence,Entrepôt,2023-05-30,2023-05-31
6650,Salon,Gobelins,2023-04-27,2023-05-01
6651,Concert,Passy,2023-11-18,2023-11-19
6652,Conférence,Reuilly,2023-06-13,2023-06-15
6653,Concert,Entrepôt,2023-03-08,2023-03-10
6654,Salon,Reuilly,2023-01-28,2023-01-30
6655,Concert,Ménilmontant,2023-08-24,2023-08-25
6656,Festival,Louvre,2023-05-21,2023-05-22
6657,Festival,Batignolles-Monceau,2023-07-20,2023-07-23
6658,Salon,Gobelins,2023-03-10,2023-03-14
6659,Conférence,Palais-Bourbon,2023-08-20,2023-08-21
6660,Compétition Sportive,Luxembourg,2023-10-13,2023-10-17
6661,Compétition Sportive,Louvre,2023-03-01,2023-03-04
6662,Compétition Sportive,Hôtel-de-Ville,2023-12-09,2023-12-12
6663,Conférence,Élysée,2023-04-07,2023-04-08
6664,Festival,Entrepôt,2023-11-29,2023-12-01
6665,Festival,Louvre,2023-02-11,2023-02-12
6666,Festival,Ménilmontant,2023-04-15,2023-04-18
6667,Salon,Popincourt,2023-10-31,2023-11-02
6668,Festival,Reuilly,2023-12-27,2023-12-28
6669,Festival,Batignolles-Monceau,2023-07-23,2023-07-25
6670,Festival,Observatoire,2023-05-30,2023-06-02
6671,Compétition Sportive,Ménilmontant,2023-09-05,2023-09-06
6672,Concert,Panthéon,2023-11-25,2023-11-27
6673,Festival,Vaugirard,2023-04-05,2023-04-08
6674,Concert,Hôtel-de-Ville,2023-02-19,2023-02-20
6675,Festival,Gobelins,2023-07-10,2023-07-11
6676,Compétition Sportive,Palais-Bourbon,2023-06-25,2023-06-27
6677,Compétition Sportive,Buttes-Montmartre,2023-11-18,2023-11-20
6678,Concert,Passy,2023-02-05,2023-02-07
6679,Compétition Sportive,Hôtel-de-Ville,2023-10-12,2023-10-13
6680,Salon,Entrepôt,2023-04-08,2023-04-10
6681,Conférence,Élysée,2023-06-24,2023-06-26
6682,Conférence,Passy,2023-05-01,2023-05-05
6683,Festival,Vaugirard,2023-02-19,2023-02-21
6684,Compétition Sportive,Louvre,2023-01-09,2023-01-10
6685,Conférence,Élysée,2023-03-17,2023-03-18
6686,Concert,Buttes-Chaumont,2023-03-26,2023-03-30
6687,Concert,Popincourt,2023-01-05,2023-01-08
6688,Concert,Bourse,2023-01-07,2023-01-08
6689,Festival,Reuilly,2023-02-06,2023-02-10
6690,Conférence,Passy,2023-09-03,2023-09-04
6691,Conférence,Popincourt,2023-01-03,2023-01-05
6692,Conférence,Reuilly,2023-05-23,2023-05-25
6693,Concert,Bourse,2023-03-24,2023-03-25
6694,Concert,Élysée,2023-09-16,2023-09-20
6695,Festival,Buttes-Montmartre,2023-12-06,2023-12-07
6696,Salon,Panthéon,2023-12-01,2023-12-03
6697,Conférence,Opéra,2023-04-12,2023-04-14
6698,Festival,Entrepôt,2023-07-22,2023-07-26
6699,Concert,Buttes-Chaumont,2023-01-04,2023-01-08
6700,Salon,Buttes-Montmartre,2023-06-12,2023-06-14
6701,Compétition Sportive,Gobelins,2023-11-20,2023-11-23
6702,Salon,Observatoire,2023-02-05,2023-02-07
6703,Festival,Buttes-Montmartre,2023-03-19,2023-03-22
6704,Salon,Vaugirard,2023-06-21,2023-06-25
6705,Concert,Passy,2023-03-05,2023-03-06
6706,Salon,Opéra,2023-07-14,2023-07-16
6707,Concert,Reuilly,2023-01-20,2023-01-23
6708,Salon,Popincourt,2023-11-24,2023-11-26
6709,Festival,Palais-Bourbon,2023-09-11,2023-09-13
6710,Compétition Sportive,Popincourt,2023-07-04,2023-07-05
6711,Conférence,Louvre,2023-09-13,2023-09-16
6712,Salon,Opéra,2023-02-24,2023-02-28
6713,Compétition Sportive,Élysée,2023-09-27,2023-09-30
6714,Salon,Palais-Bourbon,2023-05-09,2023-05-11
6715,Compétition Sportive,Panthéon,2023-02-26,2023-02-27
6716,Concert,Reuilly,2023-12-06,2023-12-10
6717,Compétition Sportive,Temple,2023-01-14,2023-01-15
6718,Conférence,Vaugirard,2023-02-20,2023-02-21
6719,Compétition Sportive,Vaugirard,2023-12-14,2023-12-16
6720,Conférence,Batignolles-Monceau,2023-12-25,2023-12-29
6721,Conférence,Louvre,2023-02-27,2023-02-28
6722,Compétition Sportive,Hôtel-de-Ville,2023-04-29,2023-05-03
6723,Conférence,Gobelins,2023-09-22,2023-09-26
6724,Conférence,Ménilmontant,2023-12-09,2023-12-13
6725,Concert,Observatoire,2023-02-17,2023-02-18
6726,Festival,Hôtel-de-Ville,2023-04-14,2023-04-15
6727,Concert,Palais-Bourbon,2023-07-19,2023-07-22
6728,Festival,Louvre,2023-06-11,2023-06-15
6729,Festival,Bourse,2023-01-02,2023-01-03
6730,Concert,Passy,2023-01-24,2023-01-25
6731,Conférence,Panthéon,2023-03-15,2023-03-17
6732,Concert,Élysée,2023-11-01,2023-11-04
6733,Conférence,Vaugirard,2023-10-23,2023-10-27
6734,Concert,Popincourt,2023-09-08,2023-09-09
6735,Concert,Batignolles-Monceau,2023-01-08,2023-01-09
6736,Salon,Temple,2023-11-21,2023-11-24
6737,Compétition Sportive,Buttes-Montmartre,2023-03-08,2023-03-11
6738,Concert,Observatoire,2023-08-13,2023-08-17
6739,Compétition Sportive,Élysée,2023-02-21,2023-02-22
6740,Conférence,Vaugirard,2023-10-22,2023-10-25
6741,Salon,Passy,2023-03-12,2023-03-13
6742,Salon,Buttes-Montmartre,2023-03-26,2023-03-29
6743,Festival,Buttes-Chaumont,2023-08-18,2023-08-19
6744,Compétition Sportive,Bourse,2023-01-13,2023-01-16
6745,Salon,Temple,2023-03-30,2023-03-31
6746,Conférence,Temple,2023-05-10,2023-05-13
6747,Festival,Batignolles-Monceau,2023-09-28,2023-10-01
6748,Salon,Observatoire,2023-10-01,2023-10-05
6749,Conférence,Batignolles-Monceau,2023-03-10,2023-03-11
6750,Compétition Sportive,Batignolles-Monceau,2023-12-12,2023-12-14
6751,Conférence,Reuilly,2023-10-13,2023-10-16
6752,Conférence,Reuilly,2023-03-19,2023-03-20
6753,Conférence,Popincourt,2023-05-13,2023-05-15
6754,Concert,Bourse,2023-07-11,2023-07-15
6755,Salon,Élysée,2023-12-29,2024-01-02
6756,Conférence,Bourse,2023-09-21,2023-09-23
6757,Festival,Panthéon,2023-09-19,2023-09-23
6758,Concert,Gobelins,2023-03-31,2023-04-04
6759,Conférence,Gobelins,2023-07-15,2023-07-16
6760,Conférence,Buttes-Chaumont,2023-11-10,2023-11-13
6761,Salon,Luxembourg,2023-06-29,2023-06-30
6762,Concert,Gobelins,2023-08-15,2023-08-18
6763,Conférence,Observatoire,2023-10-10,2023-10-12
6764,Conférence,Entrepôt,2023-12-13,2023-12-16
6765,Compétition Sportive,Observatoire,2023-06-21,2023-06-22
6766,Festival,Observatoire,2023-04-17,2023-04-18
6767,Festival,Élysée,2023-03-10,2023-03-14
6768,Salon,Gobelins,2023-12-26,2023-12-28
6769,Concert,Entrepôt,2023-05-19,2023-05-20
6770,Conférence,Buttes-Chaumont,2023-09-11,2023-09-14
6771,Concert,Reuilly,2023-02-12,2023-02-13
6772,Salon,Hôtel-de-Ville,2023-05-06,2023-05-07
6773,Compétition Sportive,Hôtel-de-Ville,2023-10-18,2023-10-19
6774,Salon,Hôtel-de-Ville,2023-08-18,2023-08-22
6775,Festival,Élysée,2023-11-06,2023-11-10
6776,Compétition Sportive,Popincourt,2023-11-02,2023-11-05
6777,Conférence,Passy,2023-07-08,2023-07-12
6778,Salon,Luxembourg,2023-08-17,2023-08-20
6779,Concert,Palais-Bourbon,2023-04-25,2023-04-29
6780,Concert,Reuilly,2023-12-23,2023-12-27
6781,Festival,Reuilly,2023-06-03,2023-06-05
6782,Festival,Popincourt,2023-12-19,2023-12-22
6783,Festival,Passy,2023-06-10,2023-06-14
6784,Festival,Reuilly,2023-05-31,2023-06-01
6785,Conférence,Batignolles-Monceau,2023-07-18,2023-07-19
6786,Compétition Sportive,Gobelins,2023-09-29,2023-10-03
6787,Festival,Bourse,2023-08-23,2023-08-26
6788,Salon,Élysée,2023-01-28,2023-02-01
6789,Conférence,Ménilmontant,2023-05-20,2023-05-23
6790,Compétition Sportive,Buttes-Montmartre,2023-02-11,2023-02-15
6791,Conférence,Entrepôt,2023-01-09,2023-01-11
6792,Concert,Vaugirard,2023-02-27,2023-03-02
6793,Conférence,Élysée,2023-12-31,2024-01-04
6794,Conférence,Buttes-Chaumont,2023-11-28,2023-11-30
6795,Concert,Entrepôt,2023-07-20,2023-07-22
6796,Concert,Opéra,2023-05-27,2023-05-30
6797,Concert,Observatoire,2023-06-13,2023-06-17
6798,Conférence,Hôtel-de-Ville,2023-11-29,2023-12-01
6799,Concert,Temple,2023-03-07,2023-03-09
6800,Festival,Passy,2023-12-26,2023-12-27
6801,Salon,Gobelins,2023-02-26,2023-02-27
6802,Salon,Entrepôt,2023-11-09,2023-11-10
6803,Concert,Ménilmontant,2023-04-18,2023-04-21
6804,Compétition Sportive,Élysée,2023-10-08,2023-10-09
6805,Conférence,Buttes-Chaumont,2023-05-21,2023-05-25
6806,Salon,Buttes-Chaumont,2023-07-06,2023-07-08
6807,Festival,Ménilmontant,2023-09-26,2023-09-27
6808,Compétition Sportive,Buttes-Chaumont,2023-06-04,2023-06-08
6809,Compétition Sportive,Passy,2023-08-17,2023-08-21
6810,Festival,Passy,2023-03-24,2023-03-25
6811,Conférence,Luxembourg,2023-12-08,2023-12-11
6812,Conférence,Buttes-Montmartre,2023-06-29,2023-07-03
6813,Concert,Vaugirard,2023-05-25,2023-05-28
6814,Festival,Reuilly,2023-06-28,2023-07-01
6815,Festival,Buttes-Montmartre,2023-01-02,2023-01-05
6816,Festival,Panthéon,2023-05-20,2023-05-24
6817,Concert,Palais-Bourbon,2023-08-13,2023-08-14
6818,Salon,Vaugirard,2023-06-05,2023-06-09
6819,Conférence,Gobelins,2023-08-08,2023-08-10
6820,Concert,Batignolles-Monceau,2023-08-11,2023-08-13
6821,Concert,Buttes-Montmartre,2023-06-08,2023-06-09
6822,Concert,Buttes-Chaumont,2023-12-30,2024-01-03
6823,Festival,Batignolles-Monceau,2023-09-14,2023-09-18
6824,Concert,Luxembourg,2023-02-04,2023-02-06
6825,Salon,Buttes-Chaumont,2023-12-19,2023-12-21
6826,Compétition Sportive,Gobelins,2023-01-01,2023-01-05
6827,Concert,Louvre,2023-01-09,2023-01-13
6828,Salon,Buttes-Montmartre,2023-02-13,2023-02-14
6829,Festival,Panthéon,2023-02-22,2023-02-26
6830,Compétition Sportive,Gobelins,2023-08-17,2023-08-20
6831,Conférence,Ménilmontant,2023-06-24,2023-06-25
6832,Conférence,Louvre,2023-07-26,2023-07-29
6833,Festival,Temple,2023-04-23,2023-04-25
6834,Festival,Hôtel-de-Ville,2023-08-09,2023-08-12
6835,Conférence,Bourse,2023-03-26,2023-03-29
6836,Festival,Temple,2023-02-15,2023-02-17
6837,Conférence,Buttes-Chaumont,2023-10-01,2023-10-04
6838,Festival,Entrepôt,2023-09-08,2023-09-12
6839,Conférence,Bourse,2023-08-07,2023-08-09
6840,Salon,Popincourt,2023-07-06,2023-07-08
6841,Festival,Gobelins,2023-05-04,2023-05-08
6842,Conférence,Élysée,2023-12-01,2023-12-02
6843,Festival,Bourse,2023-11-04,2023-11-05
6844,Conférence,Bourse,2023-04-21,2023-04-22
6845,Conférence,Vaugirard,2023-09-22,2023-09-24
6846,Compétition Sportive,Batignolles-Monceau,2023-10-11,2023-10-14
6847,Festival,Buttes-Chaumont,2023-03-07,2023-03-11
6848,Salon,Vaugirard,2023-08-01,2023-08-04
6849,Concert,Bourse,2023-11-27,2023-12-01
6850,Concert,Gobelins,2023-12-18,2023-12-19
6851,Festival,Gobelins,2023-10-05,2023-10-06
6852,Conférence,Panthéon,2023-02-04,2023-02-05
6853,Conférence,Luxembourg,2023-04-16,2023-04-20
6854,Salon,Buttes-Chaumont,2023-07-27,2023-07-29
6855,Festival,Panthéon,2023-06-08,2023-06-12
6856,Concert,Temple,2023-07-10,2023-07-12
6857,Salon,Vaugirard,2023-11-11,2023-11-12
6858,Festival,Vaugirard,2023-05-18,2023-05-20
6859,Festival,Reuilly,2023-12-26,2023-12-27
6860,Festival,Louvre,2023-02-05,2023-02-08
6861,Compétition Sportive,Vaugirard,2023-08-01,2023-08-05
6862,Salon,Élysée,2023-11-24,2023-11-26
6863,Festival,Palais-Bourbon,2023-02-16,2023-02-18
6864,Salon,Bourse,2023-08-24,2023-08-26
6865,Concert,Buttes-Chaumont,2023-02-16,2023-02-18
6866,Festival,Gobelins,2023-04-07,2023-04-10
6867,Conférence,Panthéon,2023-08-20,2023-08-23
6868,Festival,Passy,2023-01-22,2023-01-24
6869,Festival,Reuilly,2023-10-30,2023-11-02
6870,Salon,Luxembourg,2023-05-04,2023-05-05
6871,Salon,Observatoire,2023-08-23,2023-08-26
6872,Compétition Sportive,Louvre,2023-07-01,2023-07-05
6873,Festival,Passy,2023-08-06,2023-08-10
6874,Concert,Batignolles-Monceau,2023-09-23,2023-09-24
6875,Salon,Popincourt,2023-06-13,2023-06-15
6876,Compétition Sportive,Batignolles-Monceau,2023-10-11,2023-10-12
6877,Conférence,Buttes-Montmartre,2023-06-19,2023-06-20
6878,Conférence,Hôtel-de-Ville,2023-04-05,2023-04-08
6879,Compétition Sportive,Ménilmontant,2023-05-25,2023-05-27
6880,Conférence,Louvre,2023-10-31,2023-11-03
6881,Festival,Élysée,2023-11-04,2023-11-07
6882,Salon,Entrepôt,2023-04-06,2023-04-08
6883,Concert,Gobelins,2023-07-07,2023-07-09
6884,Conférence,Popincourt,2023-02-20,2023-02-23
6885,Festival,Louvre,2023-11-03,2023-11-06
6886,Salon,Luxembourg,2023-05-13,2023-05-17
6887,Festival,Vaugirard,2023-12-28,2023-12-29
6888,Festival,Observatoire,2023-04-29,2023-04-30
6889,Salon,Entrepôt,2023-03-05,2023-03-08
6890,Conférence,Vaugirard,2023-09-24,2023-09-27
6891,Conférence,Temple,2023-08-13,2023-08-16
6892,Festival,Entrepôt,2023-02-23,2023-02-27
6893,Compétition Sportive,Ménilmontant,2023-01-04,2023-01-07
6894,Conférence,Bourse,2023-10-31,2023-11-04
6895,Festival,Bourse,2023-02-24,2023-02-27
6896,Concert,Palais-Bourbon,2023-02-02,2023-02-04
6897,Concert,Gobelins,2023-05-09,2023-05-13
6898,Compétition Sportive,Hôtel-de-Ville,2023-08-01,2023-08-04
6899,Festival,Passy,2023-01-29,2023-02-01
6900,Concert,Buttes-Chaumont,2023-07-14,2023-07-15
6901,Conférence,Gobelins,2023-03-07,2023-03-09
6902,Festival,Passy,2023-04-05,2023-04-06
6903,Compétition Sportive,Bourse,2023-05-07,2023-05-10
6904,Compétition Sportive,Passy,2023-03-12,2023-03-15
6905,Conférence,Panthéon,2023-08-31,2023-09-03
6906,Concert,Buttes-Chaumont,2023-12-15,2023-12-19
6907,Concert,Panthéon,2023-03-02,2023-03-05
6908,Compétition Sportive,Temple,2023-08-31,2023-09-04
6909,Salon,Buttes-Montmartre,2023-07-22,2023-07-25
6910,Compétition Sportive,Gobelins,2023-03-30,2023-04-01
6911,Compétition Sportive,Gobelins,2023-07-30,2023-08-01
6912,Festival,Luxembourg,2023-11-27,2023-12-01
6913,Conférence,Batignolles-Monceau,2023-02-14,2023-02-16
6914,Festival,Élysée,2023-10-18,2023-10-20
6915,Compétition Sportive,Élysée,2023-10-16,2023-10-18
6916,Festival,Panthéon,2023-03-10,2023-03-11
6917,Concert,Vaugirard,2023-07-14,2023-07-15
6918,Compétition Sportive,Vaugirard,2023-08-11,2023-08-13
6919,Concert,Bourse,2023-05-20,2023-05-23
6920,Concert,Hôtel-de-Ville,2023-11-20,2023-11-23
6921,Conférence,Bourse,2023-06-09,2023-06-12
6922,Concert,Bourse,2023-04-24,2023-04-26
6923,Festival,Passy,2023-08-30,2023-09-01
6924,Festival,Hôtel-de-Ville,2023-01-24,2023-01-27
6925,Salon,Observatoire,2023-11-03,2023-11-04
6926,Conférence,Ménilmontant,2023-08-16,2023-08-17
6927,Salon,Ménilmontant,2023-07-13,2023-07-14
6928,Concert,Opéra,2023-01-12,2023-01-13
6929,Compétition Sportive,Élysée,2023-04-15,2023-04-19
6930,Festival,Luxembourg,2023-05-01,2023-05-05
6931,Compétition Sportive,Temple,2023-08-05,2023-08-08
6932,Salon,Observatoire,2023-05-08,2023-05-12
6933,Salon,Gobelins,2023-06-21,2023-06-25
6934,Festival,Popincourt,2023-10-28,2023-10-29
6935,Salon,Palais-Bourbon,2023-07-04,2023-07-08
6936,Compétition Sportive,Vaugirard,2023-02-14,2023-02-16
6937,Salon,Passy,2023-05-02,2023-05-04
6938,Compétition Sportive,Entrepôt,2023-10-01,2023-10-03
6939,Concert,Vaugirard,2023-02-20,2023-02-21
6940,Conférence,Buttes-Montmartre,2023-04-07,2023-04-09
6941,Festival,Hôtel-de-Ville,2023-12-15,2023-12-17
6942,Salon,Buttes-Montmartre,2023-10-12,2023-10-14
6943,Festival,Observatoire,2023-12-08,2023-12-10
6944,Salon,Popincourt,2023-03-17,2023-03-20
6945,Concert,Ménilmontant,2023-07-10,2023-07-11
6946,Compétition Sportive,Louvre,2023-06-11,2023-06-12
6947,Festival,Gobelins,2023-03-09,2023-03-13
6948,Concert,Batignolles-Monceau,2023-09-18,2023-09-19
6949,Concert,Popincourt,2023-11-26,2023-11-29
6950,Conférence,Opéra,2023-05-01,2023-05-02
6951,Concert,Louvre,2023-06-02,2023-06-05
6952,Conférence,Popincourt,2023-07-09,2023-07-11
6953,Concert,Batignolles-Monceau,2023-07-21,2023-07-24
6954,Compétition Sportive,Observatoire,2023-03-20,2023-03-21
6955,Concert,Observatoire,2023-06-17,2023-06-20
6956,Compétition Sportive,Opéra,2023-10-14,2023-10-17
6957,Salon,Passy,2023-04-27,2023-04-29
6958,Concert,Buttes-Chaumont,2023-07-28,2023-07-31
6959,Concert,Gobelins,2023-07-23,2023-07-26
6960,Salon,Batignolles-Monceau,2023-09-18,2023-09-22
6961,Conférence,Panthéon,2023-08-18,2023-08-22
6962,Compétition Sportive,Vaugirard,2023-08-19,2023-08-22
6963,Salon,Batignolles-Monceau,2023-04-25,2023-04-28
6964,Salon,Gobelins,2023-03-14,2023-03-15
6965,Festival,Temple,2023-11-03,2023-11-05
6966,Salon,Panthéon,2023-12-03,2023-12-06
6967,Conférence,Opéra,2023-06-06,2023-06-08
6968,Conférence,Palais-Bourbon,2023-06-28,2023-07-02
6969,Conférence,Popincourt,2023-11-07,2023-11-09
6970,Compétition Sportive,Observatoire,2023-03-22,2023-03-23
6971,Compétition Sportive,Élysée,2023-11-30,2023-12-03
6972,Concert,Bourse,2023-09-04,2023-09-08
6973,Salon,Popincourt,2023-04-21,2023-04-24
6974,Conférence,Hôtel-de-Ville,2023-12-13,2023-12-14
6975,Salon,Batignolles-Monceau,2023-04-25,2023-04-29
6976,Concert,Palais-Bourbon,2023-02-08,2023-02-12
6977,Concert,Buttes-Chaumont,2023-08-28,2023-09-01
6978,Conférence,Palais-Bourbon,2023-07-31,2023-08-01
6979,Salon,Buttes-Chaumont,2023-09-22,2023-09-26
6980,Concert,Élysée,2023-06-30,2023-07-01
6981,Festival,Popincourt,2023-06-28,2023-06-30
6982,Compétition Sportive,Vaugirard,2023-08-29,2023-09-01
6983,Salon,Entrepôt,2023-12-05,2023-12-08
6984,Conférence,Hôtel-de-Ville,2023-02-21,2023-02-25
6985,Concert,Luxembourg,2023-05-20,2023-05-23
6986,Concert,Temple,2023-11-18,2023-11-22
6987,Concert,Reuilly,2023-12-22,2023-12-23
6988,Compétition Sportive,Panthéon,2023-10-04,2023-10-06
6989,Salon,Vaugirard,2023-06-17,2023-06-19
6990,Concert,Ménilmontant,2023-08-23,2023-08-24
6991,Compétition Sportive,Observatoire,2023-01-11,2023-01-15
6992,Festival,Hôtel-de-Ville,2023-03-02,2023-03-05
6993,Salon,Buttes-Chaumont,2023-10-11,2023-10-14
6994,Conférence,Opéra,2023-09-18,2023-09-22
6995,Salon,Entrepôt,2023-01-15,2023-01-19
6996,Concert,Panthéon,2023-12-03,2023-12-07
6997,Conférence,Buttes-Montmartre,2023-10-24,2023-10-26
6998,Salon,Batignolles-Monceau,2023-03-19,2023-03-21
6999,Conférence,Temple,2023-12-27,2023-12-30
7000,Salon,Gobelins,2023-12-03,2023-12-07
7001,Festival,Élysée,2023-06-21,2023-06-22
7002,Festival,Reuilly,2023-05-15,2023-05-19
7003,Festival,Louvre,2023-09-08,2023-09-09
7004,Salon,Observatoire,2023-12-18,2023-12-22
7005,Conférence,Batignolles-Monceau,2023-02-13,2023-02-17
7006,Festival,Reuilly,2023-09-19,2023-09-21
7007,Compétition Sportive,Buttes-Montmartre,2023-07-13,2023-07-14
7008,Compétition Sportive,Bourse,2023-01-04,2023-01-08
7009,Festival,Palais-Bourbon,2023-03-05,2023-03-09
7010,Festival,Opéra,2023-09-18,2023-09-19
7011,Concert,Louvre,2023-06-14,2023-06-17
7012,Compétition Sportive,Observatoire,2023-04-13,2023-04-16
7013,Compétition Sportive,Reuilly,2023-06-03,2023-06-04
7014,Festival,Batignolles-Monceau,2023-06-07,2023-06-11
7015,Concert,Élysée,2023-09-20,2023-09-24
7016,Conférence,Popincourt,2023-04-21,2023-04-23
7017,Concert,Palais-Bourbon,2023-03-28,2023-04-01
7018,Concert,Gobelins,2023-05-28,2023-05-31
7019,Compétition Sportive,Élysée,2023-09-28,2023-10-01
7020,Festival,Observatoire,2023-06-05,2023-06-09
7021,Festival,Élysée,2023-11-19,2023-11-22
7022,Festival,Batignolles-Monceau,2023-05-11,2023-05-15
7023,Concert,Hôtel-de-Ville,2023-07-04,2023-07-06
7024,Concert,Entrepôt,2023-02-24,2023-02-28
7025,Salon,Buttes-Montmartre,2023-07-11,2023-07-14
7026,Conférence,Ménilmontant,2023-02-26,2023-03-01
7027,Salon,Hôtel-de-Ville,2023-02-05,2023-02-06
7028,Conférence,Ménilmontant,2023-09-22,2023-09-24
7029,Salon,Palais-Bourbon,2023-06-12,2023-06-13
7030,Salon,Luxembourg,2023-03-29,2023-04-02
7031,Salon,Buttes-Montmartre,2023-05-19,2023-05-23
7032,Salon,Palais-Bourbon,2023-01-01,2023-01-02
7033,Concert,Batignolles-Monceau,2023-09-22,2023-09-23
7034,Conférence,Passy,2023-05-05,2023-05-06
7035,Salon,Buttes-Chaumont,2023-04-30,2023-05-01
7036,Salon,Bourse,2023-11-29,2023-11-30
7037,Festival,Panthéon,2023-01-29,2023-02-01
7038,Concert,Buttes-Montmartre,2023-10-29,2023-10-31
7039,Compétition Sportive,Bourse,2023-10-15,2023-10-16
7040,Festival,Luxembourg,2023-06-08,2023-06-10
7041,Compétition Sportive,Opéra,2023-08-06,2023-08-08
7042,Salon,Buttes-Chaumont,2023-12-26,2023-12-30
7043,Conférence,Temple,2023-07-26,2023-07-29
7044,Compétition Sportive,Entrepôt,2023-12-28,2023-12-30
7045,Compétition Sportive,Reuilly,2023-08-31,2023-09-02
7046,Compétition Sportive,Panthéon,2023-09-19,2023-09-21
7047,Conférence,Observatoire,2023-06-06,2023-06-08
7048,Festival,Observatoire,2023-06-08,2023-06-11
7049,Concert,Passy,2023-07-21,2023-07-24
7050,Conférence,Vaugirard,2023-09-12,2023-09-16
7051,Festival,Luxembourg,2023-04-30,2023-05-01
7052,Salon,Palais-Bourbon,2023-12-26,2023-12-30
7053,Festival,Bourse,2023-09-12,2023-09-14
7054,Compétition Sportive,Hôtel-de-Ville,2023-05-12,2023-05-16
7055,Festival,Batignolles-Monceau,2023-12-15,2023-12-17
7056,Festival,Buttes-Montmartre,2023-05-08,2023-05-12
7057,Salon,Louvre,2023-05-16,2023-05-20
7058,Salon,Élysée,2023-12-26,2023-12-30
7059,Festival,Temple,2023-11-17,2023-11-20
7060,Conférence,Entrepôt,2023-12-29,2024-01-02
7061,Salon,Panthéon,2023-02-06,2023-02-09
7062,Compétition Sportive,Reuilly,2023-03-28,2023-03-31
7063,Conférence,Reuilly,2023-07-26,2023-07-30
7064,Festival,Opéra,2023-08-09,2023-08-11
7065,Compétition Sportive,Élysée,2023-06-20,2023-06-23
7066,Compétition Sportive,Opéra,2023-05-19,2023-05-23
7067,Conférence,Batignolles-Monceau,2023-03-20,2023-03-24
7068,Festival,Élysée,2023-07-08,2023-07-10
7069,Compétition Sportive,Entrepôt,2023-04-18,2023-04-21
7070,Salon,Buttes-Chaumont,2023-04-20,2023-04-22
7071,Salon,Vaugirard,2023-10-21,2023-10-22
7072,Conférence,Vaugirard,2023-06-25,2023-06-28
7073,Salon,Reuilly,2023-05-08,2023-05-09
7074,Concert,Observatoire,2023-12-31,2024-01-04
7075,Festival,Opéra,2023-01-24,2023-01-27
7076,Compétition Sportive,Opéra,2023-08-02,2023-08-05
7077,Compétition Sportive,Bourse,2023-12-04,2023-12-06
7078,Conférence,Passy,2023-03-14,2023-03-15
7079,Conférence,Opéra,2023-08-09,2023-08-11
7080,Compétition Sportive,Reuilly,2023-12-18,2023-12-22
7081,Salon,Buttes-Chaumont,2023-05-20,2023-05-22
7082,Conférence,Panthéon,2023-04-15,2023-04-17
7083,Concert,Gobelins,2023-05-25,2023-05-27
7084,Conférence,Ménilmontant,2023-08-05,2023-08-08
7085,Salon,Opéra,2023-09-27,2023-10-01
7086,Festival,Hôtel-de-Ville,2023-06-02,2023-06-06
7087,Concert,Reuilly,2023-09-26,2023-09-28
7088,Conférence,Entrepôt,2023-10-20,2023-10-23
7089,Festival,Popincourt,2023-09-23,2023-09-26
7090,Festival,Panthéon,2023-03-14,2023-03-16
7091,Compétition Sportive,Élysée,2023-05-04,2023-05-08
7092,Salon,Palais-Bourbon,2023-04-10,2023-04-13
7093,Compétition Sportive,Buttes-Chaumont,2023-09-18,2023-09-19
7094,Salon,Élysée,2023-01-13,2023-01-14
7095,Festival,Observatoire,2023-01-20,2023-01-24
7096,Conférence,Popincourt,2023-01-28,2023-02-01
7097,Salon,Observatoire,2023-04-25,2023-04-29
7098,Salon,Luxembourg,2023-07-26,2023-07-27
7099,Festival,Louvre,2023-10-04,2023-10-05
7100,Concert,Buttes-Chaumont,2023-07-11,2023-07-14
7101,Festival,Ménilmontant,2023-01-17,2023-01-21
7102,Festival,Buttes-Chaumont,2023-07-17,2023-07-20
7103,Salon,Buttes-Montmartre,2023-04-20,2023-04-21
7104,Festival,Palais-Bourbon,2023-01-25,2023-01-26
7105,Compétition Sportive,Buttes-Chaumont,2023-03-15,2023-03-16
7106,Festival,Vaugirard,2023-01-19,2023-01-20
7107,Conférence,Opéra,2023-09-24,2023-09-27
7108,Festival,Bourse,2023-02-01,2023-02-02
7109,Festival,Reuilly,2023-09-23,2023-09-24
7110,Conférence,Batignolles-Monceau,2023-08-27,2023-08-31
7111,Concert,Opéra,2023-08-14,2023-08-16
7112,Concert,Bourse,2023-04-25,2023-04-27
7113,Concert,Élysée,2023-02-13,2023-02-16
7114,Compétition Sportive,Louvre,2023-04-03,2023-04-04
7115,Conférence,Temple,2023-04-03,2023-04-04
7116,Compétition Sportive,Hôtel-de-Ville,2023-08-02,2023-08-04
7117,Compétition Sportive,Popincourt,2023-11-30,2023-12-01
7118,Compétition Sportive,Batignolles-Monceau,2023-09-15,2023-09-19
7119,Conférence,Louvre,2023-09-25,2023-09-26
7120,Salon,Temple,2023-03-27,2023-03-28
7121,Salon,Ménilmontant,2023-03-06,2023-03-08
7122,Concert,Batignolles-Monceau,2023-08-30,2023-09-01
7123,Compétition Sportive,Entrepôt,2023-03-17,2023-03-18
7124,Concert,Vaugirard,2023-11-28,2023-11-29
7125,Compétition Sportive,Reuilly,2023-03-09,2023-03-10
7126,Concert,Buttes-Chaumont,2023-09-30,2023-10-01
7127,Festival,Panthéon,2023-06-30,2023-07-03
7128,Conférence,Entrepôt,2023-08-28,2023-08-30
7129,Compétition Sportive,Opéra,2023-05-02,2023-05-06
7130,Compétition Sportive,Luxembourg,2023-02-21,2023-02-24
7131,Compétition Sportive,Palais-Bourbon,2023-01-17,2023-01-20
7132,Conférence,Hôtel-de-Ville,2023-08-23,2023-08-26
7133,Festival,Observatoire,2023-11-14,2023-11-17
7134,Salon,Bourse,2023-11-22,2023-11-23
7135,Conférence,Bourse,2023-11-04,2023-11-05
7136,Festival,Gobelins,2023-09-19,2023-09-23
7137,Concert,Reuilly,2023-04-06,2023-04-10
7138,Compétition Sportive,Buttes-Montmartre,2023-08-08,2023-08-09
7139,Compétition Sportive,Hôtel-de-Ville,2023-12-23,2023-12-24
7140,Salon,Buttes-Montmartre,2023-11-16,2023-11-18
7141,Concert,Buttes-Montmartre,2023-12-15,2023-12-19
7142,Festival,Reuilly,2023-02-28,2023-03-02
7143,Concert,Gobelins,2023-04-17,2023-04-21
7144,Concert,Bourse,2023-01-22,2023-01-23
7145,Salon,Entrepôt,2023-11-21,2023-11-25
7146,Festival,Batignolles-Monceau,2023-02-15,2023-02-16
7147,Salon,Buttes-Chaumont,2023-02-21,2023-02-22
7148,Festival,Opéra,2023-09-02,2023-09-03
7149,Conférence,Gobelins,2023-06-22,2023-06-23
7150,Conférence,Passy,2023-04-09,2023-04-11
7151,Compétition Sportive,Popincourt,2023-06-30,2023-07-02
7152,Salon,Gobelins,2023-02-05,2023-02-06
7153,Conférence,Gobelins,2023-01-18,2023-01-20
7154,Concert,Temple,2023-01-12,2023-01-14
7155,Concert,Observatoire,2023-11-09,2023-11-13
7156,Conférence,Temple,2023-04-24,2023-04-27
7157,Salon,Bourse,2023-08-05,2023-08-06
7158,Compétition Sportive,Opéra,2023-02-10,2023-02-11
7159,Concert,Palais-Bourbon,2023-09-07,2023-09-11
7160,Compétition Sportive,Panthéon,2023-04-27,2023-04-29
7161,Concert,Popincourt,2023-01-20,2023-01-24
7162,Festival,Louvre,2023-05-04,2023-05-06
7163,Conférence,Louvre,2023-04-22,2023-04-26
7164,Salon,Hôtel-de-Ville,2023-07-22,2023-07-24
7165,Concert,Opéra,2023-05-02,2023-05-04
7166,Conférence,Élysée,2023-05-28,2023-06-01
7167,Compétition Sportive,Observatoire,2023-04-07,2023-04-08
7168,Salon,Reuilly,2023-05-18,2023-05-22
7169,Salon,Élysée,2023-03-03,2023-03-05
7170,Conférence,Panthéon,2023-03-05,2023-03-07
7171,Conférence,Reuilly,2023-08-05,2023-08-06
7172,Conférence,Hôtel-de-Ville,2023-07-21,2023-07-23
7173,Festival,Popincourt,2023-01-24,2023-01-28
7174,Festival,Palais-Bourbon,2023-10-24,2023-10-27
7175,Salon,Popincourt,2023-07-26,2023-07-27
7176,Conférence,Gobelins,2023-12-10,2023-12-14
7177,Festival,Ménilmontant,2023-12-01,2023-12-03
7178,Salon,Panthéon,2023-08-29,2023-08-31
7179,Concert,Palais-Bourbon,2023-05-18,2023-05-19
7180,Conférence,Entrepôt,2023-09-18,2023-09-22
7181,Festival,Hôtel-de-Ville,2023-06-14,2023-06-16
7182,Salon,Entrepôt,2023-10-14,2023-10-18
7183,Conférence,Opéra,2023-05-31,2023-06-04
7184,Salon,Ménilmontant,2023-09-12,2023-09-15
7185,Concert,Observatoire,2023-01-11,2023-01-15
7186,Salon,Palais-Bourbon,2023-03-15,2023-03-18
7187,Salon,Bourse,2023-05-30,2023-05-31
7188,Concert,Popincourt,2023-08-21,2023-08-24
7189,Compétition Sportive,Reuilly,2023-10-20,2023-10-24
7190,Conférence,Popincourt,2023-01-27,2023-01-28
7191,Concert,Gobelins,2023-01-01,2023-01-04
7192,Concert,Buttes-Chaumont,2023-05-13,2023-05-14
7193,Conférence,Vaugirard,2023-01-11,2023-01-13
7194,Salon,Buttes-Montmartre,2023-08-13,2023-08-17
7195,Festival,Opéra,2023-12-02,2023-12-04
7196,Conférence,Ménilmontant,2023-01-28,2023-01-29
7197,Concert,Ménilmontant,2023-10-12,2023-10-15
7198,Salon,Gobelins,2023-05-24,2023-05-25
7199,Compétition Sportive,Buttes-Montmartre,2023-11-15,2023-11-17
7200,Salon,Buttes-Montmartre,2023-01-04,2023-01-08
7201,Festival,Bourse,2023-02-20,2023-02-21
7202,Salon,Buttes-Montmartre,2023-04-10,2023-04-12
7203,Festival,Ménilmontant,2023-07-08,2023-07-09
7204,Compétition Sportive,Observatoire,2023-03-23,2023-03-24
7205,Compétition Sportive,Bourse,2023-07-30,2023-08-03
7206,Salon,Louvre,2023-12-22,2023-12-25
7207,Conférence,Temple,2023-11-25,2023-11-27
7208,Conférence,Popincourt,2023-10-09,2023-10-10
7209,Conférence,Observatoire,2023-05-10,2023-05-14
7210,Compétition Sportive,Vaugirard,2023-08-08,2023-08-09
7211,Festival,Buttes-Montmartre,2023-02-14,2023-02-17
7212,Concert,Luxembourg,2023-11-12,2023-11-16
7213,Salon,Reuilly,2023-01-19,2023-01-23
7214,Festival,Vaugirard,2023-07-30,2023-07-31
7215,Concert,Opéra,2023-04-15,2023-04-19
7216,Compétition Sportive,Passy,2023-10-20,2023-10-21
7217,Concert,Hôtel-de-Ville,2023-05-23,2023-05-27
7218,Compétition Sportive,Luxembourg,2023-05-03,2023-05-04
7219,Compétition Sportive,Ménilmontant,2023-07-17,2023-07-21
7220,Festival,Panthéon,2023-12-28,2023-12-31
7221,Conférence,Opéra,2023-09-05,2023-09-08
7222,Conférence,Batignolles-Monceau,2023-11-17,2023-11-20
7223,Festival,Louvre,2023-09-26,2023-09-27
7224,Salon,Batignolles-Monceau,2023-02-25,2023-02-26
7225,Compétition Sportive,Luxembourg,2023-04-20,2023-04-21
7226,Salon,Popincourt,2023-07-04,2023-07-07
7227,Compétition Sportive,Entrepôt,2023-01-03,2023-01-07
7228,Compétition Sportive,Élysée,2023-10-28,2023-10-29
7229,Conférence,Panthéon,2023-09-06,2023-09-07
7230,Conférence,Opéra,2023-11-24,2023-11-25
7231,Compétition Sportive,Reuilly,2023-08-03,2023-08-07
7232,Conférence,Bourse,2023-06-05,2023-06-06
7233,Conférence,Gobelins,2023-10-16,2023-10-18
7234,Concert,Buttes-Montmartre,2023-12-20,2023-12-24
7235,Concert,Popincourt,2023-04-08,2023-04-11
7236,Compétition Sportive,Panthéon,2023-10-08,2023-10-12
7237,Conférence,Batignolles-Monceau,2023-11-14,2023-11-15
7238,Concert,Vaugirard,2023-12-27,2023-12-28
7239,Salon,Popincourt,2023-11-17,2023-11-20
7240,Compétition Sportive,Louvre,2023-08-23,2023-08-24
7241,Compétition Sportive,Batignolles-Monceau,2023-03-12,2023-03-13
7242,Salon,Entrepôt,2023-04-27,2023-04-28
7243,Compétition Sportive,Louvre,2023-06-05,2023-06-07
7244,Conférence,Entrepôt,2023-12-03,2023-12-05
7245,Concert,Panthéon,2023-12-24,2023-12-27
7246,Festival,Temple,2023-04-22,2023-04-25
7247,Concert,Reuilly,2023-01-30,2023-02-03
7248,Salon,Gobelins,2023-05-09,2023-05-10
7249,Festival,Bourse,2023-04-10,2023-04-14
7250,Conférence,Observatoire,2023-04-07,2023-04-08
7251,Conférence,Buttes-Montmartre,2023-11-23,2023-11-27
7252,Concert,Élysée,2023-04-22,2023-04-23
7253,Compétition Sportive,Louvre,2023-08-25,2023-08-29
7254,Compétition Sportive,Buttes-Chaumont,2023-02-28,2023-03-01
7255,Salon,Gobelins,2023-10-01,2023-10-03
7256,Compétition Sportive,Élysée,2023-09-20,2023-09-21
7257,Conférence,Batignolles-Monceau,2023-07-08,2023-07-11
7258,Festival,Buttes-Chaumont,2023-07-15,2023-07-18
7259,Concert,Luxembourg,2023-05-01,2023-05-05
7260,Concert,Popincourt,2023-05-25,2023-05-29
7261,Concert,Opéra,2023-03-24,2023-03-26
7262,Compétition Sportive,Luxembourg,2023-07-16,2023-07-20
7263,Festival,Buttes-Montmartre,2023-12-25,2023-12-28
7264,Compétition Sportive,Louvre,2023-07-02,2023-07-06
7265,Compétition Sportive,Passy,2023-08-18,2023-08-21
7266,Conférence,Entrepôt,2023-01-13,2023-01-16
7267,Conférence,Buttes-Chaumont,2023-04-11,2023-04-13
7268,Compétition Sportive,Buttes-Montmartre,2023-08-05,2023-08-07
7269,Salon,Temple,2023-10-23,2023-10-24
7270,Salon,Vaugirard,2023-05-23,2023-05-26
7271,Salon,Batignolles-Monceau,2023-01-28,2023-02-01
7272,Compétition Sportive,Passy,2023-07-11,2023-07-14
7273,Festival,Palais-Bourbon,2023-09-04,2023-09-07
7274,Salon,Louvre,2023-07-22,2023-07-23
7275,Conférence,Panthéon,2023-08-09,2023-08-11
7276,Concert,Vaugirard,2023-05-03,2023-05-04
7277,Concert,Élysée,2023-05-13,2023-05-14
7278,Compétition Sportive,Panthéon,2023-11-14,2023-11-17
7279,Concert,Luxembourg,2023-08-23,2023-08-24
7280,Compétition Sportive,Louvre,2023-06-19,2023-06-22
7281,Concert,Popincourt,2023-11-18,2023-11-20
7282,Festival,Luxembourg,2023-01-20,2023-01-21
7283,Festival,Panthéon,2023-03-27,2023-03-30
7284,Festival,Buttes-Montmartre,2023-05-01,2023-05-05
7285,Festival,Gobelins,2023-10-03,2023-10-04
7286,Salon,Bourse,2023-10-15,2023-10-18
7287,Conférence,Panthéon,2023-07-01,2023-07-05
7288,Festival,Bourse,2023-02-05,2023-02-06
7289,Salon,Observatoire,2023-04-22,2023-04-25
7290,Compétition Sportive,Ménilmontant,2023-03-08,2023-03-11
7291,Concert,Entrepôt,2023-07-19,2023-07-22
7292,Concert,Panthéon,2023-01-30,2023-02-02
7293,Salon,Hôtel-de-Ville,2023-07-15,2023-07-17
7294,Concert,Élysée,2023-05-15,2023-05-19
7295,Festival,Louvre,2023-05-02,2023-05-06
7296,Concert,Opéra,2023-06-01,2023-06-03
7297,Festival,Batignolles-Monceau,2023-09-22,2023-09-24
7298,Festival,Bourse,2023-10-17,2023-10-21
7299,Concert,Bourse,2023-07-20,2023-07-24
7300,Salon,Entrepôt,2023-02-24,2023-02-28
7301,Compétition Sportive,Palais-Bourbon,2023-12-25,2023-12-27
7302,Salon,Reuilly,2023-04-26,2023-04-29
7303,Conférence,Panthéon,2023-03-20,2023-03-22
7304,Conférence,Luxembourg,2023-01-12,2023-01-16
7305,Festival,Élysée,2023-02-27,2023-03-01
7306,Festival,Buttes-Montmartre,2023-03-09,2023-03-13
7307,Salon,Palais-Bourbon,2023-09-30,2023-10-01
7308,Salon,Panthéon,2023-07-20,2023-07-23
7309,Festival,Panthéon,2023-08-11,2023-08-15
7310,Compétition Sportive,Palais-Bourbon,2023-09-02,2023-09-03
7311,Compétition Sportive,Temple,2023-08-18,2023-08-22
7312,Conférence,Buttes-Chaumont,2023-01-18,2023-01-20
7313,Compétition Sportive,Vaugirard,2023-07-28,2023-07-30
7314,Concert,Reuilly,2023-06-12,2023-06-14
7315,Festival,Opéra,2023-03-30,2023-04-03
7316,Salon,Buttes-Montmartre,2023-07-01,2023-07-05
7317,Festival,Bourse,2023-06-01,2023-06-03
7318,Concert,Batignolles-Monceau,2023-01-15,2023-01-18
7319,Compétition Sportive,Reuilly,2023-12-07,2023-12-10
7320,Festival,Entrepôt,2023-09-09,2023-09-11
7321,Concert,Entrepôt,2023-03-17,2023-03-21
7322,Compétition Sportive,Observatoire,2023-01-14,2023-01-17
7323,Conférence,Reuilly,2023-06-24,2023-06-26
7324,Conférence,Louvre,2023-04-02,2023-04-04
7325,Conférence,Gobelins,2023-08-05,2023-08-06
7326,Concert,Bourse,2023-04-02,2023-04-04
7327,Concert,Passy,2023-10-14,2023-10-18
7328,Salon,Hôtel-de-Ville,2023-04-10,2023-04-11
7329,Salon,Entrepôt,2023-02-27,2023-02-28
7330,Conférence,Vaugirard,2023-06-17,2023-06-20
7331,Festival,Temple,2023-07-01,2023-07-02
7332,Compétition Sportive,Hôtel-de-Ville,2023-07-07,2023-07-11
7333,Salon,Élysée,2023-12-15,2023-12-18
7334,Compétition Sportive,Hôtel-de-Ville,2023-06-03,2023-06-06
7335,Festival,Ménilmontant,2023-10-10,2023-10-12
7336,Conférence,Reuilly,2023-10-13,2023-10-17
7337,Compétition Sportive,Temple,2023-11-05,2023-11-09
7338,Conférence,Reuilly,2023-10-20,2023-10-21
7339,Compétition Sportive,Batignolles-Monceau,2023-09-16,2023-09-20
7340,Festival,Buttes-Chaumont,2023-09-01,2023-09-04
7341,Salon,Louvre,2023-03-15,2023-03-18
7342,Concert,Buttes-Chaumont,2023-12-18,2023-12-22
7343,Conférence,Gobelins,2023-03-10,2023-03-11
7344,Salon,Passy,2023-05-17,2023-05-19
7345,Compétition Sportive,Ménilmontant,2023-06-03,2023-06-07
7346,Salon,Élysée,2023-11-21,2023-11-22
7347,Concert,Observatoire,2023-12-02,2023-12-03
7348,Conférence,Reuilly,2023-08-10,2023-08-11
7349,Conférence,Luxembourg,2023-05-19,2023-05-21
7350,Salon,Observatoire,2023-05-01,2023-05-03
7351,Festival,Bourse,2023-09-17,2023-09-19
7352,Compétition Sportive,Passy,2023-05-25,2023-05-26
7353,Salon,Bourse,2023-06-08,2023-06-10
7354,Festival,Reuilly,2023-01-06,2023-01-07
7355,Conférence,Temple,2023-08-13,2023-08-17
7356,Compétition Sportive,Louvre,2023-04-26,2023-04-27
7357,Conférence,Bourse,2023-02-08,2023-02-12
7358,Concert,Gobelins,2023-04-17,2023-04-21
7359,Festival,Vaugirard,2023-04-28,2023-04-30
7360,Concert,Popincourt,2023-02-11,2023-02-13
7361,Concert,Palais-Bourbon,2023-11-02,2023-11-03
7362,Concert,Temple,2023-01-27,2023-01-31
7363,Festival,Élysée,2023-08-05,2023-08-09
7364,Compétition Sportive,Gobelins,2023-04-16,2023-04-19
7365,Conférence,Entrepôt,2023-03-24,2023-03-28
7366,Compétition Sportive,Temple,2023-11-17,2023-11-19
7367,Compétition Sportive,Louvre,2023-09-27,2023-09-29
7368,Compétition Sportive,Observatoire,2023-04-18,2023-04-22
7369,Conférence,Panthéon,2023-01-15,2023-01-19
7370,Conférence,Batignolles-Monceau,2023-05-30,2023-05-31
7371,Festival,Reuilly,2023-11-10,2023-11-13
7372,Salon,Luxembourg,2023-12-03,2023-12-06
7373,Conférence,Observatoire,2023-07-09,2023-07-10
7374,Conférence,Reuilly,2023-06-18,2023-06-19
7375,Salon,Buttes-Montmartre,2023-10-15,2023-10-18
7376,Conférence,Louvre,2023-06-10,2023-06-13
7377,Compétition Sportive,Ménilmontant,2023-10-24,2023-10-25
7378,Conférence,Louvre,2023-03-24,2023-03-28
7379,Festival,Louvre,2023-04-12,2023-04-16
7380,Conférence,Popincourt,2023-04-25,2023-04-27
7381,Salon,Panthéon,2023-08-30,2023-09-02
7382,Compétition Sportive,Observatoire,2023-02-28,2023-03-03
7383,Salon,Hôtel-de-Ville,2023-04-09,2023-04-12
7384,Conférence,Passy,2023-03-16,2023-03-19
7385,Conférence,Observatoire,2023-08-29,2023-08-30
7386,Festival,Passy,2023-01-03,2023-01-07
7387,Compétition Sportive,Vaugirard,2023-03-07,2023-03-11
7388,Conférence,Panthéon,2023-10-19,2023-10-21
7389,Festival,Hôtel-de-Ville,2023-05-31,2023-06-03
7390,Festival,Élysée,2023-06-12,2023-06-14
7391,Salon,Palais-Bourbon,2023-09-04,2023-09-08
7392,Compétition Sportive,Hôtel-de-Ville,2023-09-07,2023-09-08
7393,Concert,Bourse,2023-10-12,2023-10-16
7394,Festival,Buttes-Chaumont,2023-11-13,2023-11-17
7395,Concert,Buttes-Montmartre,2023-07-09,2023-07-10
7396,Salon,Ménilmontant,2023-01-07,2023-01-08
7397,Festival,Élysée,2023-01-19,2023-01-23
7398,Compétition Sportive,Buttes-Montmartre,2023-11-22,2023-11-26
7399,Concert,Panthéon,2023-03-30,2023-04-01
7400,Compétition Sportive,Entrepôt,2023-07-27,2023-07-30
7401,Concert,Reuilly,2023-11-14,2023-11-15
7402,Salon,Bourse,2023-10-06,2023-10-09
7403,Festival,Batignolles-Monceau,2023-11-05,2023-11-07
7404,Festival,Bourse,2023-12-19,2023-12-20
7405,Salon,Buttes-Chaumont,2023-03-13,2023-03-14
7406,Conférence,Palais-Bourbon,2023-08-05,2023-08-08
7407,Concert,Batignolles-Monceau,2023-02-04,2023-02-05
7408,Concert,Entrepôt,2023-04-20,2023-04-24
7409,Conférence,Entrepôt,2023-11-13,2023-11-15
7410,Salon,Ménilmontant,2023-06-16,2023-06-18
7411,Compétition Sportive,Palais-Bourbon,2023-03-09,2023-03-10
7412,Compétition Sportive,Temple,2023-08-25,2023-08-26
7413,Salon,Palais-Bourbon,2023-09-29,2023-10-02
7414,Compétition Sportive,Élysée,2023-09-24,2023-09-26
7415,Salon,Bourse,2023-03-29,2023-04-02
7416,Concert,Opéra,2023-07-25,2023-07-29
7417,Concert,Bourse,2023-12-26,2023-12-29
7418,Conférence,Gobelins,2023-03-04,2023-03-06
7419,Salon,Élysée,2023-10-14,2023-10-16
7420,Compétition Sportive,Vaugirard,2023-10-07,2023-10-11
7421,Salon,Opéra,2023-07-02,2023-07-04
7422,Festival,Élysée,2023-06-23,2023-06-25
7423,Conférence,Buttes-Montmartre,2023-05-14,2023-05-16
7424,Festival,Buttes-Chaumont,2023-12-01,2023-12-05
7425,Conférence,Entrepôt,2023-12-04,2023-12-05
7426,Conférence,Hôtel-de-Ville,2023-12-18,2023-12-20
7427,Conférence,Batignolles-Monceau,2023-05-20,2023-05-21
7428,Festival,Batignolles-Monceau,2023-02-03,2023-02-04
7429,Conférence,Observatoire,2023-03-07,2023-03-10
7430,Salon,Palais-Bourbon,2023-06-21,2023-06-22
7431,Salon,Observatoire,2023-12-08,2023-12-11
7432,Festival,Vaugirard,2023-01-21,2023-01-23
7433,Concert,Panthéon,2023-07-17,2023-07-21
7434,Concert,Ménilmontant,2023-01-06,2023-01-07
7435,Festival,Popincourt,2023-09-25,2023-09-26
7436,Conférence,Temple,2023-05-12,2023-05-16
7437,Conférence,Gobelins,2023-01-07,2023-01-10
7438,Conférence,Louvre,2023-03-17,2023-03-20
7439,Festival,Panthéon,2023-08-10,2023-08-13
7440,Conférence,Entrepôt,2023-11-25,2023-11-26
7441,Salon,Opéra,2023-01-07,2023-01-09
7442,Conférence,Gobelins,2023-08-28,2023-08-31
7443,Festival,Vaugirard,2023-02-16,2023-02-19
7444,Conférence,Buttes-Montmartre,2023-10-05,2023-10-09
7445,Salon,Ménilmontant,2023-06-04,2023-06-06
7446,Festival,Louvre,2023-09-09,2023-09-11
7447,Concert,Observatoire,2023-08-15,2023-08-17
7448,Festival,Batignolles-Monceau,2023-02-07,2023-02-09
7449,Compétition Sportive,Ménilmontant,2023-03-29,2023-03-31
7450,Concert,Opéra,2023-09-27,2023-09-30
7451,Concert,Gobelins,2023-06-17,2023-06-21
7452,Festival,Buttes-Chaumont,2023-12-22,2023-12-25
7453,Compétition Sportive,Élysée,2023-07-24,2023-07-26
7454,Concert,Louvre,2023-04-11,2023-04-15
7455,Conférence,Hôtel-de-Ville,2023-04-26,2023-04-27
7456,Compétition Sportive,Bourse,2023-02-19,2023-02-20
7457,Compétition Sportive,Entrepôt,2023-02-01,2023-02-03
7458,Festival,Opéra,2023-11-21,2023-11-24
7459,Festival,Gobelins,2023-07-28,2023-08-01
7460,Festival,Opéra,2023-07-13,2023-07-17
7461,Compétition Sportive,Batignolles-Monceau,2023-03-28,2023-03-31
7462,Salon,Popincourt,2023-09-18,2023-09-20
7463,Festival,Passy,2023-05-02,2023-05-03
7464,Salon,Louvre,2023-10-23,2023-10-24
7465,Concert,Buttes-Montmartre,2023-06-15,2023-06-17
7466,Conférence,Popincourt,2023-09-11,2023-09-15
7467,Conférence,Élysée,2023-07-09,2023-07-12
7468,Salon,Luxembourg,2023-09-15,2023-09-17
7469,Compétition Sportive,Observatoire,2023-10-23,2023-10-27
7470,Conférence,Vaugirard,2023-03-12,2023-03-15
7471,Salon,Reuilly,2023-08-20,2023-08-24
7472,Festival,Ménilmontant,2023-03-14,2023-03-18
7473,Salon,Opéra,2023-08-26,2023-08-27
7474,Concert,Hôtel-de-Ville,2023-09-08,2023-09-10
7475,Salon,Gobelins,2023-12-31,2024-01-04
7476,Festival,Buttes-Chaumont,2023-12-24,2023-12-25
7477,Salon,Palais-Bourbon,2023-01-24,2023-01-26
7478,Festival,Batignolles-Monceau,2023-06-13,2023-06-15
7479,Festival,Buttes-Chaumont,2023-11-05,2023-11-08
7480,Concert,Hôtel-de-Ville,2023-07-29,2023-07-31
7481,Concert,Temple,2023-04-17,2023-04-18
7482,Conférence,Batignolles-Monceau,2023-08-19,2023-08-20
7483,Festival,Palais-Bourbon,2023-11-08,2023-11-10
7484,Festival,Buttes-Chaumont,2023-12-08,2023-12-09
7485,Festival,Bourse,2023-03-30,2023-04-03
7486,Conférence,Observatoire,2023-02-12,2023-02-16
7487,Compétition Sportive,Reuilly,2023-03-30,2023-04-02
7488,Concert,Palais-Bourbon,2023-10-24,2023-10-28
7489,Concert,Opéra,2023-03-30,2023-04-01
7490,Festival,Gobelins,2023-09-20,2023-09-24
7491,Conférence,Bourse,2023-10-23,2023-10-26
7492,Festival,Entrepôt,2023-09-05,2023-09-06
7493,Concert,Temple,2023-12-30,2024-01-01
7494,Conférence,Entrepôt,2023-03-24,2023-03-27
7495,Salon,Temple,2023-05-30,2023-06-03
7496,Concert,Passy,2023-10-29,2023-10-31
7497,Salon,Temple,2023-01-23,2023-01-25
7498,Compétition Sportive,Luxembourg,2023-03-25,2023-03-26
7499,Salon,Batignolles-Monceau,2023-12-06,2023-12-10
7500,Conférence,Vaugirard,2023-05-15,2023-05-19
7501,Salon,Gobelins,2023-11-24,2023-11-28
7502,Compétition Sportive,Louvre,2023-12-24,2023-12-28
7503,Concert,Passy,2023-10-26,2023-10-29
7504,Compétition Sportive,Louvre,2023-10-08,2023-10-09
7505,Conférence,Temple,2023-01-31,2023-02-02
7506,Salon,Buttes-Chaumont,2023-08-17,2023-08-21
7507,Salon,Reuilly,2023-09-13,2023-09-14
7508,Conférence,Temple,2023-11-23,2023-11-25
7509,Festival,Ménilmontant,2023-06-22,2023-06-26
7510,Conférence,Entrepôt,2023-07-05,2023-07-07
7511,Conférence,Buttes-Montmartre,2023-03-05,2023-03-09
7512,Compétition Sportive,Entrepôt,2023-10-03,2023-10-07
7513,Compétition Sportive,Passy,2023-12-01,2023-12-03
7514,Conférence,Buttes-Montmartre,2023-03-21,2023-03-25
7515,Concert,Luxembourg,2023-12-21,2023-12-24
7516,Salon,Temple,2023-07-09,2023-07-12
7517,Conférence,Louvre,2023-11-06,2023-11-08
7518,Festival,Temple,2023-10-18,2023-10-22
7519,Salon,Vaugirard,2023-04-14,2023-04-16
7520,Concert,Ménilmontant,2023-10-17,2023-10-18
7521,Conférence,Passy,2023-12-25,2023-12-26
7522,Concert,Temple,2023-05-05,2023-05-06
7523,Salon,Entrepôt,2023-05-09,2023-05-13
7524,Festival,Reuilly,2023-01-09,2023-01-11
7525,Salon,Buttes-Montmartre,2023-04-15,2023-04-16
7526,Salon,Gobelins,2023-04-04,2023-04-08
7527,Conférence,Élysée,2023-01-21,2023-01-25
7528,Salon,Panthéon,2023-07-29,2023-07-30
7529,Conférence,Batignolles-Monceau,2023-01-22,2023-01-25
7530,Conférence,Reuilly,2023-12-30,2024-01-02
7531,Concert,Vaugirard,2023-12-12,2023-12-15
7532,Festival,Gobelins,2023-07-23,2023-07-26
7533,Conférence,Observatoire,2023-02-06,2023-02-08
7534,Compétition Sportive,Reuilly,2023-09-12,2023-09-14
7535,Concert,Temple,2023-08-23,2023-08-24
7536,Conférence,Passy,2023-05-10,2023-05-14
7537,Conférence,Reuilly,2023-08-17,2023-08-20
7538,Concert,Panthéon,2023-04-14,2023-04-18
7539,Salon,Buttes-Chaumont,2023-05-24,2023-05-28
7540,Conférence,Temple,2023-11-02,2023-11-04
7541,Festival,Buttes-Montmartre,2023-10-06,2023-10-10
7542,Conférence,Palais-Bourbon,2023-04-09,2023-04-13
7543,Concert,Vaugirard,2023-01-06,2023-01-09
7544,Compétition Sportive,Élysée,2023-07-08,2023-07-09
7545,Concert,Ménilmontant,2023-10-19,2023-10-21
7546,Concert,Palais-Bourbon,2023-05-30,2023-06-02
7547,Festival,Luxembourg,2023-05-02,2023-05-03
7548,Salon,Popincourt,2023-03-18,2023-03-21
7549,Festival,Popincourt,2023-06-22,2023-06-23
7550,Festival,Louvre,2023-07-29,2023-08-01
7551,Conférence,Panthéon,2023-11-08,2023-11-11
7552,Compétition Sportive,Gobelins,2023-06-21,2023-06-22
7553,Concert,Louvre,2023-12-16,2023-12-19
7554,Festival,Entrepôt,2023-04-15,2023-04-16
7555,Festival,Ménilmontant,2023-08-04,2023-08-08
7556,Salon,Gobelins,2023-05-09,2023-05-13
7557,Salon,Buttes-Chaumont,2023-08-17,2023-08-18
7558,Compétition Sportive,Buttes-Montmartre,2023-10-11,2023-10-14
7559,Concert,Buttes-Chaumont,2023-01-04,2023-01-08
7560,Festival,Reuilly,2023-11-30,2023-12-01
7561,Conférence,Opéra,2023-07-22,2023-07-24
7562,Salon,Buttes-Montmartre,2023-03-28,2023-04-01
7563,Festival,Hôtel-de-Ville,2023-08-28,2023-08-29
7564,Conférence,Vaugirard,2023-11-10,2023-11-11
7565,Festival,Reuilly,2023-04-21,2023-04-25
7566,Compétition Sportive,Gobelins,2023-02-11,2023-02-14
7567,Compétition Sportive,Buttes-Montmartre,2023-09-13,2023-09-15
7568,Conférence,Popincourt,2023-07-15,2023-07-16
7569,Salon,Palais-Bourbon,2023-08-31,2023-09-03
7570,Compétition Sportive,Reuilly,2023-02-09,2023-02-12
7571,Salon,Luxembourg,2023-09-11,2023-09-12
7572,Conférence,Passy,2023-03-15,2023-03-17
7573,Conférence,Buttes-Chaumont,2023-05-10,2023-05-14
7574,Festival,Panthéon,2023-08-03,2023-08-05
7575,Conférence,Buttes-Montmartre,2023-10-17,2023-10-20
7576,Festival,Buttes-Montmartre,2023-04-30,2023-05-01
7577,Salon,Passy,2023-11-03,2023-11-04
7578,Festival,Reuilly,2023-09-25,2023-09-27
7579,Salon,Palais-Bourbon,2023-08-31,2023-09-02
7580,Compétition Sportive,Passy,2023-11-08,2023-11-10
7581,Salon,Ménilmontant,2023-11-28,2023-11-29
7582,Concert,Hôtel-de-Ville,2023-08-25,2023-08-26
7583,Festival,Ménilmontant,2023-09-29,2023-10-02
7584,Compétition Sportive,Panthéon,2023-05-16,2023-05-18
7585,Salon,Palais-Bourbon,2023-06-19,2023-06-22
7586,Conférence,Passy,2023-01-06,2023-01-09
7587,Festival,Élysée,2023-05-19,2023-05-21
7588,Salon,Opéra,2023-06-07,2023-06-11
7589,Compétition Sportive,Palais-Bourbon,2023-03-28,2023-03-29
7590,Conférence,Gobelins,2023-01-18,2023-01-22
7591,Festival,Passy,2023-11-14,2023-11-15
7592,Compétition Sportive,Palais-Bourbon,2023-01-09,2023-01-10
7593,Conférence,Palais-Bourbon,2023-03-14,2023-03-15
7594,Concert,Buttes-Montmartre,2023-04-24,2023-04-26
7595,Conférence,Vaugirard,2023-05-14,2023-05-16
7596,Festival,Vaugirard,2023-03-21,2023-03-23
7597,Concert,Passy,2023-11-28,2023-11-29
7598,Salon,Popincourt,2023-05-10,2023-05-12
7599,Concert,Ménilmontant,2023-09-22,2023-09-25
7600,Concert,Vaugirard,2023-09-18,2023-09-22
7601,Concert,Bourse,2023-04-02,2023-04-05
7602,Conférence,Temple,2023-12-16,2023-12-17
7603,Concert,Opéra,2023-05-25,2023-05-27
7604,Concert,Temple,2023-11-14,2023-11-17
7605,Salon,Entrepôt,2023-02-16,2023-02-20
7606,Concert,Passy,2023-10-22,2023-10-23
7607,Conférence,Observatoire,2023-05-08,2023-05-09
7608,Compétition Sportive,Palais-Bourbon,2023-11-11,2023-11-14
7609,Compétition Sportive,Popincourt,2023-09-19,2023-09-20
7610,Conférence,Batignolles-Monceau,2023-07-15,2023-07-18
7611,Conférence,Luxembourg,2023-09-11,2023-09-13
7612,Concert,Élysée,2023-06-15,2023-06-16
7613,Conférence,Buttes-Chaumont,2023-07-03,2023-07-06
7614,Concert,Buttes-Montmartre,2023-09-03,2023-09-05
7615,Festival,Reuilly,2023-12-02,2023-12-06
7616,Salon,Temple,2023-07-01,2023-07-04
7617,Salon,Opéra,2023-04-11,2023-04-15
7618,Salon,Palais-Bourbon,2023-06-09,2023-06-13
7619,Festival,Temple,2023-06-08,2023-06-09
7620,Salon,Buttes-Montmartre,2023-07-16,2023-07-19
7621,Concert,Opéra,2023-05-25,2023-05-27
7622,Compétition Sportive,Élysée,2023-01-04,2023-01-07
7623,Salon,Hôtel-de-Ville,2023-04-17,2023-04-20
7624,Salon,Entrepôt,2023-08-04,2023-08-05
7625,Concert,Gobelins,2023-01-06,2023-01-07
7626,Concert,Luxembourg,2023-06-07,2023-06-09
7627,Salon,Palais-Bourbon,2023-11-27,2023-11-28
7628,Conférence,Popincourt,2023-04-01,2023-04-03
7629,Festival,Observatoire,2023-09-22,2023-09-24
7630,Compétition Sportive,Élysée,2023-10-03,2023-10-05
7631,Compétition Sportive,Popincourt,2023-01-13,2023-01-16
7632,Festival,Bourse,2023-11-07,2023-11-11
7633,Salon,Ménilmontant,2023-04-02,2023-04-06
7634,Salon,Élysée,2023-08-11,2023-08-12
7635,Salon,Passy,2023-04-06,2023-04-09
7636,Salon,Gobelins,2023-08-15,2023-08-18
7637,Salon,Entrepôt,2023-12-23,2023-12-27
7638,Compétition Sportive,Buttes-Chaumont,2023-10-02,2023-10-06
7639,Salon,Reuilly,2023-10-30,2023-11-02
7640,Concert,Luxembourg,2023-09-09,2023-09-12
7641,Conférence,Gobelins,2023-03-12,2023-03-15
7642,Salon,Reuilly,2023-11-19,2023-11-20
7643,Concert,Ménilmontant,2023-10-23,2023-10-27
7644,Compétition Sportive,Gobelins,2023-04-04,2023-04-05
7645,Concert,Ménilmontant,2023-02-27,2023-03-01
7646,Festival,Vaugirard,2023-01-31,2023-02-04
7647,Festival,Entrepôt,2023-10-28,2023-10-29
7648,Concert,Buttes-Montmartre,2023-04-14,2023-04-17
7649,Salon,Bourse,2023-11-06,2023-11-10
7650,Salon,Vaugirard,2023-11-25,2023-11-28
7651,Salon,Popincourt,2023-04-08,2023-04-12
7652,Concert,Popincourt,2023-02-21,2023-02-23
7653,Festival,Élysée,2023-02-24,2023-02-25
7654,Festival,Élysée,2023-01-27,2023-01-28
7655,Compétition Sportive,Buttes-Montmartre,2023-12-19,2023-12-21
7656,Festival,Palais-Bourbon,2023-04-26,2023-04-29
7657,Festival,Temple,2023-12-31,2024-01-03
7658,Conférence,Observatoire,2023-06-22,2023-06-26
7659,Festival,Popincourt,2023-02-11,2023-02-15
7660,Concert,Gobelins,2023-09-01,2023-09-05
7661,Salon,Ménilmontant,2023-09-19,2023-09-23
7662,Concert,Hôtel-de-Ville,2023-10-31,2023-11-03
7663,Salon,Passy,2023-01-27,2023-01-30
7664,Salon,Bourse,2023-06-09,2023-06-12
7665,Compétition Sportive,Opéra,2023-06-15,2023-06-16
7666,Festival,Reuilly,2023-12-08,2023-12-10
7667,Compétition Sportive,Observatoire,2023-06-30,2023-07-02
7668,Salon,Ménilmontant,2023-04-06,2023-04-07
7669,Conférence,Buttes-Montmartre,2023-10-10,2023-10-11
7670,Conférence,Luxembourg,2023-08-24,2023-08-25
7671,Compétition Sportive,Batignolles-Monceau,2023-10-23,2023-10-26
7672,Compétition Sportive,Opéra,2023-04-04,2023-04-08
7673,Festival,Ménilmontant,2023-06-12,2023-06-16
7674,Compétition Sportive,Luxembourg,2023-04-28,2023-05-02
7675,Compétition Sportive,Louvre,2023-08-22,2023-08-24
7676,Concert,Ménilmontant,2023-06-04,2023-06-08
7677,Compétition Sportive,Louvre,2023-10-05,2023-10-06
7678,Compétition Sportive,Buttes-Chaumont,2023-04-21,2023-04-22
7679,Concert,Louvre,2023-10-07,2023-10-09
7680,Salon,Élysée,2023-09-02,2023-09-03
7681,Salon,Louvre,2023-05-31,2023-06-03
7682,Concert,Panthéon,2023-06-30,2023-07-01
7683,Festival,Panthéon,2023-10-18,2023-10-19
7684,Compétition Sportive,Bourse,2023-11-25,2023-11-26
7685,Festival,Passy,2023-01-07,2023-01-09
7686,Conférence,Opéra,2023-07-27,2023-07-30
7687,Festival,Élysée,2023-05-08,2023-05-09
7688,Compétition Sportive,Reuilly,2023-01-23,2023-01-26
7689,Salon,Palais-Bourbon,2023-01-07,2023-01-10
7690,Compétition Sportive,Luxembourg,2023-11-08,2023-11-12
7691,Compétition Sportive,Buttes-Chaumont,2023-05-30,2023-06-02
7692,Compétition Sportive,Vaugirard,2023-04-03,2023-04-06
7693,Festival,Palais-Bourbon,2023-09-19,2023-09-22
7694,Salon,Palais-Bourbon,2023-01-31,2023-02-02
7695,Salon,Élysée,2023-04-15,2023-04-19
7696,Festival,Louvre,2023-12-11,2023-12-13
7697,Festival,Buttes-Montmartre,2023-05-08,2023-05-11
7698,Festival,Gobelins,2023-02-11,2023-02-13
7699,Conférence,Vaugirard,2023-04-12,2023-04-13
7700,Conférence,Passy,2023-08-13,2023-08-15
7701,Compétition Sportive,Palais-Bourbon,2023-01-13,2023-01-15
7702,Conférence,Élysée,2023-04-11,2023-04-13
7703,Festival,Temple,2023-12-05,2023-12-07
7704,Festival,Reuilly,2023-03-21,2023-03-22
7705,Festival,Louvre,2023-02-16,2023-02-17
7706,Salon,Buttes-Chaumont,2023-11-30,2023-12-04
7707,Salon,Reuilly,2023-08-26,2023-08-28
7708,Conférence,Bourse,2023-09-17,2023-09-19
7709,Concert,Buttes-Chaumont,2023-04-13,2023-04-17
7710,Concert,Reuilly,2023-02-23,2023-02-27
7711,Festival,Vaugirard,2023-08-17,2023-08-21
7712,Salon,Élysée,2023-05-09,2023-05-10
7713,Compétition Sportive,Batignolles-Monceau,2023-06-28,2023-07-01
7714,Conférence,Bourse,2023-04-24,2023-04-27
7715,Salon,Entrepôt,2023-03-04,2023-03-05
7716,Festival,Passy,2023-10-13,2023-10-17
7717,Festival,Élysée,2023-04-01,2023-04-03
7718,Concert,Entrepôt,2023-06-11,2023-06-13
7719,Festival,Batignolles-Monceau,2023-01-29,2023-01-30
7720,Festival,Opéra,2023-03-09,2023-03-11
7721,Compétition Sportive,Reuilly,2023-07-18,2023-07-19
7722,Conférence,Buttes-Montmartre,2023-11-09,2023-11-13
7723,Compétition Sportive,Luxembourg,2023-10-16,2023-10-19
7724,Concert,Temple,2023-04-12,2023-04-16
7725,Salon,Gobelins,2023-07-12,2023-07-14
7726,Concert,Opéra,2023-04-29,2023-05-02
7727,Festival,Bourse,2023-04-14,2023-04-16
7728,Conférence,Temple,2023-02-19,2023-02-20
7729,Festival,Buttes-Chaumont,2023-07-04,2023-07-06
7730,Conférence,Buttes-Chaumont,2023-12-08,2023-12-10
7731,Conférence,Élysée,2023-11-01,2023-11-04
7732,Conférence,Batignolles-Monceau,2023-07-26,2023-07-29
7733,Salon,Observatoire,2023-03-20,2023-03-22
7734,Concert,Buttes-Chaumont,2023-07-03,2023-07-06
7735,Salon,Buttes-Chaumont,2023-12-09,2023-12-13
7736,Salon,Buttes-Chaumont,2023-05-20,2023-05-24
7737,Salon,Bourse,2023-08-07,2023-08-08
7738,Compétition Sportive,Entrepôt,2023-04-23,2023-04-25
7739,Compétition Sportive,Opéra,2023-02-25,2023-02-28
7740,Compétition Sportive,Buttes-Chaumont,2023-08-30,2023-09-03
7741,Salon,Buttes-Montmartre,2023-08-20,2023-08-24
7742,Festival,Opéra,2023-05-17,2023-05-20
7743,Compétition Sportive,Popincourt,2023-04-21,2023-04-23
7744,Compétition Sportive,Hôtel-de-Ville,2023-12-31,2024-01-03
7745,Salon,Entrepôt,2023-06-14,2023-06-15
7746,Concert,Passy,2023-04-29,2023-04-30
7747,Festival,Observatoire,2023-01-01,2023-01-05
7748,Conférence,Bourse,2023-11-28,2023-11-29
7749,Conférence,Bourse,2023-03-06,2023-03-08
7750,Festival,Buttes-Montmartre,2023-06-04,2023-06-08
7751,Salon,Bourse,2023-10-07,2023-10-10
7752,Concert,Élysée,2023-12-10,2023-12-11
7753,Concert,Hôtel-de-Ville,2023-06-26,2023-06-28
7754,Conférence,Vaugirard,2023-02-03,2023-02-05
7755,Concert,Gobelins,2023-04-13,2023-04-17
7756,Conférence,Opéra,2023-05-04,2023-05-07
7757,Compétition Sportive,Reuilly,2023-11-09,2023-11-12
7758,Salon,Observatoire,2023-02-19,2023-02-23
7759,Concert,Luxembourg,2023-06-23,2023-06-27
7760,Salon,Entrepôt,2023-09-23,2023-09-27
7761,Compétition Sportive,Observatoire,2023-08-04,2023-08-07
7762,Festival,Bourse,2023-04-01,2023-04-03
7763,Festival,Passy,2023-09-20,2023-09-23
7764,Festival,Opéra,2023-08-15,2023-08-16
7765,Conférence,Ménilmontant,2023-08-23,2023-08-26
7766,Conférence,Louvre,2023-11-03,2023-11-06
7767,Festival,Entrepôt,2023-07-02,2023-07-03
7768,Compétition Sportive,Passy,2023-05-05,2023-05-09
7769,Conférence,Buttes-Montmartre,2023-12-30,2023-12-31
7770,Festival,Temple,2023-07-06,2023-07-10
7771,Salon,Entrepôt,2023-12-23,2023-12-24
7772,Festival,Bourse,2023-11-25,2023-11-26
7773,Festival,Temple,2023-10-22,2023-10-26
7774,Salon,Louvre,2023-02-02,2023-02-03
7775,Conférence,Hôtel-de-Ville,2023-02-02,2023-02-04
7776,Salon,Palais-Bourbon,2023-02-07,2023-02-08
7777,Conférence,Élysée,2023-08-12,2023-08-15
7778,Compétition Sportive,Buttes-Montmartre,2023-01-21,2023-01-25
7779,Conférence,Panthéon,2023-03-10,2023-03-14
7780,Concert,Palais-Bourbon,2023-09-24,2023-09-28
7781,Conférence,Passy,2023-07-07,2023-07-09
7782,Concert,Élysée,2023-06-23,2023-06-26
7783,Conférence,Élysée,2023-08-07,2023-08-08
7784,Salon,Louvre,2023-02-25,2023-02-28
7785,Conférence,Popincourt,2023-10-24,2023-10-28
7786,Festival,Panthéon,2023-12-29,2024-01-01
7787,Conférence,Panthéon,2023-10-26,2023-10-30
7788,Salon,Popincourt,2023-02-21,2023-02-25
7789,Salon,Palais-Bourbon,2023-10-31,2023-11-02
7790,Conférence,Ménilmontant,2023-09-25,2023-09-29
7791,Conférence,Reuilly,2023-05-15,2023-05-18
7792,Conférence,Gobelins,2023-04-09,2023-04-11
7793,Compétition Sportive,Entrepôt,2023-02-13,2023-02-16
7794,Concert,Gobelins,2023-05-14,2023-05-17
7795,Conférence,Bourse,2023-05-27,2023-05-28
7796,Conférence,Reuilly,2023-08-16,2023-08-19
7797,Concert,Louvre,2023-12-28,2023-12-30
7798,Festival,Observatoire,2023-08-20,2023-08-21
7799,Compétition Sportive,Buttes-Montmartre,2023-12-28,2024-01-01
7800,Compétition Sportive,Reuilly,2023-12-22,2023-12-23
7801,Festival,Opéra,2023-02-28,2023-03-01
7802,Concert,Vaugirard,2023-04-02,2023-04-03
7803,Concert,Élysée,2023-04-26,2023-04-27
7804,Salon,Entrepôt,2023-03-28,2023-03-31
7805,Concert,Hôtel-de-Ville,2023-03-01,2023-03-02
7806,Compétition Sportive,Hôtel-de-Ville,2023-06-12,2023-06-15
7807,Salon,Reuilly,2023-05-25,2023-05-28
7808,Conférence,Bourse,2023-06-16,2023-06-20
7809,Conférence,Louvre,2023-05-12,2023-05-15
7810,Conférence,Opéra,2023-06-25,2023-06-27
7811,Salon,Gobelins,2023-02-17,2023-02-21
7812,Compétition Sportive,Observatoire,2023-12-04,2023-12-08
7813,Concert,Panthéon,2023-12-30,2024-01-02
7814,Salon,Batignolles-Monceau,2023-03-03,2023-03-06
7815,Compétition Sportive,Bourse,2023-05-07,2023-05-08
7816,Concert,Vaugirard,2023-01-23,2023-01-26
7817,Festival,Panthéon,2023-07-07,2023-07-08
7818,Compétition Sportive,Hôtel-de-Ville,2023-06-05,2023-06-07
7819,Festival,Temple,2023-04-15,2023-04-19
7820,Conférence,Louvre,2023-10-25,2023-10-29
7821,Conférence,Popincourt,2023-08-16,2023-08-19
7822,Compétition Sportive,Palais-Bourbon,2023-06-15,2023-06-19
7823,Festival,Reuilly,2023-12-05,2023-12-09
7824,Salon,Buttes-Chaumont,2023-02-27,2023-03-01
7825,Concert,Reuilly,2023-01-21,2023-01-25
7826,Conférence,Buttes-Montmartre,2023-02-19,2023-02-20
7827,Conférence,Bourse,2023-08-31,2023-09-04
7828,Conférence,Gobelins,2023-12-03,2023-12-04
7829,Conférence,Popincourt,2023-11-27,2023-11-28
7830,Compétition Sportive,Opéra,2023-09-26,2023-09-27
7831,Compétition Sportive,Bourse,2023-02-25,2023-02-26
7832,Festival,Élysée,2023-08-08,2023-08-10
7833,Salon,Batignolles-Monceau,2023-01-17,2023-01-19
7834,Festival,Passy,2023-10-28,2023-11-01
7835,Salon,Louvre,2023-11-05,2023-11-07
7836,Compétition Sportive,Passy,2023-03-29,2023-03-30
7837,Conférence,Buttes-Montmartre,2023-02-06,2023-02-08
7838,Festival,Vaugirard,2023-05-22,2023-05-25
7839,Salon,Hôtel-de-Ville,2023-04-23,2023-04-26
7840,Concert,Bourse,2023-07-17,2023-07-19
7841,Salon,Élysée,2023-07-03,2023-07-06
7842,Festival,Passy,2023-12-06,2023-12-10
7843,Compétition Sportive,Buttes-Chaumont,2023-06-21,2023-06-24
7844,Conférence,Hôtel-de-Ville,2023-08-02,2023-08-06
7845,Concert,Panthéon,2023-08-19,2023-08-21
7846,Festival,Bourse,2023-04-24,2023-04-25
7847,Compétition Sportive,Passy,2023-12-09,2023-12-11
7848,Salon,Gobelins,2023-03-25,2023-03-29
7849,Compétition Sportive,Opéra,2023-06-14,2023-06-17
7850,Compétition Sportive,Gobelins,2023-10-29,2023-10-31
7851,Conférence,Panthéon,2023-02-08,2023-02-10
7852,Festival,Luxembourg,2023-09-07,2023-09-09
7853,Compétition Sportive,Louvre,2023-04-17,2023-04-21
7854,Salon,Palais-Bourbon,2023-12-03,2023-12-06
7855,Salon,Élysée,2023-03-26,2023-03-28
7856,Conférence,Popincourt,2023-05-02,2023-05-03
7857,Compétition Sportive,Louvre,2023-09-14,2023-09-18
7858,Salon,Bourse,2023-12-31,2024-01-04
7859,Salon,Hôtel-de-Ville,2023-06-15,2023-06-18
7860,Conférence,Hôtel-de-Ville,2023-12-20,2023-12-21
7861,Compétition Sportive,Opéra,2023-07-13,2023-07-15
7862,Conférence,Temple,2023-02-11,2023-02-14
7863,Compétition Sportive,Ménilmontant,2023-02-26,2023-03-02
7864,Salon,Buttes-Montmartre,2023-08-24,2023-08-25
7865,Festival,Gobelins,2023-11-29,2023-12-01
7866,Salon,Entrepôt,2023-01-08,2023-01-12
7867,Festival,Palais-Bourbon,2023-08-03,2023-08-05
7868,Compétition Sportive,Opéra,2023-02-28,2023-03-03
7869,Compétition Sportive,Panthéon,2023-08-28,2023-08-29
7870,Concert,Reuilly,2023-12-09,2023-12-12
7871,Compétition Sportive,Palais-Bourbon,2023-09-01,2023-09-03
7872,Compétition Sportive,Bourse,2023-02-05,2023-02-07
7873,Concert,Panthéon,2023-10-11,2023-10-15
7874,Festival,Louvre,2023-03-22,2023-03-23
7875,Compétition Sportive,Palais-Bourbon,2023-03-13,2023-03-14
7876,Conférence,Bourse,2023-01-01,2023-01-03
7877,Compétition Sportive,Bourse,2023-12-15,2023-12-17
7878,Compétition Sportive,Buttes-Chaumont,2023-09-16,2023-09-18
7879,Salon,Temple,2023-09-26,2023-09-30
7880,Compétition Sportive,Ménilmontant,2023-12-19,2023-12-21
7881,Compétition Sportive,Ménilmontant,2023-10-06,2023-10-07
7882,Conférence,Hôtel-de-Ville,2023-08-03,2023-08-04
7883,Concert,Reuilly,2023-10-17,2023-10-21
7884,Concert,Palais-Bourbon,2023-06-03,2023-06-04
7885,Concert,Ménilmontant,2023-09-18,2023-09-22
7886,Salon,Observatoire,2023-03-22,2023-03-25
7887,Compétition Sportive,Panthéon,2023-06-02,2023-06-04
7888,Festival,Batignolles-Monceau,2023-01-28,2023-01-30
7889,Festival,Vaugirard,2023-09-21,2023-09-22
7890,Conférence,Palais-Bourbon,2023-08-23,2023-08-25
7891,Salon,Entrepôt,2023-10-02,2023-10-03
7892,Salon,Vaugirard,2023-05-21,2023-05-23
7893,Compétition Sportive,Buttes-Montmartre,2023-06-16,2023-06-20
7894,Festival,Entrepôt,2023-11-03,2023-11-05
7895,Salon,Bourse,2023-09-19,2023-09-23
7896,Conférence,Reuilly,2023-09-26,2023-09-28
7897,Festival,Entrepôt,2023-02-21,2023-02-25
7898,Salon,Popincourt,2023-09-04,2023-09-08
7899,Compétition Sportive,Bourse,2023-12-09,2023-12-12
7900,Compétition Sportive,Observatoire,2023-02-05,2023-02-06
7901,Compétition Sportive,Bourse,2023-04-17,2023-04-19
7902,Compétition Sportive,Gobelins,2023-02-12,2023-02-14
7903,Festival,Opéra,2023-05-21,2023-05-22
7904,Festival,Louvre,2023-04-02,2023-04-06
7905,Salon,Luxembourg,2023-07-10,2023-07-13
7906,Conférence,Élysée,2023-07-02,2023-07-03
7907,Concert,Passy,2023-07-25,2023-07-27
7908,Concert,Panthéon,2023-05-22,2023-05-23
7909,Compétition Sportive,Ménilmontant,2023-07-18,2023-07-21
7910,Salon,Passy,2023-04-11,2023-04-14
7911,Concert,Gobelins,2023-02-10,2023-02-14
7912,Concert,Popincourt,2023-07-10,2023-07-12
7913,Concert,Louvre,2023-12-04,2023-12-06
7914,Concert,Entrepôt,2023-06-18,2023-06-22
7915,Concert,Palais-Bourbon,2023-01-09,2023-01-13
7916,Salon,Luxembourg,2023-08-18,2023-08-19
7917,Concert,Panthéon,2023-05-28,2023-05-29
7918,Concert,Palais-Bourbon,2023-04-12,2023-04-13
7919,Salon,Luxembourg,2023-12-22,2023-12-23
7920,Festival,Opéra,2023-01-25,2023-01-29
7921,Festival,Temple,2023-08-23,2023-08-26
7922,Festival,Bourse,2023-10-13,2023-10-16
7923,Concert,Reuilly,2023-03-13,2023-03-14
7924,Salon,Entrepôt,2023-01-25,2023-01-26
7925,Festival,Panthéon,2023-09-13,2023-09-17
7926,Compétition Sportive,Bourse,2023-04-04,2023-04-05
7927,Compétition Sportive,Élysée,2023-06-07,2023-06-09
7928,Salon,Temple,2023-01-31,2023-02-03
7929,Concert,Vaugirard,2023-04-06,2023-04-07
7930,Festival,Entrepôt,2023-10-19,2023-10-20
7931,Concert,Passy,2023-06-18,2023-06-21
7932,Festival,Palais-Bourbon,2023-03-02,2023-03-05
7933,Conférence,Panthéon,2023-01-19,2023-01-21
7934,Conférence,Panthéon,2023-09-18,2023-09-20
7935,Concert,Luxembourg,2023-05-28,2023-06-01
7936,Compétition Sportive,Reuilly,2023-08-23,2023-08-25
7937,Concert,Palais-Bourbon,2023-10-12,2023-10-14
7938,Festival,Gobelins,2023-01-03,2023-01-04
7939,Concert,Batignolles-Monceau,2023-12-06,2023-12-07
7940,Concert,Temple,2023-01-25,2023-01-27
7941,Festival,Ménilmontant,2023-08-21,2023-08-25
7942,Compétition Sportive,Luxembourg,2023-11-21,2023-11-25
7943,Conférence,Panthéon,2023-02-24,2023-02-27
7944,Festival,Louvre,2023-08-30,2023-09-01
7945,Concert,Vaugirard,2023-05-05,2023-05-08
7946,Salon,Observatoire,2023-10-24,2023-10-26
7947,Concert,Ménilmontant,2023-05-10,2023-05-12
7948,Concert,Buttes-Chaumont,2023-01-06,2023-01-07
7949,Salon,Louvre,2023-08-16,2023-08-18
7950,Concert,Popincourt,2023-07-06,2023-07-07
7951,Salon,Entrepôt,2023-07-12,2023-07-16
7952,Concert,Popincourt,2023-10-14,2023-10-18
7953,Compétition Sportive,Louvre,2023-12-13,2023-12-15
7954,Conférence,Popincourt,2023-12-31,2024-01-04
7955,Compétition Sportive,Louvre,2023-04-11,2023-04-13
7956,Festival,Vaugirard,2023-02-15,2023-02-18
7957,Festival,Popincourt,2023-03-01,2023-03-05
7958,Concert,Gobelins,2023-02-15,2023-02-17
7959,Festival,Luxembourg,2023-10-02,2023-10-05
7960,Festival,Hôtel-de-Ville,2023-09-14,2023-09-17
7961,Concert,Élysée,2023-08-11,2023-08-13
7962,Concert,Opéra,2023-01-18,2023-01-22
7963,Conférence,Louvre,2023-08-15,2023-08-19
7964,Salon,Reuilly,2023-08-12,2023-08-14
7965,Concert,Reuilly,2023-11-11,2023-11-12
7966,Conférence,Vaugirard,2023-03-06,2023-03-10
7967,Compétition Sportive,Reuilly,2023-09-25,2023-09-29
7968,Festival,Popincourt,2023-06-22,2023-06-26
7969,Salon,Panthéon,2023-06-01,2023-06-03
7970,Compétition Sportive,Batignolles-Monceau,2023-09-17,2023-09-19
7971,Concert,Entrepôt,2023-03-20,2023-03-22
7972,Compétition Sportive,Buttes-Chaumont,2023-08-12,2023-08-15
7973,Conférence,Buttes-Montmartre,2023-10-07,2023-10-11
7974,Concert,Palais-Bourbon,2023-01-23,2023-01-24
7975,Concert,Louvre,2023-12-11,2023-12-15
7976,Salon,Passy,2023-08-06,2023-08-09
7977,Conférence,Temple,2023-10-04,2023-10-08
7978,Festival,Panthéon,2023-07-17,2023-07-19
7979,Compétition Sportive,Observatoire,2023-05-30,2023-06-03
7980,Salon,Opéra,2023-05-02,2023-05-03
7981,Salon,Palais-Bourbon,2023-04-19,2023-04-23
7982,Concert,Panthéon,2023-08-19,2023-08-21
7983,Compétition Sportive,Buttes-Chaumont,2023-08-17,2023-08-21
7984,Salon,Popincourt,2023-07-22,2023-07-24
7985,Concert,Hôtel-de-Ville,2023-10-20,2023-10-23
7986,Concert,Opéra,2023-10-13,2023-10-16
7987,Conférence,Temple,2023-10-14,2023-10-17
7988,Concert,Buttes-Chaumont,2023-10-16,2023-10-20
7989,Festival,Ménilmontant,2023-12-31,2024-01-04
7990,Conférence,Bourse,2023-03-17,2023-03-20
7991,Conférence,Buttes-Montmartre,2023-09-07,2023-09-10
7992,Festival,Observatoire,2023-03-19,2023-03-21
7993,Festival,Buttes-Chaumont,2023-09-12,2023-09-14
7994,Salon,Gobelins,2023-11-10,2023-11-11
7995,Salon,Popincourt,2023-03-05,2023-03-07
7996,Festival,Élysée,2023-04-19,2023-04-23
7997,Salon,Louvre,2023-04-24,2023-04-27
7998,Festival,Temple,2023-11-24,2023-11-25
7999,Festival,Entrepôt,2023-11-24,2023-11-27
8000,Concert,Batignolles-Monceau,2023-08-20,2023-08-23
8001,Salon,Hôtel-de-Ville,2023-01-26,2023-01-29
8002,Conférence,Opéra,2023-12-12,2023-12-16
8003,Conférence,Gobelins,2023-06-26,2023-06-28
8004,Salon,Reuilly,2023-02-12,2023-02-14
8005,Salon,Temple,2023-02-18,2023-02-20
8006,Salon,Luxembourg,2023-06-29,2023-07-03
8007,Salon,Popincourt,2023-11-23,2023-11-25
8008,Concert,Temple,2023-06-09,2023-06-12
8009,Festival,Popincourt,2023-04-16,2023-04-20
8010,Salon,Buttes-Montmartre,2023-11-07,2023-11-08
8011,Salon,Batignolles-Monceau,2023-04-23,2023-04-25
8012,Festival,Vaugirard,2023-09-07,2023-09-11
8013,Festival,Observatoire,2023-01-18,2023-01-19
8014,Festival,Louvre,2023-05-03,2023-05-06
8015,Compétition Sportive,Luxembourg,2023-10-12,2023-10-15
8016,Conférence,Batignolles-Monceau,2023-06-09,2023-06-10
8017,Salon,Panthéon,2023-07-01,2023-07-04
8018,Concert,Temple,2023-03-25,2023-03-29
8019,Concert,Entrepôt,2023-10-14,2023-10-16
8020,Festival,Hôtel-de-Ville,2023-06-20,2023-06-23
8021,Concert,Vaugirard,2023-06-18,2023-06-22
8022,Conférence,Bourse,2023-10-26,2023-10-28
8023,Salon,Luxembourg,2023-05-16,2023-05-20
8024,Concert,Luxembourg,2023-05-05,2023-05-08
8025,Conférence,Entrepôt,2023-01-09,2023-01-13
8026,Conférence,Buttes-Chaumont,2023-03-19,2023-03-21
8027,Compétition Sportive,Buttes-Montmartre,2023-02-02,2023-02-03
8028,Compétition Sportive,Popincourt,2023-11-10,2023-11-13
8029,Concert,Popincourt,2023-03-20,2023-03-23
8030,Conférence,Opéra,2023-08-10,2023-08-12
8031,Festival,Luxembourg,2023-12-16,2023-12-20
8032,Compétition Sportive,Vaugirard,2023-08-20,2023-08-22
8033,Conférence,Hôtel-de-Ville,2023-03-24,2023-03-25
8034,Compétition Sportive,Passy,2023-10-31,2023-11-02
8035,Salon,Élysée,2023-12-28,2023-12-29
8036,Conférence,Buttes-Montmartre,2023-05-19,2023-05-22
8037,Conférence,Élysée,2023-11-26,2023-11-28
8038,Salon,Gobelins,2023-05-08,2023-05-10
8039,Compétition Sportive,Reuilly,2023-12-22,2023-12-25
8040,Salon,Temple,2023-03-29,2023-03-30
8041,Concert,Hôtel-de-Ville,2023-09-28,2023-09-29
8042,Festival,Opéra,2023-01-29,2023-02-02
8043,Compétition Sportive,Observatoire,2023-08-19,2023-08-21
8044,Conférence,Buttes-Montmartre,2023-06-04,2023-06-08
8045,Concert,Popincourt,2023-10-03,2023-10-06
8046,Compétition Sportive,Hôtel-de-Ville,2023-01-14,2023-01-16
8047,Festival,Temple,2023-02-06,2023-02-07
8048,Conférence,Luxembourg,2023-12-23,2023-12-24
8049,Salon,Ménilmontant,2023-08-04,2023-08-05
8050,Festival,Luxembourg,2023-02-18,2023-02-21
8051,Compétition Sportive,Palais-Bourbon,2023-08-23,2023-08-26
8052,Conférence,Luxembourg,2023-09-07,2023-09-11
8053,Compétition Sportive,Temple,2023-01-15,2023-01-18
8054,Festival,Élysée,2023-01-05,2023-01-08
8055,Conférence,Louvre,2023-04-07,2023-04-11
8056,Festival,Louvre,2023-08-19,2023-08-21
8057,Compétition Sportive,Ménilmontant,2023-10-28,2023-11-01
8058,Conférence,Louvre,2023-10-30,2023-10-31
8059,Conférence,Reuilly,2023-10-17,2023-10-18
8060,Conférence,Ménilmontant,2023-05-16,2023-05-18
8061,Compétition Sportive,Batignolles-Monceau,2023-08-26,2023-08-28
8062,Concert,Entrepôt,2023-02-23,2023-02-25
8063,Compétition Sportive,Buttes-Montmartre,2023-03-28,2023-03-30
8064,Salon,Panthéon,2023-08-16,2023-08-18
8065,Concert,Temple,2023-03-01,2023-03-04
8066,Compétition Sportive,Ménilmontant,2023-10-20,2023-10-22
8067,Salon,Vaugirard,2023-10-01,2023-10-04
8068,Festival,Batignolles-Monceau,2023-01-10,2023-01-14
8069,Salon,Entrepôt,2023-09-08,2023-09-12
8070,Conférence,Popincourt,2023-03-09,2023-03-11
8071,Concert,Passy,2023-07-18,2023-07-20
8072,Compétition Sportive,Opéra,2023-03-27,2023-03-31
8073,Compétition Sportive,Entrepôt,2023-12-29,2024-01-01
8074,Conférence,Hôtel-de-Ville,2023-11-28,2023-11-30
8075,Concert,Luxembourg,2023-10-30,2023-11-01
8076,Concert,Observatoire,2023-02-06,2023-02-08
8077,Conférence,Gobelins,2023-07-19,2023-07-23
8078,Concert,Temple,2023-02-12,2023-02-14
8079,Conférence,Batignolles-Monceau,2023-07-29,2023-08-02
8080,Salon,Temple,2023-10-08,2023-10-10
8081,Conférence,Buttes-Chaumont,2023-08-30,2023-09-03
8082,Compétition Sportive,Opéra,2023-12-09,2023-12-12
8083,Festival,Vaugirard,2023-05-26,2023-05-28
8084,Salon,Observatoire,2023-09-09,2023-09-12
8085,Compétition Sportive,Entrepôt,2023-10-29,2023-11-02
8086,Salon,Entrepôt,2023-07-22,2023-07-26
8087,Compétition Sportive,Ménilmontant,2023-06-16,2023-06-18
8088,Concert,Observatoire,2023-11-30,2023-12-03
8089,Conférence,Temple,2023-09-11,2023-09-15
8090,Compétition Sportive,Buttes-Chaumont,2023-12-08,2023-12-11
8091,Compétition Sportive,Reuilly,2023-08-25,2023-08-29
8092,Concert,Entrepôt,2023-07-02,2023-07-05
8093,Festival,Élysée,2023-12-01,2023-12-05
8094,Festival,Reuilly,2023-09-18,2023-09-22
8095,Conférence,Passy,2023-04-23,2023-04-26
8096,Concert,Élysée,2023-06-27,2023-06-28
8097,Salon,Entrepôt,2023-10-25,2023-10-26
8098,Compétition Sportive,Panthéon,2023-06-11,2023-06-13
8099,Conférence,Ménilmontant,2023-11-05,2023-11-07
8100,Festival,Vaugirard,2023-01-21,2023-01-22
8101,Salon,Luxembourg,2023-10-28,2023-11-01
8102,Concert,Observatoire,2023-03-01,2023-03-05
8103,Compétition Sportive,Élysée,2023-01-19,2023-01-20
8104,Compétition Sportive,Observatoire,2023-10-18,2023-10-21
8105,Festival,Bourse,2023-12-04,2023-12-07
8106,Festival,Hôtel-de-Ville,2023-09-06,2023-09-10
8107,Conférence,Reuilly,2023-01-14,2023-01-17
8108,Compétition Sportive,Temple,2023-03-27,2023-03-30
8109,Compétition Sportive,Buttes-Montmartre,2023-04-13,2023-04-15
8110,Compétition Sportive,Vaugirard,2023-08-10,2023-08-13
8111,Compétition Sportive,Palais-Bourbon,2023-09-25,2023-09-27
8112,Salon,Gobelins,2023-06-26,2023-06-27
8113,Concert,Observatoire,2023-07-23,2023-07-24
8114,Salon,Popincourt,2023-01-03,2023-01-07
8115,Concert,Entrepôt,2023-04-29,2023-05-02
8116,Salon,Bourse,2023-04-14,2023-04-18
8117,Conférence,Bourse,2023-12-18,2023-12-21
8118,Concert,Popincourt,2023-06-04,2023-06-08
8119,Compétition Sportive,Batignolles-Monceau,2023-08-08,2023-08-12
8120,Concert,Luxembourg,2023-06-02,2023-06-04
8121,Compétition Sportive,Batignolles-Monceau,2023-08-28,2023-08-30
8122,Conférence,Gobelins,2023-01-27,2023-01-30
8123,Concert,Batignolles-Monceau,2023-09-28,2023-09-29
8124,Festival,Temple,2023-06-07,2023-06-11
8125,Compétition Sportive,Bourse,2023-07-22,2023-07-26
8126,Concert,Batignolles-Monceau,2023-07-06,2023-07-09
8127,Salon,Bourse,2023-06-30,2023-07-01
8128,Concert,Observatoire,2023-03-19,2023-03-20
8129,Compétition Sportive,Bourse,2023-10-28,2023-11-01
8130,Festival,Batignolles-Monceau,2023-12-14,2023-12-17
8131,Festival,Palais-Bourbon,2023-07-19,2023-07-22
8132,Salon,Opéra,2023-09-24,2023-09-28
8133,Conférence,Vaugirard,2023-03-19,2023-03-20
8134,Festival,Popincourt,2023-06-28,2023-06-30
8135,Conférence,Temple,2023-04-21,2023-04-23
8136,Compétition Sportive,Hôtel-de-Ville,2023-08-02,2023-08-04
8137,Concert,Entrepôt,2023-07-21,2023-07-25
8138,Conférence,Élysée,2023-08-16,2023-08-17
8139,Compétition Sportive,Observatoire,2023-01-24,2023-01-25
8140,Compétition Sportive,Observatoire,2023-05-14,2023-05-16
8141,Compétition Sportive,Popincourt,2023-02-02,2023-02-05
8142,Salon,Bourse,2023-11-12,2023-11-15
8143,Salon,Bourse,2023-01-11,2023-01-15
8144,Conférence,Batignolles-Monceau,2023-04-25,2023-04-28
8145,Compétition Sportive,Opéra,2023-10-18,2023-10-19
8146,Conférence,Temple,2023-03-06,2023-03-07
8147,Festival,Reuilly,2023-12-28,2024-01-01
8148,Conférence,Bourse,2023-12-12,2023-12-15
8149,Concert,Reuilly,2023-07-25,2023-07-26
8150,Compétition Sportive,Opéra,2023-03-07,2023-03-11
8151,Conférence,Élysée,2023-05-13,2023-05-16
8152,Salon,Panthéon,2023-06-16,2023-06-18
8153,Concert,Hôtel-de-Ville,2023-03-20,2023-03-24
8154,Conférence,Entrepôt,2023-08-09,2023-08-11
8155,Conférence,Panthéon,2023-06-15,2023-06-19
8156,Conférence,Panthéon,2023-09-27,2023-09-30
8157,Salon,Panthéon,2023-01-23,2023-01-27
8158,Conférence,Hôtel-de-Ville,2023-03-13,2023-03-14
8159,Festival,Passy,2023-07-31,2023-08-02
8160,Festival,Buttes-Montmartre,2023-06-15,2023-06-18
8161,Festival,Opéra,2023-10-30,2023-11-01
8162,Conférence,Hôtel-de-Ville,2023-03-05,2023-03-09
8163,Concert,Élysée,2023-08-18,2023-08-22
8164,Salon,Reuilly,2023-09-14,2023-09-18
8165,Festival,Passy,2023-10-25,2023-10-29
8166,Festival,Luxembourg,2023-11-20,2023-11-24
8167,Concert,Temple,2023-08-02,2023-08-06
8168,Festival,Reuilly,2023-07-23,2023-07-24
8169,Salon,Batignolles-Monceau,2023-01-25,2023-01-27
8170,Concert,Popincourt,2023-04-26,2023-04-30
8171,Compétition Sportive,Popincourt,2023-07-04,2023-07-06
8172,Salon,Gobelins,2023-06-29,2023-07-02
8173,Salon,Opéra,2023-03-24,2023-03-26
8174,Conférence,Passy,2023-08-27,2023-08-29
8175,Compétition Sportive,Louvre,2023-05-31,2023-06-01
8176,Compétition Sportive,Vaugirard,2023-09-09,2023-09-10
8177,Concert,Passy,2023-04-28,2023-04-30
8178,Festival,Popincourt,2023-05-18,2023-05-20
8179,Compétition Sportive,Entrepôt,2023-12-30,2024-01-02
8180,Concert,Ménilmontant,2023-06-13,2023-06-15
8181,Compétition Sportive,Buttes-Montmartre,2023-05-11,2023-05-14
8182,Salon,Entrepôt,2023-03-13,2023-03-14
8183,Compétition Sportive,Vaugirard,2023-11-29,2023-11-30
8184,Festival,Panthéon,2023-06-25,2023-06-27
8185,Concert,Ménilmontant,2023-04-22,2023-04-25
8186,Festival,Panthéon,2023-03-07,2023-03-10
8187,Conférence,Palais-Bourbon,2023-05-11,2023-05-13
8188,Festival,Panthéon,2023-03-04,2023-03-07
8189,Festival,Batignolles-Monceau,2023-01-15,2023-01-17
8190,Concert,Bourse,2023-05-10,2023-05-11
8191,Salon,Temple,2023-05-25,2023-05-29
8192,Compétition Sportive,Louvre,2023-09-24,2023-09-28
8193,Compétition Sportive,Passy,2023-09-18,2023-09-20
8194,Concert,Gobelins,2023-11-22,2023-11-26
8195,Concert,Bourse,2023-11-19,2023-11-20
8196,Salon,Panthéon,2023-10-06,2023-10-07
8197,Salon,Louvre,2023-04-06,2023-04-07
8198,Conférence,Entrepôt,2023-03-04,2023-03-07
8199,Compétition Sportive,Gobelins,2023-08-27,2023-08-30
8200,Compétition Sportive,Bourse,2023-01-29,2023-01-31
8201,Conférence,Élysée,2023-05-25,2023-05-28
8202,Concert,Vaugirard,2023-06-12,2023-06-16
8203,Compétition Sportive,Passy,2023-06-25,2023-06-29
8204,Festival,Vaugirard,2023-12-07,2023-12-10
8205,Concert,Batignolles-Monceau,2023-03-28,2023-03-31
8206,Concert,Temple,2023-10-31,2023-11-01
8207,Salon,Buttes-Chaumont,2023-11-05,2023-11-06
8208,Conférence,Buttes-Chaumont,2023-04-27,2023-04-28
8209,Concert,Observatoire,2023-07-22,2023-07-23
8210,Salon,Temple,2023-09-14,2023-09-15
8211,Festival,Passy,2023-05-15,2023-05-19
8212,Festival,Élysée,2023-08-21,2023-08-24
8213,Compétition Sportive,Bourse,2023-03-18,2023-03-20
8214,Conférence,Vaugirard,2023-03-25,2023-03-28
8215,Conférence,Luxembourg,2023-07-17,2023-07-21
8216,Salon,Passy,2023-10-13,2023-10-15
8217,Compétition Sportive,Luxembourg,2023-03-11,2023-03-15
8218,Conférence,Batignolles-Monceau,2023-04-08,2023-04-09
8219,Compétition Sportive,Popincourt,2023-04-09,2023-04-11
8220,Salon,Louvre,2023-03-25,2023-03-29
8221,Compétition Sportive,Vaugirard,2023-06-15,2023-06-18
8222,Concert,Passy,2023-06-07,2023-06-11
8223,Concert,Popincourt,2023-04-07,2023-04-11
8224,Concert,Louvre,2023-11-06,2023-11-09
8225,Concert,Passy,2023-12-10,2023-12-13
8226,Festival,Popincourt,2023-04-14,2023-04-15
8227,Festival,Élysée,2023-09-29,2023-10-02
8228,Conférence,Panthéon,2023-10-10,2023-10-13
8229,Festival,Bourse,2023-04-10,2023-04-11
8230,Compétition Sportive,Reuilly,2023-10-05,2023-10-09
8231,Compétition Sportive,Palais-Bourbon,2023-02-15,2023-02-19
8232,Festival,Bourse,2023-06-10,2023-06-13
8233,Compétition Sportive,Buttes-Montmartre,2023-04-10,2023-04-11
8234,Conférence,Luxembourg,2023-11-09,2023-11-13
8235,Salon,Buttes-Montmartre,2023-11-22,2023-11-26
8236,Festival,Reuilly,2023-07-15,2023-07-19
8237,Concert,Élysée,2023-10-03,2023-10-07
8238,Compétition Sportive,Ménilmontant,2023-01-04,2023-01-07
8239,Compétition Sportive,Opéra,2023-01-10,2023-01-14
8240,Salon,Ménilmontant,2023-09-20,2023-09-21
8241,Conférence,Hôtel-de-Ville,2023-11-09,2023-11-10
8242,Compétition Sportive,Reuilly,2023-11-07,2023-11-10
8243,Concert,Reuilly,2023-06-08,2023-06-10
8244,Salon,Entrepôt,2023-11-16,2023-11-20
8245,Compétition Sportive,Ménilmontant,2023-04-01,2023-04-04
8246,Concert,Entrepôt,2023-01-13,2023-01-15
8247,Compétition Sportive,Vaugirard,2023-03-16,2023-03-19
8248,Concert,Gobelins,2023-11-25,2023-11-28
8249,Salon,Buttes-Chaumont,2023-07-08,2023-07-10
8250,Conférence,Palais-Bourbon,2023-01-10,2023-01-11
8251,Festival,Opéra,2023-06-01,2023-06-03
8252,Festival,Buttes-Montmartre,2023-12-21,2023-12-25
8253,Conférence,Popincourt,2023-11-27,2023-11-29
8254,Compétition Sportive,Hôtel-de-Ville,2023-04-26,2023-04-30
8255,Salon,Palais-Bourbon,2023-05-09,2023-05-13
8256,Concert,Élysée,2023-01-05,2023-01-06
8257,Salon,Entrepôt,2023-01-07,2023-01-10
8258,Conférence,Élysée,2023-08-30,2023-09-01
8259,Compétition Sportive,Popincourt,2023-04-11,2023-04-15
8260,Compétition Sportive,Entrepôt,2023-08-18,2023-08-20
8261,Conférence,Buttes-Chaumont,2023-09-14,2023-09-16
8262,Salon,Passy,2023-10-15,2023-10-19
8263,Festival,Élysée,2023-05-25,2023-05-29
8264,Salon,Observatoire,2023-10-01,2023-10-04
8265,Compétition Sportive,Panthéon,2023-03-09,2023-03-11
8266,Compétition Sportive,Temple,2023-02-18,2023-02-22
8267,Conférence,Louvre,2023-09-26,2023-09-29
8268,Salon,Ménilmontant,2023-03-10,2023-03-12
8269,Festival,Louvre,2023-11-20,2023-11-22
8270,Salon,Bourse,2023-03-28,2023-04-01
8271,Compétition Sportive,Panthéon,2023-05-13,2023-05-14
8272,Salon,Temple,2023-03-18,2023-03-22
8273,Compétition Sportive,Buttes-Chaumont,2023-03-03,2023-03-05
8274,Compétition Sportive,Luxembourg,2023-03-14,2023-03-15
8275,Concert,Hôtel-de-Ville,2023-03-09,2023-03-13
8276,Festival,Buttes-Montmartre,2023-08-06,2023-08-07
8277,Conférence,Observatoire,2023-03-19,2023-03-22
8278,Festival,Panthéon,2023-09-03,2023-09-07
8279,Salon,Ménilmontant,2023-09-15,2023-09-17
8280,Concert,Panthéon,2023-04-05,2023-04-07
8281,Compétition Sportive,Buttes-Montmartre,2023-06-27,2023-06-28
8282,Festival,Observatoire,2023-11-03,2023-11-04
8283,Compétition Sportive,Opéra,2023-01-02,2023-01-05
8284,Compétition Sportive,Luxembourg,2023-11-16,2023-11-20
8285,Concert,Ménilmontant,2023-06-21,2023-06-24
8286,Festival,Batignolles-Monceau,2023-02-21,2023-02-22
8287,Concert,Bourse,2023-02-06,2023-02-08
8288,Compétition Sportive,Passy,2023-03-07,2023-03-10
8289,Festival,Temple,2023-04-02,2023-04-06
8290,Compétition Sportive,Louvre,2023-07-03,2023-07-05
8291,Compétition Sportive,Palais-Bourbon,2023-10-06,2023-10-10
8292,Festival,Vaugirard,2023-07-18,2023-07-19
8293,Conférence,Passy,2023-06-16,2023-06-17
8294,Concert,Louvre,2023-08-20,2023-08-24
8295,Salon,Élysée,2023-03-27,2023-03-31
8296,Compétition Sportive,Ménilmontant,2023-11-12,2023-11-13
8297,Concert,Louvre,2023-11-08,2023-11-11
8298,Concert,Palais-Bourbon,2023-12-20,2023-12-23
8299,Festival,Reuilly,2023-09-17,2023-09-21
8300,Festival,Panthéon,2023-02-10,2023-02-14
8301,Festival,Panthéon,2023-04-09,2023-04-10
8302,Concert,Palais-Bourbon,2023-06-08,2023-06-12
8303,Festival,Gobelins,2023-08-23,2023-08-27
8304,Salon,Temple,2023-02-01,2023-02-03
8305,Concert,Batignolles-Monceau,2023-02-12,2023-02-16
8306,Festival,Reuilly,2023-09-19,2023-09-23
8307,Compétition Sportive,Opéra,2023-04-02,2023-04-06
8308,Concert,Élysée,2023-07-28,2023-07-31
8309,Conférence,Louvre,2023-09-24,2023-09-25
8310,Conférence,Élysée,2023-06-18,2023-06-19
8311,Concert,Opéra,2023-10-10,2023-10-12
8312,Concert,Observatoire,2023-07-08,2023-07-11
8313,Conférence,Élysée,2023-03-17,2023-03-20
8314,Compétition Sportive,Buttes-Montmartre,2023-01-13,2023-01-14
8315,Compétition Sportive,Ménilmontant,2023-12-17,2023-12-21
8316,Compétition Sportive,Batignolles-Monceau,2023-02-04,2023-02-05
8317,Salon,Hôtel-de-Ville,2023-01-25,2023-01-29
8318,Salon,Louvre,2023-10-19,2023-10-23
8319,Compétition Sportive,Panthéon,2023-05-29,2023-06-01
8320,Conférence,Palais-Bourbon,2023-04-22,2023-04-23
8321,Salon,Hôtel-de-Ville,2023-11-07,2023-11-09
8322,Festival,Ménilmontant,2023-02-05,2023-02-06
8323,Salon,Élysée,2023-06-04,2023-06-06
8324,Conférence,Ménilmontant,2023-07-21,2023-07-24
8325,Conférence,Observatoire,2023-01-26,2023-01-30
8326,Concert,Élysée,2023-06-22,2023-06-23
8327,Conférence,Gobelins,2023-01-08,2023-01-11
8328,Compétition Sportive,Gobelins,2023-11-27,2023-11-30
8329,Conférence,Élysée,2023-05-05,2023-05-09
8330,Salon,Buttes-Montmartre,2023-08-27,2023-08-29
8331,Salon,Buttes-Montmartre,2023-07-24,2023-07-28
8332,Salon,Luxembourg,2023-06-18,2023-06-19
8333,Conférence,Gobelins,2023-03-24,2023-03-27
8334,Compétition Sportive,Vaugirard,2023-03-24,2023-03-28
8335,Compétition Sportive,Ménilmontant,2023-03-15,2023-03-17
8336,Concert,Élysée,2023-10-11,2023-10-13
8337,Festival,Louvre,2023-06-02,2023-06-04
8338,Compétition Sportive,Panthéon,2023-12-01,2023-12-04
8339,Salon,Palais-Bourbon,2023-06-12,2023-06-16
8340,Concert,Panthéon,2023-12-02,2023-12-05
8341,Compétition Sportive,Reuilly,2023-02-06,2023-02-08
8342,Compétition Sportive,Louvre,2023-06-04,2023-06-08
8343,Festival,Batignolles-Monceau,2023-09-18,2023-09-19
8344,Festival,Louvre,2023-03-29,2023-03-31
8345,Festival,Batignolles-Monceau,2023-07-13,2023-07-17
8346,Compétition Sportive,Panthéon,2023-12-26,2023-12-29
8347,Compétition Sportive,Élysée,2023-09-02,2023-09-03
8348,Salon,Louvre,2023-02-26,2023-03-02
8349,Conférence,Observatoire,2023-07-08,2023-07-12
8350,Festival,Popincourt,2023-05-07,2023-05-09
8351,Salon,Batignolles-Monceau,2023-11-12,2023-11-16
8352,Salon,Gobelins,2023-02-01,2023-02-04
8353,Concert,Popincourt,2023-12-31,2024-01-03
8354,Salon,Temple,2023-12-31,2024-01-02
8355,Festival,Ménilmontant,2023-10-27,2023-10-28
8356,Conférence,Vaugirard,2023-08-03,2023-08-04
8357,Salon,Opéra,2023-12-12,2023-12-16
8358,Compétition Sportive,Vaugirard,2023-05-02,2023-05-04
8359,Compétition Sportive,Luxembourg,2023-11-21,2023-11-24
8360,Salon,Buttes-Chaumont,2023-07-08,2023-07-10
8361,Festival,Reuilly,2023-11-23,2023-11-27
8362,Conférence,Passy,2023-06-11,2023-06-14
8363,Conférence,Reuilly,2023-08-30,2023-09-03
8364,Festival,Ménilmontant,2023-04-30,2023-05-03
8365,Compétition Sportive,Luxembourg,2023-03-27,2023-03-30
8366,Compétition Sportive,Reuilly,2023-10-04,2023-10-07
8367,Concert,Temple,2023-02-21,2023-02-23
8368,Salon,Batignolles-Monceau,2023-04-30,2023-05-03
8369,Salon,Luxembourg,2023-02-08,2023-02-09
8370,Compétition Sportive,Palais-Bourbon,2023-10-28,2023-10-29
8371,Salon,Opéra,2023-12-11,2023-12-15
8372,Festival,Opéra,2023-06-20,2023-06-24
8373,Conférence,Luxembourg,2023-12-05,2023-12-07
8374,Concert,Panthéon,2023-07-18,2023-07-21
8375,Festival,Buttes-Montmartre,2023-07-13,2023-07-16
8376,Festival,Ménilmontant,2023-04-18,2023-04-21
8377,Festival,Passy,2023-05-12,2023-05-14
8378,Salon,Vaugirard,2023-09-01,2023-09-02
8379,Conférence,Panthéon,2023-04-21,2023-04-24
8380,Concert,Ménilmontant,2023-03-01,2023-03-05
8381,Compétition Sportive,Opéra,2023-11-02,2023-11-03
8382,Festival,Palais-Bourbon,2023-12-09,2023-12-12
8383,Festival,Reuilly,2023-10-30,2023-11-02
8384,Festival,Observatoire,2023-01-17,2023-01-18
8385,Compétition Sportive,Panthéon,2023-12-08,2023-12-10
8386,Salon,Entrepôt,2023-06-12,2023-06-15
8387,Salon,Palais-Bourbon,2023-01-08,2023-01-10
8388,Conférence,Buttes-Chaumont,2023-02-25,2023-03-01
8389,Salon,Ménilmontant,2023-07-07,2023-07-10
8390,Salon,Gobelins,2023-07-02,2023-07-05
8391,Concert,Buttes-Chaumont,2023-09-20,2023-09-23
8392,Concert,Batignolles-Monceau,2023-03-06,2023-03-09
8393,Salon,Palais-Bourbon,2023-10-08,2023-10-10
8394,Concert,Panthéon,2023-01-24,2023-01-26
8395,Conférence,Observatoire,2023-04-24,2023-04-25
8396,Salon,Palais-Bourbon,2023-04-07,2023-04-09
8397,Concert,Ménilmontant,2023-04-06,2023-04-08
8398,Compétition Sportive,Entrepôt,2023-12-15,2023-12-19
8399,Concert,Gobelins,2023-03-06,2023-03-07
8400,Concert,Hôtel-de-Ville,2023-10-30,2023-11-03
8401,Compétition Sportive,Élysée,2023-05-16,2023-05-17
8402,Conférence,Batignolles-Monceau,2023-06-22,2023-06-25
8403,Compétition Sportive,Reuilly,2023-01-31,2023-02-04
8404,Conférence,Ménilmontant,2023-11-09,2023-11-10
8405,Compétition Sportive,Vaugirard,2023-05-15,2023-05-17
8406,Conférence,Élysée,2023-06-08,2023-06-12
8407,Conférence,Hôtel-de-Ville,2023-04-19,2023-04-20
8408,Festival,Observatoire,2023-08-30,2023-09-03
8409,Festival,Batignolles-Monceau,2023-07-07,2023-07-10
8410,Concert,Popincourt,2023-07-03,2023-07-05
8411,Compétition Sportive,Observatoire,2023-06-09,2023-06-12
8412,Conférence,Luxembourg,2023-04-04,2023-04-06
8413,Festival,Buttes-Montmartre,2023-11-13,2023-11-14
8414,Concert,Bourse,2023-07-08,2023-07-09
8415,Concert,Ménilmontant,2023-03-17,2023-03-18
8416,Concert,Observatoire,2023-12-21,2023-12-22
8417,Festival,Vaugirard,2023-09-23,2023-09-27
8418,Salon,Buttes-Montmartre,2023-03-10,2023-03-11
8419,Concert,Buttes-Montmartre,2023-03-28,2023-03-30
8420,Salon,Louvre,2023-11-25,2023-11-28
8421,Salon,Bourse,2023-04-07,2023-04-11
8422,Salon,Passy,2023-09-11,2023-09-14
8423,Concert,Vaugirard,2023-10-20,2023-10-23
8424,Conférence,Reuilly,2023-12-19,2023-12-23
8425,Salon,Hôtel-de-Ville,2023-01-02,2023-01-05
8426,Festival,Vaugirard,2023-10-25,2023-10-26
8427,Festival,Panthéon,2023-07-15,2023-07-18
8428,Salon,Hôtel-de-Ville,2023-12-16,2023-12-19
8429,Salon,Gobelins,2023-05-18,2023-05-20
8430,Salon,Luxembourg,2023-01-31,2023-02-04
8431,Festival,Buttes-Chaumont,2023-07-26,2023-07-30
8432,Compétition Sportive,Hôtel-de-Ville,2023-01-06,2023-01-08
8433,Conférence,Temple,2023-03-06,2023-03-07
8434,Compétition Sportive,Gobelins,2023-09-06,2023-09-08
8435,Festival,Gobelins,2023-07-21,2023-07-22
8436,Festival,Passy,2023-03-22,2023-03-25
8437,Concert,Luxembourg,2023-12-02,2023-12-05
8438,Compétition Sportive,Entrepôt,2023-12-02,2023-12-03
8439,Salon,Batignolles-Monceau,2023-12-21,2023-12-24
8440,Salon,Luxembourg,2023-02-28,2023-03-01
8441,Festival,Popincourt,2023-08-08,2023-08-10
8442,Concert,Palais-Bourbon,2023-08-31,2023-09-02
8443,Compétition Sportive,Hôtel-de-Ville,2023-05-21,2023-05-24
8444,Concert,Temple,2023-09-19,2023-09-23
8445,Conférence,Passy,2023-07-06,2023-07-08
8446,Concert,Batignolles-Monceau,2023-08-19,2023-08-23
8447,Conférence,Palais-Bourbon,2023-03-31,2023-04-04
8448,Compétition Sportive,Popincourt,2023-12-30,2023-12-31
8449,Salon,Batignolles-Monceau,2023-09-03,2023-09-05
8450,Conférence,Gobelins,2023-11-18,2023-11-21
8451,Salon,Palais-Bourbon,2023-12-08,2023-12-11
8452,Concert,Popincourt,2023-02-11,2023-02-12
8453,Concert,Temple,2023-05-25,2023-05-29
8454,Compétition Sportive,Palais-Bourbon,2023-01-23,2023-01-27
8455,Salon,Luxembourg,2023-05-23,2023-05-25
8456,Compétition Sportive,Opéra,2023-02-25,2023-02-27
8457,Conférence,Batignolles-Monceau,2023-08-10,2023-08-11
8458,Concert,Passy,2023-03-06,2023-03-07
8459,Concert,Vaugirard,2023-12-27,2023-12-28
8460,Concert,Passy,2023-12-02,2023-12-05
8461,Concert,Passy,2023-08-05,2023-08-09
8462,Concert,Observatoire,2023-04-22,2023-04-25
8463,Conférence,Luxembourg,2023-09-07,2023-09-08
8464,Conférence,Opéra,2023-03-28,2023-03-30
8465,Compétition Sportive,Palais-Bourbon,2023-10-17,2023-10-18
8466,Festival,Palais-Bourbon,2023-12-23,2023-12-27
8467,Concert,Gobelins,2023-04-22,2023-04-23
8468,Concert,Popincourt,2023-08-29,2023-08-30
8469,Festival,Gobelins,2023-09-25,2023-09-26
8470,Compétition Sportive,Hôtel-de-Ville,2023-03-28,2023-03-31
8471,Conférence,Opéra,2023-03-13,2023-03-16
8472,Concert,Palais-Bourbon,2023-08-15,2023-08-17
8473,Compétition Sportive,Batignolles-Monceau,2023-05-08,2023-05-11
8474,Festival,Batignolles-Monceau,2023-03-21,2023-03-25
8475,Conférence,Élysée,2023-03-25,2023-03-26
8476,Conférence,Luxembourg,2023-01-28,2023-01-29
8477,Compétition Sportive,Temple,2023-11-02,2023-11-03
8478,Salon,Hôtel-de-Ville,2023-05-18,2023-05-20
8479,Salon,Bourse,2023-12-17,2023-12-20
8480,Salon,Popincourt,2023-01-11,2023-01-12
8481,Festival,Buttes-Chaumont,2023-06-24,2023-06-25
8482,Salon,Buttes-Montmartre,2023-05-16,2023-05-17
8483,Compétition Sportive,Hôtel-de-Ville,2023-01-31,2023-02-02
8484,Conférence,Élysée,2023-12-23,2023-12-27
8485,Compétition Sportive,Opéra,2023-06-14,2023-06-17
8486,Compétition Sportive,Batignolles-Monceau,2023-06-10,2023-06-12
8487,Concert,Vaugirard,2023-05-17,2023-05-20
8488,Festival,Passy,2023-06-23,2023-06-27
8489,Conférence,Palais-Bourbon,2023-09-26,2023-09-27
8490,Concert,Panthéon,2023-09-01,2023-09-05
8491,Festival,Palais-Bourbon,2023-02-21,2023-02-23
8492,Conférence,Panthéon,2023-07-08,2023-07-12
8493,Concert,Élysée,2023-01-10,2023-01-12
8494,Salon,Temple,2023-06-19,2023-06-21
8495,Compétition Sportive,Buttes-Montmartre,2023-06-14,2023-06-17
8496,Salon,Entrepôt,2023-01-15,2023-01-19
8497,Conférence,Reuilly,2023-12-28,2023-12-30
8498,Concert,Buttes-Chaumont,2023-06-05,2023-06-09
8499,Concert,Louvre,2023-06-14,2023-06-16
8500,Concert,Louvre,2023-07-12,2023-07-13
8501,Compétition Sportive,Vaugirard,2023-11-11,2023-11-15
8502,Concert,Hôtel-de-Ville,2023-02-25,2023-02-27
8503,Festival,Batignolles-Monceau,2023-10-13,2023-10-14
8504,Festival,Temple,2023-09-01,2023-09-05
8505,Festival,Reuilly,2023-03-05,2023-03-06
8506,Salon,Bourse,2023-11-19,2023-11-21
8507,Conférence,Reuilly,2023-10-03,2023-10-04
8508,Salon,Buttes-Montmartre,2023-09-03,2023-09-06
8509,Salon,Buttes-Chaumont,2023-04-09,2023-04-12
8510,Compétition Sportive,Louvre,2023-10-10,2023-10-13
8511,Salon,Panthéon,2023-05-20,2023-05-24
8512,Compétition Sportive,Louvre,2023-04-19,2023-04-23
8513,Festival,Buttes-Chaumont,2023-08-31,2023-09-01
8514,Festival,Palais-Bourbon,2023-02-10,2023-02-14
8515,Salon,Gobelins,2023-07-27,2023-07-31
8516,Salon,Buttes-Montmartre,2023-08-12,2023-08-15
8517,Festival,Bourse,2023-02-20,2023-02-24
8518,Concert,Hôtel-de-Ville,2023-12-19,2023-12-22
8519,Festival,Vaugirard,2023-03-21,2023-03-22
8520,Concert,Luxembourg,2023-01-29,2023-01-31
8521,Festival,Passy,2023-12-13,2023-12-14
8522,Conférence,Hôtel-de-Ville,2023-08-11,2023-08-12
8523,Compétition Sportive,Panthéon,2023-02-20,2023-02-22
8524,Compétition Sportive,Ménilmontant,2023-11-11,2023-11-14
8525,Conférence,Vaugirard,2023-03-29,2023-04-02
8526,Concert,Passy,2023-06-08,2023-06-11
8527,Salon,Entrepôt,2023-05-17,2023-05-21
8528,Salon,Panthéon,2023-04-19,2023-04-20
8529,Compétition Sportive,Ménilmontant,2023-10-13,2023-10-16
8530,Salon,Popincourt,2023-03-31,2023-04-01
8531,Concert,Popincourt,2023-10-23,2023-10-24
8532,Salon,Gobelins,2023-01-07,2023-01-11
8533,Festival,Luxembourg,2023-05-19,2023-05-22
8534,Conférence,Palais-Bourbon,2023-01-03,2023-01-04
8535,Compétition Sportive,Reuilly,2023-09-10,2023-09-14
8536,Salon,Hôtel-de-Ville,2023-08-13,2023-08-16
8537,Concert,Reuilly,2023-01-20,2023-01-22
8538,Salon,Louvre,2023-09-18,2023-09-19
8539,Conférence,Passy,2023-06-11,2023-06-14
8540,Festival,Ménilmontant,2023-05-22,2023-05-24
8541,Compétition Sportive,Buttes-Montmartre,2023-02-14,2023-02-15
8542,Compétition Sportive,Louvre,2023-11-05,2023-11-07
8543,Concert,Vaugirard,2023-10-07,2023-10-08
8544,Festival,Buttes-Chaumont,2023-08-10,2023-08-13
8545,Salon,Buttes-Chaumont,2023-07-10,2023-07-12
8546,Salon,Buttes-Chaumont,2023-01-09,2023-01-11
8547,Concert,Panthéon,2023-07-10,2023-07-12
8548,Festival,Hôtel-de-Ville,2023-11-08,2023-11-11
8549,Concert,Temple,2023-11-29,2023-11-30
8550,Conférence,Louvre,2023-11-29,2023-12-02
8551,Conférence,Passy,2023-07-18,2023-07-20
8552,Salon,Entrepôt,2023-07-22,2023-07-24
8553,Conférence,Observatoire,2023-05-08,2023-05-10
8554,Concert,Élysée,2023-04-23,2023-04-27
8555,Compétition Sportive,Palais-Bourbon,2023-02-11,2023-02-14
8556,Conférence,Temple,2023-01-01,2023-01-03
8557,Concert,Buttes-Chaumont,2023-03-05,2023-03-06
8558,Compétition Sportive,Vaugirard,2023-08-08,2023-08-09
8559,Compétition Sportive,Palais-Bourbon,2023-03-13,2023-03-16
8560,Conférence,Temple,2023-01-15,2023-01-16
8561,Festival,Opéra,2023-11-21,2023-11-24
8562,Conférence,Entrepôt,2023-10-28,2023-10-31
8563,Conférence,Buttes-Montmartre,2023-03-30,2023-04-01
8564,Festival,Popincourt,2023-03-21,2023-03-24
8565,Conférence,Observatoire,2023-06-17,2023-06-19
8566,Concert,Popincourt,2023-04-01,2023-04-02
8567,Festival,Élysée,2023-03-04,2023-03-05
8568,Concert,Opéra,2023-12-15,2023-12-17
8569,Compétition Sportive,Opéra,2023-06-29,2023-07-01
8570,Festival,Panthéon,2023-09-20,2023-09-21
8571,Compétition Sportive,Buttes-Montmartre,2023-08-04,2023-08-07
8572,Salon,Opéra,2023-11-07,2023-11-11
8573,Salon,Élysée,2023-02-16,2023-02-18
8574,Concert,Reuilly,2023-12-19,2023-12-21
8575,Compétition Sportive,Vaugirard,2023-06-15,2023-06-19
8576,Compétition Sportive,Buttes-Chaumont,2023-12-26,2023-12-28
8577,Festival,Entrepôt,2023-10-26,2023-10-29
8578,Salon,Entrepôt,2023-07-17,2023-07-20
8579,Concert,Luxembourg,2023-05-16,2023-05-20
8580,Concert,Élysée,2023-12-08,2023-12-12
8581,Festival,Passy,2023-06-27,2023-07-01
8582,Festival,Élysée,2023-03-19,2023-03-21
8583,Concert,Batignolles-Monceau,2023-05-21,2023-05-25
8584,Festival,Buttes-Montmartre,2023-11-02,2023-11-03
8585,Compétition Sportive,Palais-Bourbon,2023-04-06,2023-04-09
8586,Concert,Popincourt,2023-11-30,2023-12-02
8587,Conférence,Élysée,2023-06-12,2023-06-15
8588,Salon,Observatoire,2023-01-25,2023-01-26
8589,Salon,Luxembourg,2023-01-31,2023-02-04
8590,Conférence,Vaugirard,2023-09-04,2023-09-07
8591,Conférence,Popincourt,2023-02-18,2023-02-19
8592,Compétition Sportive,Louvre,2023-06-20,2023-06-24
8593,Concert,Vaugirard,2023-10-28,2023-11-01
8594,Festival,Entrepôt,2023-04-26,2023-04-30
8595,Salon,Louvre,2023-07-31,2023-08-03
8596,Conférence,Hôtel-de-Ville,2023-12-23,2023-12-25
8597,Concert,Buttes-Montmartre,2023-01-07,2023-01-09
8598,Festival,Buttes-Montmartre,2023-07-21,2023-07-23
8599,Salon,Panthéon,2023-05-14,2023-05-15
8600,Concert,Bourse,2023-08-05,2023-08-09
8601,Salon,Entrepôt,2023-11-02,2023-11-03
8602,Compétition Sportive,Batignolles-Monceau,2023-10-28,2023-10-31
8603,Salon,Palais-Bourbon,2023-07-01,2023-07-03
8604,Compétition Sportive,Ménilmontant,2023-05-04,2023-05-07
8605,Compétition Sportive,Popincourt,2023-05-25,2023-05-26
8606,Compétition Sportive,Palais-Bourbon,2023-12-08,2023-12-10
8607,Festival,Observatoire,2023-12-09,2023-12-12
8608,Festival,Batignolles-Monceau,2023-07-11,2023-07-14
8609,Compétition Sportive,Gobelins,2023-04-09,2023-04-12
8610,Concert,Popincourt,2023-04-30,2023-05-03
8611,Compétition Sportive,Luxembourg,2023-12-25,2023-12-26
8612,Concert,Buttes-Chaumont,2023-04-26,2023-04-27
8613,Salon,Louvre,2023-10-09,2023-10-13
8614,Festival,Reuilly,2023-09-20,2023-09-23
8615,Concert,Passy,2023-06-11,2023-06-12
8616,Concert,Observatoire,2023-01-05,2023-01-07
8617,Concert,Passy,2023-07-24,2023-07-26
8618,Conférence,Reuilly,2023-10-16,2023-10-20
8619,Festival,Batignolles-Monceau,2023-06-20,2023-06-23
8620,Conférence,Bourse,2023-10-16,2023-10-20
8621,Salon,Observatoire,2023-07-30,2023-08-01
8622,Concert,Buttes-Chaumont,2023-12-27,2023-12-29
8623,Festival,Popincourt,2023-07-08,2023-07-12
8624,Festival,Buttes-Montmartre,2023-05-26,2023-05-29
8625,Festival,Ménilmontant,2023-05-22,2023-05-23
8626,Concert,Reuilly,2023-06-08,2023-06-12
8627,Compétition Sportive,Temple,2023-03-22,2023-03-26
8628,Compétition Sportive,Entrepôt,2023-05-15,2023-05-19
8629,Compétition Sportive,Élysée,2023-12-07,2023-12-10
8630,Conférence,Passy,2023-03-12,2023-03-16
8631,Concert,Panthéon,2023-05-09,2023-05-12
8632,Salon,Buttes-Montmartre,2023-12-08,2023-12-09
8633,Conférence,Entrepôt,2023-10-05,2023-10-06
8634,Festival,Vaugirard,2023-03-28,2023-04-01
8635,Compétition Sportive,Louvre,2023-04-02,2023-04-03
8636,Festival,Reuilly,2023-07-10,2023-07-14
8637,Conférence,Louvre,2023-08-20,2023-08-22
8638,Compétition Sportive,Passy,2023-09-13,2023-09-14
8639,Concert,Bourse,2023-02-15,2023-02-17
8640,Compétition Sportive,Batignolles-Monceau,2023-02-26,2023-02-27
8641,Compétition Sportive,Entrepôt,2023-08-10,2023-08-14
8642,Compétition Sportive,Buttes-Montmartre,2023-06-22,2023-06-25
8643,Conférence,Ménilmontant,2023-07-21,2023-07-22
8644,Compétition Sportive,Panthéon,2023-11-28,2023-12-01
8645,Conférence,Opéra,2023-01-13,2023-01-17
8646,Festival,Entrepôt,2023-10-20,2023-10-24
8647,Concert,Buttes-Montmartre,2023-04-04,2023-04-07
8648,Compétition Sportive,Hôtel-de-Ville,2023-05-22,2023-05-23
8649,Conférence,Luxembourg,2023-10-20,2023-10-22
8650,Compétition Sportive,Panthéon,2023-09-08,2023-09-10
8651,Compétition Sportive,Bourse,2023-04-13,2023-04-17
8652,Compétition Sportive,Passy,2023-12-13,2023-12-17
8653,Salon,Gobelins,2023-09-27,2023-10-01
8654,Concert,Reuilly,2023-07-13,2023-07-15
8655,Concert,Élysée,2023-06-10,2023-06-14
8656,Conférence,Popincourt,2023-09-13,2023-09-17
8657,Festival,Passy,2023-06-30,2023-07-04
8658,Festival,Buttes-Montmartre,2023-03-30,2023-04-02
8659,Festival,Louvre,2023-02-24,2023-02-28
8660,Compétition Sportive,Panthéon,2023-06-22,2023-06-24
8661,Conférence,Reuilly,2023-10-20,2023-10-23
8662,Compétition Sportive,Buttes-Montmartre,2023-06-04,2023-06-05
8663,Salon,Opéra,2023-08-06,2023-08-08
8664,Conférence,Palais-Bourbon,2023-06-29,2023-07-03
8665,Conférence,Vaugirard,2023-12-08,2023-12-09
8666,Conférence,Élysée,2023-05-07,2023-05-08
8667,Salon,Temple,2023-06-24,2023-06-27
8668,Conférence,Louvre,2023-02-27,2023-03-03
8669,Salon,Buttes-Montmartre,2023-05-15,2023-05-18
8670,Festival,Buttes-Montmartre,2023-05-21,2023-05-25
8671,Conférence,Opéra,2023-02-17,2023-02-21
8672,Compétition Sportive,Gobelins,2023-06-05,2023-06-08
8673,Concert,Observatoire,2023-07-03,2023-07-07
8674,Salon,Élysée,2023-08-04,2023-08-07
8675,Festival,Luxembourg,2023-06-12,2023-06-14
8676,Festival,Bourse,2023-05-05,2023-05-08
8677,Concert,Louvre,2023-11-07,2023-11-08
8678,Conférence,Bourse,2023-12-19,2023-12-21
8679,Compétition Sportive,Buttes-Montmartre,2023-05-17,2023-05-19
8680,Concert,Passy,2023-04-26,2023-04-30
8681,Conférence,Palais-Bourbon,2023-05-10,2023-05-12
8682,Conférence,Buttes-Chaumont,2023-10-05,2023-10-07
8683,Salon,Batignolles-Monceau,2023-08-01,2023-08-04
8684,Compétition Sportive,Bourse,2023-10-07,2023-10-09
8685,Compétition Sportive,Opéra,2023-07-25,2023-07-27
8686,Salon,Panthéon,2023-11-06,2023-11-08
8687,Conférence,Buttes-Montmartre,2023-08-13,2023-08-16
8688,Conférence,Palais-Bourbon,2023-07-05,2023-07-08
8689,Compétition Sportive,Vaugirard,2023-07-05,2023-07-07
8690,Compétition Sportive,Gobelins,2023-11-29,2023-12-01
8691,Compétition Sportive,Bourse,2023-03-04,2023-03-08
8692,Compétition Sportive,Temple,2023-07-10,2023-07-11
8693,Conférence,Palais-Bourbon,2023-12-30,2024-01-01
8694,Compétition Sportive,Passy,2023-10-27,2023-10-28
8695,Conférence,Temple,2023-03-16,2023-03-17
8696,Salon,Reuilly,2023-07-13,2023-07-17
8697,Festival,Passy,2023-08-17,2023-08-19
8698,Salon,Louvre,2023-12-14,2023-12-17
8699,Salon,Buttes-Chaumont,2023-04-28,2023-05-01
8700,Concert,Ménilmontant,2023-07-14,2023-07-16
8701,Salon,Buttes-Chaumont,2023-06-01,2023-06-02
8702,Concert,Popincourt,2023-11-24,2023-11-27
8703,Concert,Entrepôt,2023-07-17,2023-07-20
8704,Concert,Panthéon,2023-04-09,2023-04-10
8705,Salon,Popincourt,2023-04-30,2023-05-04
8706,Festival,Bourse,2023-09-11,2023-09-15
8707,Concert,Luxembourg,2023-07-24,2023-07-27
8708,Compétition Sportive,Ménilmontant,2023-12-28,2023-12-29
8709,Compétition Sportive,Passy,2023-09-11,2023-09-13
8710,Conférence,Bourse,2023-06-08,2023-06-09
8711,Compétition Sportive,Luxembourg,2023-10-13,2023-10-16
8712,Compétition Sportive,Opéra,2023-02-09,2023-02-13
8713,Concert,Palais-Bourbon,2023-08-26,2023-08-28
8714,Salon,Louvre,2023-04-27,2023-04-29
8715,Compétition Sportive,Popincourt,2023-01-14,2023-01-17
8716,Salon,Reuilly,2023-02-13,2023-02-17
8717,Festival,Ménilmontant,2023-08-08,2023-08-11
8718,Compétition Sportive,Palais-Bourbon,2023-06-11,2023-06-12
8719,Festival,Entrepôt,2023-06-16,2023-06-20
8720,Festival,Hôtel-de-Ville,2023-05-12,2023-05-16
8721,Conférence,Vaugirard,2023-08-04,2023-08-05
8722,Salon,Reuilly,2023-10-25,2023-10-29
8723,Salon,Vaugirard,2023-05-19,2023-05-21
8724,Conférence,Vaugirard,2023-12-09,2023-12-11
8725,Concert,Bourse,2023-04-16,2023-04-19
8726,Conférence,Reuilly,2023-10-15,2023-10-16
8727,Conférence,Opéra,2023-05-03,2023-05-05
8728,Conférence,Popincourt,2023-11-02,2023-11-06
8729,Festival,Louvre,2023-02-22,2023-02-26
8730,Salon,Bourse,2023-05-12,2023-05-15
8731,Concert,Reuilly,2023-05-27,2023-05-31
8732,Compétition Sportive,Entrepôt,2023-11-23,2023-11-24
8733,Compétition Sportive,Passy,2023-02-02,2023-02-04
8734,Compétition Sportive,Ménilmontant,2023-03-19,2023-03-22
8735,Concert,Luxembourg,2023-11-29,2023-12-02
8736,Compétition Sportive,Passy,2023-05-03,2023-05-05
8737,Concert,Popincourt,2023-03-24,2023-03-26
8738,Compétition Sportive,Louvre,2023-02-24,2023-02-25
8739,Compétition Sportive,Buttes-Montmartre,2023-01-09,2023-01-13
8740,Concert,Passy,2023-07-09,2023-07-13
8741,Salon,Observatoire,2023-11-14,2023-11-16
8742,Concert,Popincourt,2023-02-17,2023-02-21
8743,Concert,Palais-Bourbon,2023-09-06,2023-09-08
8744,Conférence,Palais-Bourbon,2023-12-12,2023-12-16
8745,Festival,Popincourt,2023-03-09,2023-03-11
8746,Festival,Observatoire,2023-10-31,2023-11-04
8747,Salon,Gobelins,2023-12-14,2023-12-15
8748,Salon,Louvre,2023-11-07,2023-11-10
8749,Salon,Bourse,2023-06-21,2023-06-25
8750,Festival,Gobelins,2023-11-23,2023-11-25
8751,Salon,Bourse,2023-11-09,2023-11-10
8752,Salon,Ménilmontant,2023-12-20,2023-12-21
8753,Concert,Gobelins,2023-09-21,2023-09-24
8754,Concert,Temple,2023-07-03,2023-07-04
8755,Festival,Batignolles-Monceau,2023-01-10,2023-01-13
8756,Concert,Batignolles-Monceau,2023-07-12,2023-07-16
8757,Salon,Gobelins,2023-09-13,2023-09-17
8758,Concert,Louvre,2023-02-14,2023-02-18
8759,Conférence,Batignolles-Monceau,2023-06-16,2023-06-18
8760,Concert,Ménilmontant,2023-10-29,2023-11-02
8761,Festival,Panthéon,2023-08-19,2023-08-22
8762,Salon,Luxembourg,2023-09-30,2023-10-04
8763,Salon,Vaugirard,2023-03-23,2023-03-24
8764,Festival,Louvre,2023-08-14,2023-08-17
8765,Concert,Bourse,2023-05-08,2023-05-12
8766,Salon,Temple,2023-11-19,2023-11-21
8767,Salon,Batignolles-Monceau,2023-11-28,2023-12-01
8768,Conférence,Louvre,2023-07-09,2023-07-12
8769,Festival,Bourse,2023-03-09,2023-03-12
8770,Concert,Palais-Bourbon,2023-06-13,2023-06-15
8771,Concert,Panthéon,2023-01-09,2023-01-13
8772,Salon,Élysée,2023-06-12,2023-06-13
8773,Compétition Sportive,Temple,2023-08-05,2023-08-06
8774,Conférence,Bourse,2023-02-21,2023-02-23
8775,Conférence,Vaugirard,2023-04-28,2023-04-29
8776,Conférence,Buttes-Montmartre,2023-12-12,2023-12-15
8777,Salon,Opéra,2023-04-11,2023-04-14
8778,Festival,Entrepôt,2023-04-22,2023-04-23
8779,Festival,Reuilly,2023-12-13,2023-12-16
8780,Conférence,Batignolles-Monceau,2023-11-10,2023-11-12
8781,Compétition Sportive,Popincourt,2023-06-01,2023-06-04
8782,Compétition Sportive,Reuilly,2023-02-28,2023-03-02
8783,Concert,Palais-Bourbon,2023-02-06,2023-02-10
8784,Compétition Sportive,Observatoire,2023-04-14,2023-04-17
8785,Conférence,Ménilmontant,2023-08-24,2023-08-28
8786,Concert,Temple,2023-02-07,2023-02-08
8787,Conférence,Ménilmontant,2023-01-15,2023-01-16
8788,Festival,Louvre,2023-05-24,2023-05-27
8789,Conférence,Panthéon,2023-11-07,2023-11-09
8790,Concert,Bourse,2023-09-07,2023-09-09
8791,Conférence,Élysée,2023-10-09,2023-10-11
8792,Salon,Batignolles-Monceau,2023-08-27,2023-08-29
8793,Concert,Buttes-Montmartre,2023-10-22,2023-10-24
8794,Compétition Sportive,Luxembourg,2023-02-16,2023-02-18
8795,Festival,Palais-Bourbon,2023-04-02,2023-04-04
8796,Compétition Sportive,Opéra,2023-06-26,2023-06-27
8797,Conférence,Observatoire,2023-06-14,2023-06-18
8798,Compétition Sportive,Buttes-Montmartre,2023-02-07,2023-02-11
8799,Concert,Panthéon,2023-04-10,2023-04-11
8800,Salon,Ménilmontant,2023-03-03,2023-03-04
8801,Compétition Sportive,Hôtel-de-Ville,2023-03-02,2023-03-03
8802,Conférence,Luxembourg,2023-07-21,2023-07-24
8803,Compétition Sportive,Temple,2023-04-28,2023-04-30
8804,Compétition Sportive,Entrepôt,2023-01-08,2023-01-12
8805,Concert,Observatoire,2023-10-21,2023-10-22
8806,Conférence,Entrepôt,2023-04-16,2023-04-18
8807,Conférence,Luxembourg,2023-10-19,2023-10-21
8808,Salon,Reuilly,2023-02-25,2023-02-27
8809,Concert,Buttes-Montmartre,2023-02-14,2023-02-16
8810,Concert,Ménilmontant,2023-11-02,2023-11-05
8811,Festival,Palais-Bourbon,2023-01-20,2023-01-24
8812,Salon,Passy,2023-07-02,2023-07-04
8813,Salon,Buttes-Chaumont,2023-04-12,2023-04-13
8814,Conférence,Vaugirard,2023-12-29,2023-12-30
8815,Conférence,Buttes-Montmartre,2023-12-14,2023-12-17
8816,Salon,Vaugirard,2023-10-15,2023-10-18
8817,Concert,Hôtel-de-Ville,2023-07-23,2023-07-27
8818,Festival,Bourse,2023-07-20,2023-07-22
8819,Conférence,Buttes-Chaumont,2023-02-12,2023-02-15
8820,Festival,Ménilmontant,2023-12-01,2023-12-04
8821,Salon,Louvre,2023-01-02,2023-01-03
8822,Concert,Reuilly,2023-07-31,2023-08-03
8823,Festival,Palais-Bourbon,2023-06-19,2023-06-20
8824,Compétition Sportive,Reuilly,2023-05-23,2023-05-27
8825,Salon,Buttes-Chaumont,2023-04-03,2023-04-07
8826,Concert,Gobelins,2023-05-02,2023-05-03
8827,Salon,Vaugirard,2023-08-01,2023-08-02
8828,Salon,Passy,2023-09-13,2023-09-17
8829,Festival,Popincourt,2023-09-07,2023-09-09
8830,Festival,Buttes-Montmartre,2023-04-15,2023-04-16
8831,Compétition Sportive,Hôtel-de-Ville,2023-11-10,2023-11-13
8832,Conférence,Opéra,2023-08-18,2023-08-22
8833,Compétition Sportive,Buttes-Chaumont,2023-12-21,2023-12-24
8834,Concert,Temple,2023-09-07,2023-09-11
8835,Concert,Batignolles-Monceau,2023-04-18,2023-04-19
8836,Salon,Hôtel-de-Ville,2023-03-03,2023-03-04
8837,Festival,Opéra,2023-02-26,2023-02-27
8838,Salon,Batignolles-Monceau,2023-09-08,2023-09-09
8839,Conférence,Élysée,2023-05-12,2023-05-13
8840,Salon,Batignolles-Monceau,2023-03-19,2023-03-23
8841,Concert,Gobelins,2023-12-26,2023-12-29
8842,Concert,Bourse,2023-12-18,2023-12-20
8843,Compétition Sportive,Luxembourg,2023-10-15,2023-10-19
8844,Salon,Ménilmontant,2023-11-30,2023-12-01
8845,Festival,Bourse,2023-06-11,2023-06-12
8846,Conférence,Luxembourg,2023-10-23,2023-10-25
8847,Conférence,Hôtel-de-Ville,2023-02-04,2023-02-05
8848,Festival,Ménilmontant,2023-01-15,2023-01-18
8849,Conférence,Panthéon,2023-11-03,2023-11-06
8850,Festival,Hôtel-de-Ville,2023-01-20,2023-01-22
8851,Festival,Buttes-Chaumont,2023-10-20,2023-10-21
8852,Compétition Sportive,Buttes-Montmartre,2023-02-07,2023-02-08
8853,Salon,Bourse,2023-05-29,2023-06-01
8854,Concert,Ménilmontant,2023-08-04,2023-08-07
8855,Concert,Buttes-Chaumont,2023-01-10,2023-01-11
8856,Salon,Popincourt,2023-04-10,2023-04-11
8857,Conférence,Gobelins,2023-08-02,2023-08-03
8858,Festival,Batignolles-Monceau,2023-04-11,2023-04-12
8859,Concert,Panthéon,2023-12-29,2023-12-30
8860,Compétition Sportive,Temple,2023-10-07,2023-10-10
8861,Conférence,Louvre,2023-01-04,2023-01-08
8862,Compétition Sportive,Entrepôt,2023-04-28,2023-05-01
8863,Concert,Popincourt,2023-05-31,2023-06-03
8864,Salon,Temple,2023-02-11,2023-02-15
8865,Salon,Louvre,2023-12-14,2023-12-17
8866,Compétition Sportive,Temple,2023-04-27,2023-04-29
8867,Conférence,Opéra,2023-01-19,2023-01-22
8868,Concert,Passy,2023-12-28,2024-01-01
8869,Festival,Temple,2023-01-24,2023-01-25
8870,Salon,Hôtel-de-Ville,2023-08-24,2023-08-27
8871,Compétition Sportive,Buttes-Chaumont,2023-09-15,2023-09-18
8872,Concert,Buttes-Chaumont,2023-01-07,2023-01-11
8873,Conférence,Passy,2023-05-04,2023-05-07
8874,Festival,Louvre,2023-01-01,2023-01-03
8875,Festival,Hôtel-de-Ville,2023-06-28,2023-07-01
8876,Salon,Luxembourg,2023-07-07,2023-07-10
8877,Festival,Gobelins,2023-06-08,2023-06-09
8878,Concert,Vaugirard,2023-01-30,2023-01-31
8879,Salon,Reuilly,2023-03-18,2023-03-22
8880,Salon,Buttes-Chaumont,2023-01-18,2023-01-19
8881,Salon,Panthéon,2023-07-05,2023-07-06
8882,Concert,Buttes-Chaumont,2023-09-30,2023-10-02
8883,Compétition Sportive,Reuilly,2023-10-29,2023-11-01
8884,Festival,Passy,2023-04-22,2023-04-24
8885,Festival,Buttes-Chaumont,2023-01-19,2023-01-22
8886,Compétition Sportive,Hôtel-de-Ville,2023-01-12,2023-01-13
8887,Salon,Buttes-Chaumont,2023-08-06,2023-08-09
8888,Conférence,Opéra,2023-12-04,2023-12-07
8889,Concert,Bourse,2023-11-02,2023-11-05
8890,Salon,Buttes-Chaumont,2023-01-06,2023-01-08
8891,Salon,Reuilly,2023-12-18,2023-12-19
8892,Salon,Reuilly,2023-11-07,2023-11-11
8893,Festival,Vaugirard,2023-05-04,2023-05-05
8894,Festival,Passy,2023-12-31,2024-01-02
8895,Conférence,Opéra,2023-12-27,2023-12-29
8896,Concert,Vaugirard,2023-01-15,2023-01-17
8897,Salon,Bourse,2023-12-17,2023-12-21
8898,Festival,Buttes-Montmartre,2023-10-12,2023-10-16
8899,Compétition Sportive,Luxembourg,2023-12-04,2023-12-08
8900,Festival,Hôtel-de-Ville,2023-07-18,2023-07-19
8901,Salon,Buttes-Chaumont,2023-10-17,2023-10-18
8902,Salon,Reuilly,2023-04-03,2023-04-04
8903,Festival,Hôtel-de-Ville,2023-02-06,2023-02-08
8904,Compétition Sportive,Batignolles-Monceau,2023-07-11,2023-07-15
8905,Compétition Sportive,Luxembourg,2023-04-05,2023-04-09
8906,Salon,Louvre,2023-03-12,2023-03-14
8907,Festival,Ménilmontant,2023-01-06,2023-01-07
8908,Concert,Popincourt,2023-09-04,2023-09-07
8909,Concert,Louvre,2023-12-21,2023-12-24
8910,Salon,Reuilly,2023-02-24,2023-02-25
8911,Compétition Sportive,Panthéon,2023-10-22,2023-10-26
8912,Concert,Louvre,2023-10-08,2023-10-11
8913,Festival,Entrepôt,2023-04-08,2023-04-10
8914,Conférence,Buttes-Montmartre,2023-03-24,2023-03-28
8915,Conférence,Entrepôt,2023-09-17,2023-09-18
8916,Compétition Sportive,Louvre,2023-08-04,2023-08-06
8917,Conférence,Buttes-Montmartre,2023-10-16,2023-10-19
8918,Festival,Passy,2023-08-23,2023-08-24
8919,Salon,Popincourt,2023-11-18,2023-11-22
8920,Salon,Batignolles-Monceau,2023-06-27,2023-06-30
8921,Festival,Ménilmontant,2023-09-24,2023-09-26
8922,Salon,Observatoire,2023-02-03,2023-02-04
8923,Festival,Luxembourg,2023-09-04,2023-09-08
8924,Festival,Opéra,2023-08-08,2023-08-10
8925,Conférence,Reuilly,2023-05-30,2023-06-01
8926,Conférence,Gobelins,2023-10-25,2023-10-27
8927,Compétition Sportive,Hôtel-de-Ville,2023-08-18,2023-08-20
8928,Conférence,Palais-Bourbon,2023-09-01,2023-09-02
8929,Salon,Panthéon,2023-07-25,2023-07-28
8930,Conférence,Palais-Bourbon,2023-06-15,2023-06-19
8931,Festival,Opéra,2023-09-22,2023-09-26
8932,Conférence,Reuilly,2023-09-12,2023-09-15
8933,Salon,Observatoire,2023-12-10,2023-12-12
8934,Compétition Sportive,Élysée,2023-01-29,2023-01-31
8935,Concert,Passy,2023-11-12,2023-11-14
8936,Festival,Élysée,2023-12-13,2023-12-17
8937,Salon,Palais-Bourbon,2023-11-12,2023-11-15
8938,Salon,Palais-Bourbon,2023-05-06,2023-05-07
8939,Concert,Temple,2023-11-28,2023-12-01
8940,Compétition Sportive,Observatoire,2023-05-16,2023-05-19
8941,Festival,Luxembourg,2023-04-16,2023-04-18
8942,Compétition Sportive,Opéra,2023-04-15,2023-04-17
8943,Concert,Louvre,2023-05-29,2023-06-02
8944,Festival,Gobelins,2023-07-03,2023-07-04
8945,Conférence,Buttes-Chaumont,2023-06-25,2023-06-27
8946,Compétition Sportive,Reuilly,2023-10-30,2023-11-03
8947,Conférence,Temple,2023-09-22,2023-09-26
8948,Festival,Ménilmontant,2023-03-19,2023-03-23
8949,Concert,Vaugirard,2023-11-07,2023-11-11
8950,Conférence,Vaugirard,2023-10-14,2023-10-18
8951,Conférence,Entrepôt,2023-12-02,2023-12-04
8952,Salon,Palais-Bourbon,2023-04-01,2023-04-03
8953,Festival,Gobelins,2023-11-18,2023-11-21
8954,Concert,Bourse,2023-01-31,2023-02-01
8955,Salon,Passy,2023-06-27,2023-07-01
8956,Compétition Sportive,Temple,2023-11-12,2023-11-13
8957,Concert,Opéra,2023-11-14,2023-11-18
8958,Salon,Buttes-Chaumont,2023-06-16,2023-06-19
8959,Compétition Sportive,Vaugirard,2023-03-09,2023-03-13
8960,Concert,Opéra,2023-01-30,2023-02-03
8961,Salon,Luxembourg,2023-03-08,2023-03-11
8962,Concert,Opéra,2023-03-09,2023-03-11
8963,Conférence,Palais-Bourbon,2023-07-05,2023-07-06
8964,Salon,Bourse,2023-03-18,2023-03-21
8965,Conférence,Popincourt,2023-06-30,2023-07-03
8966,Salon,Ménilmontant,2023-01-14,2023-01-16
8967,Conférence,Reuilly,2023-05-18,2023-05-22
8968,Festival,Élysée,2023-10-05,2023-10-07
8969,Conférence,Gobelins,2023-07-10,2023-07-14
8970,Festival,Hôtel-de-Ville,2023-03-02,2023-03-03
8971,Concert,Batignolles-Monceau,2023-06-23,2023-06-24
8972,Compétition Sportive,Buttes-Chaumont,2023-10-20,2023-10-21
8973,Compétition Sportive,Observatoire,2023-10-04,2023-10-06
8974,Compétition Sportive,Bourse,2023-10-15,2023-10-16
8975,Festival,Batignolles-Monceau,2023-07-26,2023-07-28
8976,Compétition Sportive,Bourse,2023-09-11,2023-09-12
8977,Compétition Sportive,Hôtel-de-Ville,2023-10-07,2023-10-09
8978,Conférence,Ménilmontant,2023-11-26,2023-11-27
8979,Compétition Sportive,Luxembourg,2023-12-18,2023-12-21
8980,Festival,Gobelins,2023-11-10,2023-11-12
8981,Conférence,Entrepôt,2023-05-15,2023-05-18
8982,Festival,Entrepôt,2023-02-15,2023-02-16
8983,Salon,Luxembourg,2023-05-06,2023-05-08
8984,Compétition Sportive,Hôtel-de-Ville,2023-08-01,2023-08-02
8985,Festival,Panthéon,2023-03-15,2023-03-17
8986,Festival,Ménilmontant,2023-03-28,2023-04-01
8987,Conférence,Élysée,2023-01-05,2023-01-08
8988,Salon,Luxembourg,2023-08-29,2023-09-02
8989,Salon,Ménilmontant,2023-07-06,2023-07-07
8990,Compétition Sportive,Panthéon,2023-09-07,2023-09-09
8991,Concert,Batignolles-Monceau,2023-07-17,2023-07-20
8992,Concert,Entrepôt,2023-01-22,2023-01-25
8993,Conférence,Opéra,2023-01-28,2023-01-31
8994,Compétition Sportive,Palais-Bourbon,2023-01-19,2023-01-20
8995,Conférence,Vaugirard,2023-04-23,2023-04-24
8996,Compétition Sportive,Observatoire,2023-01-14,2023-01-17
8997,Salon,Popincourt,2023-06-25,2023-06-27
8998,Concert,Entrepôt,2023-07-26,2023-07-27
8999,Festival,Buttes-Montmartre,2023-05-30,2023-05-31
9000,Concert,Louvre,2023-10-29,2023-10-30
9001,Compétition Sportive,Bourse,2023-12-07,2023-12-11
9002,Concert,Bourse,2023-07-30,2023-08-02
9003,Festival,Popincourt,2023-05-21,2023-05-23
9004,Salon,Reuilly,2023-10-05,2023-10-06
9005,Salon,Ménilmontant,2023-05-18,2023-05-20
9006,Compétition Sportive,Temple,2023-02-13,2023-02-14
9007,Concert,Entrepôt,2023-10-07,2023-10-08
9008,Compétition Sportive,Buttes-Montmartre,2023-03-13,2023-03-15
9009,Concert,Entrepôt,2023-04-23,2023-04-25
9010,Conférence,Batignolles-Monceau,2023-07-02,2023-07-04
9011,Compétition Sportive,Élysée,2023-08-19,2023-08-22
9012,Concert,Luxembourg,2023-02-19,2023-02-21
9013,Conférence,Buttes-Montmartre,2023-08-22,2023-08-24
9014,Compétition Sportive,Panthéon,2023-02-27,2023-03-01
9015,Salon,Popincourt,2023-04-07,2023-04-09
9016,Conférence,Buttes-Chaumont,2023-06-25,2023-06-27
9017,Compétition Sportive,Bourse,2023-08-17,2023-08-19
9018,Festival,Gobelins,2023-12-15,2023-12-17
9019,Salon,Ménilmontant,2023-12-18,2023-12-19
9020,Conférence,Vaugirard,2023-03-13,2023-03-15
9021,Concert,Entrepôt,2023-12-18,2023-12-20
9022,Festival,Bourse,2023-03-27,2023-03-31
9023,Concert,Passy,2023-06-22,2023-06-24
9024,Festival,Passy,2023-01-26,2023-01-30
9025,Compétition Sportive,Palais-Bourbon,2023-03-22,2023-03-24
9026,Compétition Sportive,Vaugirard,2023-12-28,2023-12-30
9027,Concert,Popincourt,2023-03-23,2023-03-24
9028,Concert,Buttes-Montmartre,2023-02-28,2023-03-04
9029,Concert,Palais-Bourbon,2023-05-11,2023-05-14
9030,Conférence,Entrepôt,2023-10-01,2023-10-03
9031,Salon,Reuilly,2023-12-06,2023-12-07
9032,Concert,Reuilly,2023-09-03,2023-09-06
9033,Compétition Sportive,Vaugirard,2023-02-11,2023-02-15
9034,Compétition Sportive,Buttes-Montmartre,2023-11-14,2023-11-16
9035,Concert,Passy,2023-08-23,2023-08-24
9036,Concert,Reuilly,2023-01-30,2023-02-02
9037,Compétition Sportive,Élysée,2023-03-02,2023-03-05
9038,Conférence,Hôtel-de-Ville,2023-10-19,2023-10-22
9039,Festival,Opéra,2023-02-24,2023-02-27
9040,Compétition Sportive,Ménilmontant,2023-09-17,2023-09-20
9041,Festival,Ménilmontant,2023-09-28,2023-09-29
9042,Concert,Temple,2023-04-22,2023-04-24
9043,Salon,Passy,2023-07-18,2023-07-22
9044,Concert,Panthéon,2023-04-06,2023-04-09
9045,Concert,Élysée,2023-04-07,2023-04-08
9046,Concert,Vaugirard,2023-11-09,2023-11-11
9047,Compétition Sportive,Opéra,2023-11-15,2023-11-16
9048,Compétition Sportive,Vaugirard,2023-11-29,2023-12-03
9049,Salon,Ménilmontant,2023-11-16,2023-11-17
9050,Festival,Vaugirard,2023-05-25,2023-05-28
9051,Festival,Louvre,2023-11-05,2023-11-07
9052,Festival,Vaugirard,2023-06-17,2023-06-18
9053,Concert,Entrepôt,2023-08-18,2023-08-20
9054,Salon,Ménilmontant,2023-03-11,2023-03-14
9055,Concert,Reuilly,2023-05-07,2023-05-11
9056,Salon,Opéra,2023-02-19,2023-02-23
9057,Conférence,Palais-Bourbon,2023-11-20,2023-11-22
9058,Compétition Sportive,Buttes-Chaumont,2023-09-28,2023-10-01
9059,Concert,Vaugirard,2023-03-13,2023-03-17
9060,Conférence,Buttes-Chaumont,2023-09-03,2023-09-04
9061,Festival,Observatoire,2023-08-31,2023-09-02
9062,Conférence,Observatoire,2023-04-18,2023-04-20
9063,Compétition Sportive,Hôtel-de-Ville,2023-01-08,2023-01-11
9064,Compétition Sportive,Observatoire,2023-10-08,2023-10-11
9065,Compétition Sportive,Batignolles-Monceau,2023-07-24,2023-07-28
9066,Conférence,Observatoire,2023-10-08,2023-10-10
9067,Festival,Panthéon,2023-01-18,2023-01-19
9068,Concert,Hôtel-de-Ville,2023-03-14,2023-03-15
9069,Festival,Opéra,2023-07-17,2023-07-18
9070,Salon,Entrepôt,2023-01-14,2023-01-15
9071,Salon,Passy,2023-04-13,2023-04-16
9072,Concert,Élysée,2023-08-06,2023-08-10
9073,Compétition Sportive,Palais-Bourbon,2023-10-19,2023-10-22
9074,Concert,Ménilmontant,2023-02-05,2023-02-06
9075,Conférence,Reuilly,2023-07-22,2023-07-23
9076,Compétition Sportive,Louvre,2023-05-26,2023-05-30
9077,Concert,Ménilmontant,2023-01-15,2023-01-17
9078,Concert,Luxembourg,2023-09-13,2023-09-16
9079,Conférence,Hôtel-de-Ville,2023-12-11,2023-12-15
9080,Conférence,Luxembourg,2023-09-29,2023-09-30
9081,Festival,Gobelins,2023-03-17,2023-03-18
9082,Salon,Vaugirard,2023-01-14,2023-01-16
9083,Concert,Opéra,2023-02-16,2023-02-20
9084,Festival,Buttes-Chaumont,2023-07-01,2023-07-05
9085,Compétition Sportive,Palais-Bourbon,2023-02-27,2023-02-28
9086,Compétition Sportive,Luxembourg,2023-07-24,2023-07-26
9087,Salon,Opéra,2023-08-19,2023-08-22
9088,Compétition Sportive,Hôtel-de-Ville,2023-06-07,2023-06-08
9089,Salon,Observatoire,2023-10-29,2023-10-30
9090,Compétition Sportive,Batignolles-Monceau,2023-01-16,2023-01-18
9091,Compétition Sportive,Panthéon,2023-05-09,2023-05-11
9092,Concert,Entrepôt,2023-06-18,2023-06-22
9093,Conférence,Louvre,2023-08-09,2023-08-10
9094,Concert,Passy,2023-10-10,2023-10-13
9095,Festival,Popincourt,2023-07-24,2023-07-25
9096,Conférence,Panthéon,2023-03-03,2023-03-05
9097,Concert,Élysée,2023-02-24,2023-02-27
9098,Conférence,Popincourt,2023-11-03,2023-11-04
9099,Conférence,Panthéon,2023-04-27,2023-05-01
9100,Conférence,Popincourt,2023-03-10,2023-03-13
9101,Compétition Sportive,Louvre,2023-12-10,2023-12-12
9102,Conférence,Opéra,2023-07-20,2023-07-24
9103,Compétition Sportive,Élysée,2023-04-07,2023-04-11
9104,Conférence,Palais-Bourbon,2023-08-26,2023-08-30
9105,Compétition Sportive,Ménilmontant,2023-04-11,2023-04-13
9106,Conférence,Buttes-Chaumont,2023-04-07,2023-04-09
9107,Festival,Ménilmontant,2023-10-21,2023-10-22
9108,Concert,Buttes-Montmartre,2023-10-12,2023-10-16
9109,Conférence,Buttes-Montmartre,2023-10-18,2023-10-21
9110,Festival,Buttes-Montmartre,2023-10-03,2023-10-06
9111,Concert,Louvre,2023-05-27,2023-05-31
9112,Salon,Reuilly,2023-10-08,2023-10-10
9113,Conférence,Élysée,2023-04-03,2023-04-04
9114,Salon,Ménilmontant,2023-10-09,2023-10-11
9115,Concert,Panthéon,2023-07-13,2023-07-15
9116,Concert,Élysée,2023-07-08,2023-07-12
9117,Conférence,Ménilmontant,2023-05-08,2023-05-12
9118,Festival,Opéra,2023-02-14,2023-02-15
9119,Conférence,Louvre,2023-09-19,2023-09-23
9120,Festival,Bourse,2023-07-05,2023-07-07
9121,Conférence,Panthéon,2023-11-25,2023-11-28
9122,Festival,Observatoire,2023-02-12,2023-02-16
9123,Compétition Sportive,Ménilmontant,2023-09-29,2023-09-30
9124,Festival,Batignolles-Monceau,2023-01-14,2023-01-15
9125,Festival,Élysée,2023-03-15,2023-03-17
9126,Concert,Palais-Bourbon,2023-01-19,2023-01-23
9127,Salon,Buttes-Chaumont,2023-02-20,2023-02-21
9128,Conférence,Temple,2023-10-31,2023-11-02
9129,Concert,Observatoire,2023-05-20,2023-05-22
9130,Salon,Bourse,2023-07-17,2023-07-21
9131,Concert,Buttes-Chaumont,2023-10-18,2023-10-22
9132,Concert,Buttes-Chaumont,2023-07-17,2023-07-21
9133,Conférence,Luxembourg,2023-01-06,2023-01-08
9134,Compétition Sportive,Panthéon,2023-12-21,2023-12-23
9135,Concert,Popincourt,2023-08-24,2023-08-27
9136,Conférence,Reuilly,2023-09-24,2023-09-26
9137,Festival,Vaugirard,2023-09-08,2023-09-09
9138,Salon,Buttes-Chaumont,2023-12-13,2023-12-15
9139,Conférence,Entrepôt,2023-01-26,2023-01-30
9140,Compétition Sportive,Louvre,2023-03-13,2023-03-15
9141,Conférence,Buttes-Chaumont,2023-03-30,2023-04-03
9142,Conférence,Bourse,2023-03-24,2023-03-26
9143,Festival,Batignolles-Monceau,2023-11-02,2023-11-05
9144,Salon,Buttes-Montmartre,2023-01-26,2023-01-28
9145,Salon,Reuilly,2023-09-28,2023-09-30
9146,Compétition Sportive,Opéra,2023-10-07,2023-10-08
9147,Salon,Observatoire,2023-11-29,2023-12-02
9148,Festival,Louvre,2023-07-06,2023-07-10
9149,Compétition Sportive,Buttes-Montmartre,2023-11-09,2023-11-10
9150,Festival,Passy,2023-03-22,2023-03-24
9151,Festival,Reuilly,2023-05-09,2023-05-10
9152,Conférence,Palais-Bourbon,2023-05-19,2023-05-23
9153,Conférence,Palais-Bourbon,2023-10-03,2023-10-07
9154,Conférence,Observatoire,2023-01-31,2023-02-01
9155,Concert,Reuilly,2023-08-24,2023-08-27
9156,Festival,Reuilly,2023-04-09,2023-04-13
9157,Salon,Louvre,2023-06-16,2023-06-19
9158,Compétition Sportive,Louvre,2023-01-06,2023-01-10
9159,Concert,Popincourt,2023-12-21,2023-12-24
9160,Conférence,Buttes-Chaumont,2023-10-11,2023-10-15
9161,Concert,Louvre,2023-02-22,2023-02-23
9162,Concert,Entrepôt,2023-04-26,2023-04-29
9163,Festival,Vaugirard,2023-10-27,2023-10-28
9164,Festival,Entrepôt,2023-03-06,2023-03-07
9165,Salon,Passy,2023-07-27,2023-07-31
9166,Compétition Sportive,Palais-Bourbon,2023-08-29,2023-08-31
9167,Compétition Sportive,Reuilly,2023-04-19,2023-04-20
9168,Conférence,Reuilly,2023-09-25,2023-09-27
9169,Salon,Batignolles-Monceau,2023-06-05,2023-06-09
9170,Compétition Sportive,Gobelins,2023-09-13,2023-09-14
9171,Concert,Buttes-Chaumont,2023-03-13,2023-03-15
9172,Concert,Popincourt,2023-08-11,2023-08-14
9173,Compétition Sportive,Batignolles-Monceau,2023-09-06,2023-09-08
9174,Concert,Temple,2023-04-20,2023-04-21
9175,Concert,Passy,2023-01-30,2023-02-01
9176,Conférence,Ménilmontant,2023-12-24,2023-12-28
9177,Concert,Passy,2023-03-26,2023-03-28
9178,Compétition Sportive,Batignolles-Monceau,2023-01-30,2023-02-02
9179,Festival,Temple,2023-12-02,2023-12-04
9180,Concert,Buttes-Chaumont,2023-11-15,2023-11-18
9181,Compétition Sportive,Batignolles-Monceau,2023-09-21,2023-09-23
9182,Concert,Gobelins,2023-08-07,2023-08-11
9183,Salon,Bourse,2023-05-08,2023-05-12
9184,Conférence,Élysée,2023-10-16,2023-10-18
9185,Festival,Batignolles-Monceau,2023-10-26,2023-10-27
9186,Concert,Passy,2023-03-17,2023-03-18
9187,Compétition Sportive,Popincourt,2023-10-26,2023-10-29
9188,Festival,Reuilly,2023-02-14,2023-02-17
9189,Concert,Luxembourg,2023-08-22,2023-08-23
9190,Salon,Temple,2023-09-01,2023-09-04
9191,Compétition Sportive,Temple,2023-08-26,2023-08-27
9192,Conférence,Louvre,2023-04-25,2023-04-27
9193,Concert,Opéra,2023-06-13,2023-06-16
9194,Compétition Sportive,Entrepôt,2023-10-08,2023-10-10
9195,Concert,Buttes-Chaumont,2023-08-01,2023-08-02
9196,Conférence,Gobelins,2023-10-20,2023-10-23
9197,Salon,Popincourt,2023-05-01,2023-05-04
9198,Conférence,Buttes-Chaumont,2023-02-25,2023-02-28
9199,Conférence,Buttes-Montmartre,2023-03-21,2023-03-24
9200,Conférence,Buttes-Montmartre,2023-12-30,2024-01-01
9201,Festival,Palais-Bourbon,2023-10-09,2023-10-12
9202,Compétition Sportive,Buttes-Montmartre,2023-02-26,2023-03-01
9203,Concert,Luxembourg,2023-11-22,2023-11-26
9204,Salon,Panthéon,2023-10-24,2023-10-27
9205,Concert,Hôtel-de-Ville,2023-02-20,2023-02-23
9206,Festival,Gobelins,2023-12-29,2024-01-02
9207,Salon,Batignolles-Monceau,2023-01-12,2023-01-13
9208,Festival,Panthéon,2023-04-07,2023-04-09
9209,Concert,Louvre,2023-04-19,2023-04-20
9210,Salon,Buttes-Chaumont,2023-09-14,2023-09-18
9211,Concert,Gobelins,2023-05-27,2023-05-31
9212,Compétition Sportive,Buttes-Chaumont,2023-07-13,2023-07-15
9213,Festival,Gobelins,2023-12-09,2023-12-12
9214,Compétition Sportive,Palais-Bourbon,2023-08-25,2023-08-28
9215,Compétition Sportive,Buttes-Chaumont,2023-03-13,2023-03-14
9216,Concert,Reuilly,2023-08-14,2023-08-18
9217,Concert,Gobelins,2023-05-06,2023-05-08
9218,Conférence,Observatoire,2023-09-17,2023-09-21
9219,Conférence,Palais-Bourbon,2023-01-27,2023-01-30
9220,Salon,Vaugirard,2023-01-26,2023-01-30
9221,Concert,Buttes-Montmartre,2023-12-19,2023-12-21
9222,Festival,Hôtel-de-Ville,2023-10-26,2023-10-30
9223,Concert,Gobelins,2023-04-14,2023-04-16
9224,Concert,Temple,2023-12-31,2024-01-02
9225,Compétition Sportive,Louvre,2023-02-09,2023-02-11
9226,Compétition Sportive,Palais-Bourbon,2023-06-27,2023-06-28
9227,Conférence,Louvre,2023-07-20,2023-07-23
9228,Salon,Entrepôt,2023-07-21,2023-07-24
9229,Salon,Luxembourg,2023-01-29,2023-02-01
9230,Concert,Popincourt,2023-12-07,2023-12-09
9231,Festival,Panthéon,2023-09-04,2023-09-06
9232,Compétition Sportive,Buttes-Chaumont,2023-04-27,2023-05-01
9233,Festival,Buttes-Montmartre,2023-08-30,2023-09-01
9234,Compétition Sportive,Bourse,2023-10-01,2023-10-03
9235,Concert,Élysée,2023-12-03,2023-12-04
9236,Salon,Gobelins,2023-09-04,2023-09-06
9237,Concert,Ménilmontant,2023-05-29,2023-05-31
9238,Compétition Sportive,Temple,2023-11-14,2023-11-16
9239,Salon,Popincourt,2023-04-06,2023-04-08
9240,Festival,Opéra,2023-04-16,2023-04-20
9241,Festival,Entrepôt,2023-08-09,2023-08-10
9242,Conférence,Batignolles-Monceau,2023-06-24,2023-06-26
9243,Festival,Temple,2023-01-26,2023-01-29
9244,Conférence,Hôtel-de-Ville,2023-04-01,2023-04-03
9245,Salon,Popincourt,2023-01-16,2023-01-17
9246,Concert,Louvre,2023-10-30,2023-11-01
9247,Concert,Temple,2023-02-25,2023-02-28
9248,Salon,Passy,2023-11-18,2023-11-22
9249,Salon,Passy,2023-02-20,2023-02-22
9250,Compétition Sportive,Hôtel-de-Ville,2023-10-10,2023-10-11
9251,Festival,Élysée,2023-04-20,2023-04-22
9252,Festival,Buttes-Montmartre,2023-03-07,2023-03-08
9253,Festival,Opéra,2023-03-03,2023-03-05
9254,Conférence,Popincourt,2023-03-12,2023-03-14
9255,Festival,Buttes-Chaumont,2023-06-15,2023-06-19
9256,Compétition Sportive,Buttes-Montmartre,2023-01-06,2023-01-10
9257,Concert,Vaugirard,2023-04-30,2023-05-02
9258,Concert,Panthéon,2023-02-28,2023-03-01
9259,Conférence,Louvre,2023-10-02,2023-10-05
9260,Compétition Sportive,Palais-Bourbon,2023-03-20,2023-03-24
9261,Salon,Hôtel-de-Ville,2023-08-25,2023-08-27
9262,Concert,Temple,2023-06-05,2023-06-06
9263,Compétition Sportive,Louvre,2023-05-18,2023-05-20
9264,Salon,Temple,2023-06-22,2023-06-24
9265,Conférence,Buttes-Montmartre,2023-12-17,2023-12-21
9266,Festival,Batignolles-Monceau,2023-07-12,2023-07-13
9267,Compétition Sportive,Temple,2023-06-27,2023-06-29
9268,Concert,Louvre,2023-05-24,2023-05-28
9269,Conférence,Élysée,2023-11-14,2023-11-15
9270,Compétition Sportive,Popincourt,2023-08-22,2023-08-23
9271,Conférence,Popincourt,2023-11-18,2023-11-20
9272,Salon,Élysée,2023-05-27,2023-05-29
9273,Compétition Sportive,Buttes-Chaumont,2023-09-17,2023-09-18
9274,Festival,Gobelins,2023-02-12,2023-02-13
9275,Salon,Buttes-Montmartre,2023-05-26,2023-05-30
9276,Festival,Batignolles-Monceau,2023-04-21,2023-04-24
9277,Conférence,Vaugirard,2023-06-23,2023-06-24
9278,Festival,Panthéon,2023-12-31,2024-01-02
9279,Salon,Batignolles-Monceau,2023-09-03,2023-09-04
9280,Salon,Palais-Bourbon,2023-10-29,2023-10-31
9281,Salon,Buttes-Montmartre,2023-08-01,2023-08-04
9282,Conférence,Popincourt,2023-04-13,2023-04-14
9283,Concert,Ménilmontant,2023-06-07,2023-06-09
9284,Conférence,Opéra,2023-07-11,2023-07-13
9285,Salon,Vaugirard,2023-02-10,2023-02-12
9286,Conférence,Opéra,2023-05-13,2023-05-17
9287,Compétition Sportive,Hôtel-de-Ville,2023-01-05,2023-01-07
9288,Compétition Sportive,Popincourt,2023-07-20,2023-07-23
9289,Concert,Panthéon,2023-03-16,2023-03-18
9290,Conférence,Passy,2023-12-26,2023-12-27
9291,Conférence,Bourse,2023-04-30,2023-05-03
9292,Compétition Sportive,Élysée,2023-02-07,2023-02-09
9293,Salon,Popincourt,2023-09-19,2023-09-22
9294,Festival,Ménilmontant,2023-07-05,2023-07-06
9295,Salon,Opéra,2023-09-27,2023-09-30
9296,Concert,Palais-Bourbon,2023-08-10,2023-08-14
9297,Festival,Reuilly,2023-12-11,2023-12-15
9298,Salon,Opéra,2023-01-13,2023-01-16
9299,Conférence,Panthéon,2023-06-04,2023-06-06
9300,Conférence,Batignolles-Monceau,2023-07-03,2023-07-05
9301,Compétition Sportive,Temple,2023-03-09,2023-03-11
9302,Conférence,Luxembourg,2023-07-06,2023-07-08
9303,Conférence,Bourse,2023-08-27,2023-08-28
9304,Concert,Bourse,2023-09-08,2023-09-09
9305,Festival,Luxembourg,2023-04-05,2023-04-09
9306,Salon,Buttes-Chaumont,2023-06-26,2023-06-29
9307,Salon,Passy,2023-01-18,2023-01-19
9308,Concert,Élysée,2023-07-22,2023-07-26
9309,Festival,Passy,2023-11-28,2023-11-30
9310,Conférence,Buttes-Montmartre,2023-01-03,2023-01-07
9311,Concert,Vaugirard,2023-07-26,2023-07-27
9312,Conférence,Observatoire,2023-02-26,2023-03-01
9313,Salon,Observatoire,2023-11-21,2023-11-22
9314,Concert,Popincourt,2023-10-14,2023-10-17
9315,Concert,Temple,2023-09-21,2023-09-24
9316,Concert,Bourse,2023-01-10,2023-01-12
9317,Salon,Louvre,2023-01-03,2023-01-06
9318,Salon,Ménilmontant,2023-01-12,2023-01-15
9319,Compétition Sportive,Ménilmontant,2023-12-14,2023-12-16
9320,Salon,Reuilly,2023-04-16,2023-04-20
9321,Salon,Observatoire,2023-12-16,2023-12-19
9322,Conférence,Popincourt,2023-10-02,2023-10-03
9323,Salon,Opéra,2023-07-28,2023-07-29
9324,Festival,Élysée,2023-01-14,2023-01-18
9325,Conférence,Buttes-Montmartre,2023-04-13,2023-04-17
9326,Compétition Sportive,Passy,2023-08-31,2023-09-01
9327,Festival,Temple,2023-11-27,2023-11-30
9328,Compétition Sportive,Palais-Bourbon,2023-01-29,2023-02-01
9329,Concert,Ménilmontant,2023-09-20,2023-09-22
9330,Concert,Louvre,2023-02-18,2023-02-22
9331,Concert,Popincourt,2023-07-12,2023-07-15
9332,Salon,Observatoire,2023-09-20,2023-09-24
9333,Salon,Observatoire,2023-09-29,2023-10-02
9334,Conférence,Batignolles-Monceau,2023-04-09,2023-04-13
9335,Festival,Vaugirard,2023-05-24,2023-05-25
9336,Festival,Louvre,2023-12-07,2023-12-08
9337,Concert,Temple,2023-12-04,2023-12-07
9338,Concert,Vaugirard,2023-11-25,2023-11-27
9339,Salon,Passy,2023-03-02,2023-03-06
9340,Compétition Sportive,Ménilmontant,2023-12-31,2024-01-01
9341,Festival,Passy,2023-09-30,2023-10-04
9342,Festival,Temple,2023-10-14,2023-10-17
9343,Compétition Sportive,Bourse,2023-02-28,2023-03-02
9344,Festival,Reuilly,2023-03-29,2023-03-31
9345,Festival,Observatoire,2023-09-19,2023-09-22
9346,Salon,Buttes-Chaumont,2023-10-15,2023-10-16
9347,Festival,Luxembourg,2023-10-14,2023-10-16
9348,Concert,Gobelins,2023-09-08,2023-09-10
9349,Concert,Panthéon,2023-08-28,2023-08-30
9350,Conférence,Buttes-Chaumont,2023-01-09,2023-01-13
9351,Salon,Panthéon,2023-01-03,2023-01-07
9352,Salon,Élysée,2023-05-06,2023-05-07
9353,Concert,Ménilmontant,2023-03-12,2023-03-15
9354,Salon,Hôtel-de-Ville,2023-06-11,2023-06-15
9355,Salon,Ménilmontant,2023-10-26,2023-10-28
9356,Conférence,Buttes-Montmartre,2023-08-09,2023-08-10
9357,Compétition Sportive,Vaugirard,2023-06-10,2023-06-14
9358,Festival,Palais-Bourbon,2023-11-21,2023-11-22
9359,Conférence,Buttes-Montmartre,2023-06-13,2023-06-15
9360,Compétition Sportive,Bourse,2023-03-20,2023-03-21
9361,Festival,Luxembourg,2023-05-01,2023-05-03
9362,Concert,Ménilmontant,2023-07-21,2023-07-22
9363,Compétition Sportive,Luxembourg,2023-11-20,2023-11-23
9364,Festival,Panthéon,2023-12-23,2023-12-24
9365,Conférence,Entrepôt,2023-02-16,2023-02-19
9366,Festival,Entrepôt,2023-08-17,2023-08-20
9367,Salon,Observatoire,2023-10-28,2023-10-30
9368,Festival,Reuilly,2023-12-24,2023-12-25
9369,Concert,Panthéon,2023-04-06,2023-04-10
9370,Conférence,Temple,2023-08-04,2023-08-07
9371,Compétition Sportive,Batignolles-Monceau,2023-12-06,2023-12-08
9372,Festival,Ménilmontant,2023-02-10,2023-02-14
9373,Conférence,Batignolles-Monceau,2023-12-26,2023-12-27
9374,Concert,Ménilmontant,2023-11-20,2023-11-23
9375,Compétition Sportive,Temple,2023-07-22,2023-07-23
9376,Festival,Gobelins,2023-09-24,2023-09-25
9377,Concert,Louvre,2023-09-29,2023-10-03
9378,Salon,Vaugirard,2023-04-15,2023-04-17
9379,Conférence,Ménilmontant,2023-03-06,2023-03-08
9380,Conférence,Luxembourg,2023-07-18,2023-07-22
9381,Festival,Hôtel-de-Ville,2023-11-23,2023-11-25
9382,Concert,Hôtel-de-Ville,2023-01-01,2023-01-02
9383,Compétition Sportive,Louvre,2023-08-13,2023-08-17
9384,Compétition Sportive,Gobelins,2023-01-04,2023-01-07
9385,Compétition Sportive,Entrepôt,2023-03-23,2023-03-27
9386,Compétition Sportive,Reuilly,2023-09-02,2023-09-06
9387,Festival,Ménilmontant,2023-02-06,2023-02-10
9388,Festival,Gobelins,2023-09-01,2023-09-02
9389,Conférence,Ménilmontant,2023-12-01,2023-12-05
9390,Concert,Popincourt,2023-10-08,2023-10-09
9391,Salon,Passy,2023-12-04,2023-12-06
9392,Festival,Bourse,2023-05-12,2023-05-13
9393,Compétition Sportive,Élysée,2023-06-20,2023-06-23
9394,Salon,Vaugirard,2023-01-26,2023-01-28
9395,Conférence,Vaugirard,2023-07-31,2023-08-04
9396,Compétition Sportive,Louvre,2023-05-23,2023-05-24
9397,Concert,Palais-Bourbon,2023-06-14,2023-06-17
9398,Salon,Passy,2023-05-07,2023-05-11
9399,Conférence,Entrepôt,2023-02-11,2023-02-12
9400,Festival,Gobelins,2023-09-26,2023-09-28
9401,Concert,Opéra,2023-05-24,2023-05-25
9402,Compétition Sportive,Passy,2023-02-11,2023-02-14
9403,Salon,Luxembourg,2023-02-07,2023-02-08
9404,Conférence,Luxembourg,2023-11-18,2023-11-21
9405,Salon,Observatoire,2023-07-12,2023-07-13
9406,Concert,Panthéon,2023-05-13,2023-05-16
9407,Festival,Gobelins,2023-01-30,2023-01-31
9408,Festival,Louvre,2023-04-05,2023-04-06
9409,Concert,Gobelins,2023-02-01,2023-02-02
9410,Compétition Sportive,Vaugirard,2023-07-14,2023-07-17
9411,Salon,Passy,2023-10-25,2023-10-29
9412,Compétition Sportive,Temple,2023-01-05,2023-01-06
9413,Conférence,Vaugirard,2023-04-06,2023-04-07
9414,Compétition Sportive,Buttes-Montmartre,2023-07-06,2023-07-08
9415,Concert,Reuilly,2023-10-06,2023-10-07
9416,Festival,Entrepôt,2023-08-18,2023-08-19
9417,Concert,Gobelins,2023-12-28,2024-01-01
9418,Concert,Passy,2023-11-22,2023-11-25
9419,Salon,Opéra,2023-08-07,2023-08-09
9420,Concert,Palais-Bourbon,2023-10-02,2023-10-04
9421,Conférence,Batignolles-Monceau,2023-04-16,2023-04-18
9422,Salon,Passy,2023-08-24,2023-08-28
9423,Salon,Ménilmontant,2023-12-15,2023-12-17
9424,Compétition Sportive,Temple,2023-10-21,2023-10-24
9425,Concert,Opéra,2023-09-16,2023-09-17
9426,Compétition Sportive,Palais-Bourbon,2023-03-21,2023-03-22
9427,Compétition Sportive,Entrepôt,2023-09-11,2023-09-14
9428,Salon,Gobelins,2023-09-13,2023-09-16
9429,Compétition Sportive,Ménilmontant,2023-03-07,2023-03-10
9430,Compétition Sportive,Reuilly,2023-12-29,2024-01-02
9431,Salon,Élysée,2023-11-10,2023-11-11
9432,Salon,Vaugirard,2023-04-09,2023-04-13
9433,Festival,Temple,2023-10-11,2023-10-12
9434,Concert,Temple,2023-06-20,2023-06-23
9435,Festival,Popincourt,2023-08-29,2023-08-31
9436,Salon,Temple,2023-03-16,2023-03-19
9437,Conférence,Popincourt,2023-04-20,2023-04-23
9438,Compétition Sportive,Batignolles-Monceau,2023-08-04,2023-08-08
9439,Compétition Sportive,Passy,2023-01-16,2023-01-18
9440,Salon,Palais-Bourbon,2023-03-30,2023-04-03
9441,Compétition Sportive,Louvre,2023-10-06,2023-10-08
9442,Festival,Entrepôt,2023-07-06,2023-07-08
9443,Compétition Sportive,Louvre,2023-12-25,2023-12-27
9444,Conférence,Popincourt,2023-10-18,2023-10-21
9445,Concert,Bourse,2023-08-05,2023-08-09
9446,Festival,Bourse,2023-05-05,2023-05-08
9447,Concert,Ménilmontant,2023-06-18,2023-06-19
9448,Concert,Palais-Bourbon,2023-12-31,2024-01-04
9449,Conférence,Passy,2023-12-19,2023-12-20
9450,Conférence,Entrepôt,2023-03-15,2023-03-18
9451,Conférence,Luxembourg,2023-02-15,2023-02-16
9452,Conférence,Passy,2023-12-24,2023-12-25
9453,Festival,Gobelins,2023-10-05,2023-10-06
9454,Conférence,Buttes-Chaumont,2023-10-15,2023-10-19
9455,Festival,Palais-Bourbon,2023-08-03,2023-08-05
9456,Compétition Sportive,Buttes-Montmartre,2023-06-07,2023-06-09
9457,Concert,Ménilmontant,2023-03-28,2023-04-01
9458,Compétition Sportive,Panthéon,2023-10-26,2023-10-28
9459,Compétition Sportive,Reuilly,2023-04-21,2023-04-24
9460,Salon,Hôtel-de-Ville,2023-01-12,2023-01-16
9461,Compétition Sportive,Passy,2023-12-05,2023-12-09
9462,Compétition Sportive,Opéra,2023-05-26,2023-05-28
9463,Salon,Élysée,2023-04-02,2023-04-06
9464,Compétition Sportive,Gobelins,2023-11-27,2023-11-28
9465,Salon,Palais-Bourbon,2023-03-22,2023-03-26
9466,Festival,Batignolles-Monceau,2023-07-08,2023-07-12
9467,Concert,Batignolles-Monceau,2023-06-23,2023-06-27
9468,Conférence,Élysée,2023-01-29,2023-02-01
9469,Compétition Sportive,Hôtel-de-Ville,2023-06-09,2023-06-12
9470,Festival,Élysée,2023-08-30,2023-08-31
9471,Concert,Temple,2023-05-23,2023-05-24
9472,Festival,Buttes-Montmartre,2023-07-07,2023-07-09
9473,Salon,Gobelins,2023-07-29,2023-07-30
9474,Festival,Gobelins,2023-06-05,2023-06-09
9475,Compétition Sportive,Gobelins,2023-06-18,2023-06-20
9476,Compétition Sportive,Passy,2023-04-25,2023-04-28
9477,Conférence,Ménilmontant,2023-10-30,2023-11-01
9478,Conférence,Vaugirard,2023-10-16,2023-10-19
9479,Compétition Sportive,Temple,2023-10-27,2023-10-31
9480,Festival,Louvre,2023-02-19,2023-02-23
9481,Compétition Sportive,Vaugirard,2023-09-23,2023-09-26
9482,Festival,Hôtel-de-Ville,2023-05-02,2023-05-04
9483,Compétition Sportive,Entrepôt,2023-10-17,2023-10-20
9484,Concert,Popincourt,2023-12-29,2023-12-30
9485,Festival,Temple,2023-12-13,2023-12-17
9486,Salon,Temple,2023-01-20,2023-01-23
9487,Salon,Hôtel-de-Ville,2023-08-21,2023-08-23
9488,Conférence,Hôtel-de-Ville,2023-10-08,2023-10-11
9489,Concert,Élysée,2023-02-24,2023-02-26
9490,Salon,Opéra,2023-08-29,2023-09-02
9491,Compétition Sportive,Luxembourg,2023-08-06,2023-08-08
9492,Salon,Temple,2023-08-01,2023-08-05
9493,Compétition Sportive,Bourse,2023-06-27,2023-07-01
9494,Concert,Buttes-Chaumont,2023-02-24,2023-02-26
9495,Conférence,Batignolles-Monceau,2023-06-26,2023-06-29
9496,Salon,Popincourt,2023-05-04,2023-05-05
9497,Conférence,Élysée,2023-05-18,2023-05-21
9498,Concert,Gobelins,2023-12-14,2023-12-16
9499,Festival,Ménilmontant,2023-09-24,2023-09-28
9500,Concert,Bourse,2023-04-29,2023-05-01
9501,Concert,Louvre,2023-07-25,2023-07-28
9502,Concert,Entrepôt,2023-03-25,2023-03-27
9503,Festival,Popincourt,2023-12-22,2023-12-26
9504,Festival,Popincourt,2023-08-21,2023-08-23
9505,Concert,Luxembourg,2023-01-20,2023-01-24
9506,Festival,Louvre,2023-03-13,2023-03-17
9507,Compétition Sportive,Opéra,2023-12-01,2023-12-03
9508,Concert,Popincourt,2023-03-24,2023-03-27
9509,Salon,Observatoire,2023-10-31,2023-11-03
9510,Compétition Sportive,Élysée,2023-03-17,2023-03-18
9511,Concert,Popincourt,2023-10-16,2023-10-17
9512,Salon,Vaugirard,2023-08-31,2023-09-03
9513,Salon,Élysée,2023-10-03,2023-10-07
9514,Conférence,Élysée,2023-10-14,2023-10-16
9515,Conférence,Entrepôt,2023-04-12,2023-04-14
9516,Salon,Hôtel-de-Ville,2023-04-30,2023-05-02
9517,Concert,Opéra,2023-09-05,2023-09-09
9518,Concert,Palais-Bourbon,2023-12-05,2023-12-08
9519,Concert,Observatoire,2023-10-02,2023-10-05
9520,Concert,Bourse,2023-11-14,2023-11-18
9521,Salon,Opéra,2023-07-24,2023-07-28
9522,Festival,Hôtel-de-Ville,2023-06-15,2023-06-18
9523,Festival,Batignolles-Monceau,2023-11-01,2023-11-03
9524,Concert,Opéra,2023-11-17,2023-11-19
9525,Conférence,Buttes-Montmartre,2023-09-24,2023-09-26
9526,Salon,Élysée,2023-10-10,2023-10-13
9527,Festival,Ménilmontant,2023-02-27,2023-03-01
9528,Salon,Opéra,2023-08-19,2023-08-23
9529,Conférence,Louvre,2023-07-12,2023-07-15
9530,Salon,Entrepôt,2023-01-15,2023-01-18
9531,Conférence,Observatoire,2023-12-04,2023-12-06
9532,Conférence,Observatoire,2023-12-11,2023-12-12
9533,Compétition Sportive,Hôtel-de-Ville,2023-09-14,2023-09-17
9534,Conférence,Buttes-Chaumont,2023-01-19,2023-01-23
9535,Compétition Sportive,Entrepôt,2023-07-03,2023-07-06
9536,Conférence,Temple,2023-07-11,2023-07-13
9537,Conférence,Observatoire,2023-10-17,2023-10-21
9538,Salon,Hôtel-de-Ville,2023-03-05,2023-03-06
9539,Compétition Sportive,Temple,2023-09-23,2023-09-24
9540,Festival,Palais-Bourbon,2023-11-28,2023-11-30
9541,Festival,Opéra,2023-07-07,2023-07-11
9542,Salon,Vaugirard,2023-06-16,2023-06-20
9543,Festival,Popincourt,2023-08-25,2023-08-26
9544,Festival,Entrepôt,2023-03-07,2023-03-09
9545,Conférence,Buttes-Chaumont,2023-10-15,2023-10-17
9546,Concert,Gobelins,2023-02-20,2023-02-21
9547,Concert,Popincourt,2023-10-09,2023-10-12
9548,Festival,Louvre,2023-02-26,2023-02-27
9549,Salon,Opéra,2023-03-25,2023-03-29
9550,Salon,Entrepôt,2023-07-07,2023-07-10
9551,Compétition Sportive,Batignolles-Monceau,2023-07-02,2023-07-05
9552,Salon,Opéra,2023-09-19,2023-09-22
9553,Salon,Bourse,2023-01-07,2023-01-11
9554,Conférence,Palais-Bourbon,2023-12-03,2023-12-04
9555,Conférence,Observatoire,2023-06-03,2023-06-06
9556,Festival,Ménilmontant,2023-04-28,2023-04-30
9557,Salon,Observatoire,2023-12-17,2023-12-19
9558,Concert,Ménilmontant,2023-04-29,2023-05-02
9559,Salon,Buttes-Chaumont,2023-12-20,2023-12-21
9560,Salon,Ménilmontant,2023-07-29,2023-08-02
9561,Festival,Popincourt,2023-08-21,2023-08-24
9562,Concert,Popincourt,2023-05-04,2023-05-08
9563,Festival,Buttes-Chaumont,2023-03-19,2023-03-21
9564,Salon,Popincourt,2023-05-13,2023-05-15
9565,Concert,Élysée,2023-08-03,2023-08-06
9566,Salon,Louvre,2023-09-13,2023-09-17
9567,Festival,Hôtel-de-Ville,2023-01-01,2023-01-02
9568,Festival,Buttes-Chaumont,2023-12-06,2023-12-08
9569,Conférence,Opéra,2023-08-23,2023-08-27
9570,Concert,Batignolles-Monceau,2023-05-05,2023-05-06
9571,Conférence,Buttes-Montmartre,2023-04-11,2023-04-15
9572,Concert,Observatoire,2023-03-06,2023-03-08
9573,Compétition Sportive,Louvre,2023-09-23,2023-09-25
9574,Concert,Hôtel-de-Ville,2023-09-04,2023-09-07
9575,Salon,Popincourt,2023-06-27,2023-07-01
9576,Concert,Palais-Bourbon,2023-11-03,2023-11-05
9577,Conférence,Buttes-Chaumont,2023-11-21,2023-11-25
9578,Festival,Luxembourg,2023-10-24,2023-10-27
9579,Festival,Passy,2023-03-18,2023-03-20
9580,Concert,Popincourt,2023-03-09,2023-03-11
9581,Compétition Sportive,Temple,2023-10-07,2023-10-08
9582,Festival,Louvre,2023-04-22,2023-04-25
9583,Festival,Batignolles-Monceau,2023-11-08,2023-11-12
9584,Festival,Luxembourg,2023-08-16,2023-08-20
9585,Compétition Sportive,Buttes-Montmartre,2023-08-23,2023-08-24
9586,Conférence,Hôtel-de-Ville,2023-10-19,2023-10-22
9587,Concert,Popincourt,2023-09-15,2023-09-19
9588,Compétition Sportive,Palais-Bourbon,2023-02-25,2023-03-01
9589,Concert,Panthéon,2023-09-25,2023-09-26
9590,Salon,Buttes-Montmartre,2023-12-07,2023-12-09
9591,Concert,Observatoire,2023-03-13,2023-03-17
9592,Festival,Palais-Bourbon,2023-07-31,2023-08-03
9593,Compétition Sportive,Popincourt,2023-03-03,2023-03-07
9594,Compétition Sportive,Ménilmontant,2023-01-28,2023-02-01
9595,Conférence,Panthéon,2023-12-11,2023-12-14
9596,Salon,Temple,2023-06-05,2023-06-08
9597,Conférence,Popincourt,2023-01-04,2023-01-06
9598,Conférence,Élysée,2023-12-12,2023-12-16
9599,Salon,Hôtel-de-Ville,2023-03-24,2023-03-26
9600,Festival,Buttes-Montmartre,2023-04-08,2023-04-11
9601,Compétition Sportive,Panthéon,2023-08-25,2023-08-26
9602,Concert,Reuilly,2023-09-17,2023-09-18
9603,Salon,Bourse,2023-03-25,2023-03-27
9604,Conférence,Gobelins,2023-12-27,2023-12-31
9605,Concert,Passy,2023-04-18,2023-04-20
9606,Salon,Bourse,2023-12-24,2023-12-28
9607,Salon,Vaugirard,2023-12-16,2023-12-17
9608,Festival,Popincourt,2023-05-14,2023-05-15
9609,Festival,Bourse,2023-08-18,2023-08-20
9610,Compétition Sportive,Popincourt,2023-11-29,2023-12-03
9611,Compétition Sportive,Popincourt,2023-04-28,2023-05-02
9612,Concert,Ménilmontant,2023-03-22,2023-03-26
9613,Compétition Sportive,Panthéon,2023-06-04,2023-06-08
9614,Salon,Hôtel-de-Ville,2023-10-18,2023-10-19
9615,Salon,Vaugirard,2023-08-20,2023-08-21
9616,Salon,Passy,2023-07-29,2023-07-30
9617,Salon,Hôtel-de-Ville,2023-07-05,2023-07-07
9618,Festival,Hôtel-de-Ville,2023-12-06,2023-12-07
9619,Salon,Vaugirard,2023-07-10,2023-07-13
9620,Salon,Opéra,2023-04-25,2023-04-27
9621,Salon,Luxembourg,2023-12-17,2023-12-20
9622,Conférence,Hôtel-de-Ville,2023-04-11,2023-04-15
9623,Concert,Reuilly,2023-12-05,2023-12-08
9624,Concert,Opéra,2023-12-19,2023-12-23
9625,Salon,Reuilly,2023-03-22,2023-03-23
9626,Salon,Panthéon,2023-02-02,2023-02-05
9627,Concert,Gobelins,2023-04-10,2023-04-12
9628,Compétition Sportive,Luxembourg,2023-11-21,2023-11-25
9629,Conférence,Élysée,2023-02-09,2023-02-11
9630,Conférence,Buttes-Chaumont,2023-09-07,2023-09-09
9631,Compétition Sportive,Panthéon,2023-02-16,2023-02-18
9632,Salon,Ménilmontant,2023-06-22,2023-06-23
9633,Concert,Luxembourg,2023-10-10,2023-10-12
9634,Conférence,Ménilmontant,2023-05-15,2023-05-18
9635,Compétition Sportive,Gobelins,2023-01-14,2023-01-15
9636,Compétition Sportive,Passy,2023-04-24,2023-04-28
9637,Festival,Vaugirard,2023-07-29,2023-08-02
9638,Compétition Sportive,Élysée,2023-06-11,2023-06-13
9639,Festival,Popincourt,2023-12-02,2023-12-06
9640,Festival,Élysée,2023-12-13,2023-12-17
9641,Conférence,Vaugirard,2023-02-15,2023-02-18
9642,Salon,Buttes-Montmartre,2023-05-27,2023-05-30
9643,Salon,Hôtel-de-Ville,2023-05-09,2023-05-11
9644,Compétition Sportive,Passy,2023-08-24,2023-08-26
9645,Concert,Reuilly,2023-05-31,2023-06-03
9646,Concert,Temple,2023-04-22,2023-04-25
9647,Festival,Batignolles-Monceau,2023-07-20,2023-07-22
9648,Compétition Sportive,Temple,2023-10-11,2023-10-14
9649,Compétition Sportive,Popincourt,2023-12-06,2023-12-08
9650,Salon,Vaugirard,2023-12-02,2023-12-03
9651,Concert,Entrepôt,2023-11-29,2023-11-30
9652,Conférence,Louvre,2023-07-26,2023-07-30
9653,Compétition Sportive,Batignolles-Monceau,2023-01-16,2023-01-20
9654,Compétition Sportive,Reuilly,2023-05-07,2023-05-09
9655,Salon,Palais-Bourbon,2023-10-13,2023-10-15
9656,Conférence,Vaugirard,2023-03-19,2023-03-21
9657,Conférence,Louvre,2023-02-02,2023-02-06
9658,Conférence,Hôtel-de-Ville,2023-02-06,2023-02-09
9659,Conférence,Buttes-Montmartre,2023-06-06,2023-06-09
9660,Concert,Buttes-Montmartre,2023-06-14,2023-06-18
9661,Festival,Vaugirard,2023-07-08,2023-07-09
9662,Conférence,Reuilly,2023-01-08,2023-01-10
9663,Festival,Observatoire,2023-09-14,2023-09-16
9664,Festival,Buttes-Chaumont,2023-11-15,2023-11-19
9665,Salon,Entrepôt,2023-08-04,2023-08-06
9666,Conférence,Opéra,2023-04-24,2023-04-27
9667,Concert,Luxembourg,2023-07-12,2023-07-14
9668,Salon,Louvre,2023-06-23,2023-06-26
9669,Salon,Batignolles-Monceau,2023-04-30,2023-05-04
9670,Festival,Temple,2023-01-10,2023-01-11
9671,Compétition Sportive,Vaugirard,2023-07-29,2023-07-31
9672,Concert,Palais-Bourbon,2023-08-01,2023-08-05
9673,Conférence,Popincourt,2023-09-23,2023-09-25
9674,Conférence,Élysée,2023-03-03,2023-03-06
9675,Concert,Gobelins,2023-03-27,2023-03-29
9676,Conférence,Reuilly,2023-02-14,2023-02-18
9677,Compétition Sportive,Luxembourg,2023-07-20,2023-07-24
9678,Compétition Sportive,Louvre,2023-07-20,2023-07-23
9679,Conférence,Entrepôt,2023-04-14,2023-04-16
9680,Salon,Hôtel-de-Ville,2023-10-28,2023-10-29
9681,Conférence,Louvre,2023-03-26,2023-03-30
9682,Conférence,Bourse,2023-07-05,2023-07-07
9683,Concert,Temple,2023-04-05,2023-04-08
9684,Compétition Sportive,Bourse,2023-07-13,2023-07-17
9685,Salon,Buttes-Chaumont,2023-08-31,2023-09-02
9686,Concert,Bourse,2023-09-02,2023-09-05
9687,Concert,Palais-Bourbon,2023-01-24,2023-01-26
9688,Salon,Observatoire,2023-08-13,2023-08-16
9689,Salon,Popincourt,2023-07-02,2023-07-04
9690,Concert,Ménilmontant,2023-04-23,2023-04-24
9691,Conférence,Observatoire,2023-06-28,2023-06-30
9692,Salon,Reuilly,2023-07-19,2023-07-22
9693,Festival,Opéra,2023-11-25,2023-11-26
9694,Salon,Palais-Bourbon,2023-10-04,2023-10-05
9695,Concert,Reuilly,2023-10-30,2023-11-03
9696,Festival,Ménilmontant,2023-10-23,2023-10-27
9697,Concert,Panthéon,2023-05-11,2023-05-15
9698,Compétition Sportive,Palais-Bourbon,2023-10-08,2023-10-11
9699,Compétition Sportive,Buttes-Montmartre,2023-07-29,2023-08-01
9700,Conférence,Observatoire,2023-05-04,2023-05-06
9701,Salon,Buttes-Montmartre,2023-09-24,2023-09-25
9702,Concert,Buttes-Chaumont,2023-04-04,2023-04-07
9703,Festival,Panthéon,2023-03-30,2023-04-01
9704,Salon,Ménilmontant,2023-07-22,2023-07-24
9705,Conférence,Élysée,2023-08-14,2023-08-17
9706,Concert,Gobelins,2023-03-29,2023-03-30
9707,Concert,Temple,2023-10-31,2023-11-03
9708,Compétition Sportive,Ménilmontant,2023-06-09,2023-06-11
9709,Conférence,Gobelins,2023-03-30,2023-04-02
9710,Concert,Batignolles-Monceau,2023-05-02,2023-05-06
9711,Compétition Sportive,Bourse,2023-04-19,2023-04-21
9712,Compétition Sportive,Buttes-Montmartre,2023-10-03,2023-10-06
9713,Festival,Palais-Bourbon,2023-09-05,2023-09-08
9714,Conférence,Buttes-Montmartre,2023-11-03,2023-11-04
9715,Conférence,Observatoire,2023-03-22,2023-03-23
9716,Concert,Batignolles-Monceau,2023-01-20,2023-01-24
9717,Festival,Buttes-Chaumont,2023-01-14,2023-01-16
9718,Salon,Buttes-Chaumont,2023-08-14,2023-08-18
9719,Concert,Hôtel-de-Ville,2023-12-02,2023-12-06
9720,Compétition Sportive,Batignolles-Monceau,2023-02-01,2023-02-05
9721,Salon,Temple,2023-07-19,2023-07-20
9722,Salon,Batignolles-Monceau,2023-06-19,2023-06-22
9723,Concert,Bourse,2023-05-02,2023-05-06
9724,Festival,Bourse,2023-07-11,2023-07-12
9725,Conférence,Vaugirard,2023-01-04,2023-01-07
9726,Festival,Bourse,2023-08-15,2023-08-18
9727,Concert,Buttes-Montmartre,2023-05-04,2023-05-06
9728,Conférence,Bourse,2023-08-08,2023-08-09
9729,Salon,Élysée,2023-07-10,2023-07-14
9730,Compétition Sportive,Luxembourg,2023-08-23,2023-08-25
9731,Festival,Luxembourg,2023-11-13,2023-11-16
9732,Conférence,Vaugirard,2023-11-30,2023-12-04
9733,Festival,Gobelins,2023-07-13,2023-07-17
9734,Conférence,Buttes-Chaumont,2023-02-14,2023-02-17
9735,Compétition Sportive,Passy,2023-11-02,2023-11-04
9736,Concert,Buttes-Chaumont,2023-03-29,2023-03-31
9737,Concert,Louvre,2023-05-11,2023-05-13
9738,Conférence,Palais-Bourbon,2023-01-23,2023-01-26
9739,Conférence,Reuilly,2023-10-21,2023-10-22
9740,Concert,Gobelins,2023-09-19,2023-09-22
9741,Salon,Buttes-Chaumont,2023-11-22,2023-11-25
9742,Salon,Panthéon,2023-06-17,2023-06-21
9743,Salon,Popincourt,2023-09-12,2023-09-15
9744,Compétition Sportive,Élysée,2023-02-04,2023-02-07
9745,Conférence,Observatoire,2023-01-25,2023-01-26
9746,Festival,Palais-Bourbon,2023-08-02,2023-08-05
9747,Festival,Entrepôt,2023-03-22,2023-03-26
9748,Conférence,Opéra,2023-11-19,2023-11-21
9749,Concert,Popincourt,2023-03-09,2023-03-13
9750,Conférence,Opéra,2023-12-21,2023-12-22
9751,Salon,Ménilmontant,2023-11-07,2023-11-11
9752,Salon,Temple,2023-08-08,2023-08-10
9753,Festival,Vaugirard,2023-06-20,2023-06-22
9754,Conférence,Vaugirard,2023-01-02,2023-01-05
9755,Festival,Entrepôt,2023-02-14,2023-02-18
9756,Concert,Panthéon,2023-06-25,2023-06-29
9757,Compétition Sportive,Opéra,2023-03-03,2023-03-07
9758,Compétition Sportive,Élysée,2023-02-16,2023-02-17
9759,Concert,Buttes-Montmartre,2023-01-04,2023-01-07
9760,Salon,Observatoire,2023-07-07,2023-07-08
9761,Salon,Entrepôt,2023-08-27,2023-08-28
9762,Salon,Observatoire,2023-02-18,2023-02-20
9763,Festival,Batignolles-Monceau,2023-03-17,2023-03-18
9764,Festival,Buttes-Montmartre,2023-02-03,2023-02-05
9765,Compétition Sportive,Vaugirard,2023-10-27,2023-10-31
9766,Salon,Opéra,2023-08-21,2023-08-24
9767,Salon,Temple,2023-12-16,2023-12-18
9768,Concert,Palais-Bourbon,2023-12-07,2023-12-09
9769,Compétition Sportive,Palais-Bourbon,2023-02-25,2023-02-26
9770,Festival,Gobelins,2023-10-25,2023-10-29
9771,Compétition Sportive,Vaugirard,2023-11-02,2023-11-03
9772,Salon,Popincourt,2023-07-16,2023-07-18
9773,Salon,Hôtel-de-Ville,2023-10-16,2023-10-19
9774,Festival,Entrepôt,2023-08-14,2023-08-18
9775,Festival,Opéra,2023-08-12,2023-08-16
9776,Compétition Sportive,Buttes-Montmartre,2023-12-13,2023-12-15
9777,Conférence,Vaugirard,2023-03-08,2023-03-11
9778,Salon,Observatoire,2023-12-26,2023-12-29
9779,Salon,Bourse,2023-02-11,2023-02-12
9780,Conférence,Panthéon,2023-08-31,2023-09-03
9781,Compétition Sportive,Palais-Bourbon,2023-02-13,2023-02-15
9782,Concert,Élysée,2023-04-10,2023-04-11
9783,Concert,Louvre,2023-02-05,2023-02-09
9784,Salon,Hôtel-de-Ville,2023-05-03,2023-05-04
9785,Concert,Louvre,2023-07-03,2023-07-04
9786,Compétition Sportive,Buttes-Chaumont,2023-01-03,2023-01-06
9787,Concert,Buttes-Chaumont,2023-02-25,2023-02-27
9788,Festival,Ménilmontant,2023-10-22,2023-10-26
9789,Compétition Sportive,Reuilly,2023-06-17,2023-06-19
9790,Conférence,Hôtel-de-Ville,2023-10-22,2023-10-23
9791,Salon,Buttes-Montmartre,2023-04-18,2023-04-21
9792,Compétition Sportive,Élysée,2023-03-08,2023-03-10
9793,Concert,Popincourt,2023-12-22,2023-12-26
9794,Compétition Sportive,Temple,2023-08-17,2023-08-20
9795,Conférence,Hôtel-de-Ville,2023-04-04,2023-04-08
9796,Compétition Sportive,Entrepôt,2023-11-17,2023-11-21
9797,Conférence,Palais-Bourbon,2023-01-03,2023-01-04
9798,Conférence,Batignolles-Monceau,2023-08-18,2023-08-20
9799,Compétition Sportive,Buttes-Chaumont,2023-05-11,2023-05-13
9800,Salon,Élysée,2023-02-06,2023-02-10
9801,Salon,Popincourt,2023-12-20,2023-12-23
9802,Concert,Gobelins,2023-12-05,2023-12-08
9803,Compétition Sportive,Buttes-Chaumont,2023-08-07,2023-08-08
9804,Compétition Sportive,Vaugirard,2023-06-01,2023-06-02
9805,Festival,Gobelins,2023-07-17,2023-07-19
9806,Salon,Reuilly,2023-03-06,2023-03-10
9807,Conférence,Élysée,2023-05-01,2023-05-03
9808,Festival,Palais-Bourbon,2023-12-05,2023-12-06
9809,Compétition Sportive,Vaugirard,2023-05-02,2023-05-04
9810,Festival,Hôtel-de-Ville,2023-11-26,2023-11-30
9811,Salon,Opéra,2023-06-09,2023-06-11
9812,Compétition Sportive,Élysée,2023-07-09,2023-07-13
9813,Salon,Opéra,2023-04-11,2023-04-14
9814,Festival,Gobelins,2023-10-19,2023-10-21
9815,Concert,Gobelins,2023-03-07,2023-03-10
9816,Conférence,Buttes-Chaumont,2023-09-27,2023-09-28
9817,Conférence,Ménilmontant,2023-02-15,2023-02-16
9818,Concert,Entrepôt,2023-07-24,2023-07-28
9819,Concert,Gobelins,2023-11-02,2023-11-03
9820,Concert,Ménilmontant,2023-11-13,2023-11-16
9821,Salon,Batignolles-Monceau,2023-01-27,2023-01-31
9822,Compétition Sportive,Palais-Bourbon,2023-11-06,2023-11-10
9823,Concert,Luxembourg,2023-01-29,2023-02-02
9824,Salon,Entrepôt,2023-09-26,2023-09-27
9825,Festival,Observatoire,2023-01-25,2023-01-29
9826,Festival,Louvre,2023-12-10,2023-12-14
9827,Concert,Palais-Bourbon,2023-04-10,2023-04-13
9828,Festival,Louvre,2023-10-09,2023-10-13
9829,Concert,Gobelins,2023-02-17,2023-02-19
9830,Festival,Louvre,2023-06-13,2023-06-17
9831,Festival,Palais-Bourbon,2023-07-27,2023-07-31
9832,Compétition Sportive,Buttes-Chaumont,2023-03-15,2023-03-18
9833,Compétition Sportive,Bourse,2023-02-26,2023-02-28
9834,Festival,Ménilmontant,2023-04-01,2023-04-02
9835,Compétition Sportive,Gobelins,2023-07-13,2023-07-15
9836,Concert,Ménilmontant,2023-07-19,2023-07-23
9837,Conférence,Gobelins,2023-01-09,2023-01-11
9838,Concert,Ménilmontant,2023-11-29,2023-11-30
9839,Compétition Sportive,Panthéon,2023-09-01,2023-09-03
9840,Salon,Vaugirard,2023-03-13,2023-03-15
9841,Festival,Popincourt,2023-10-10,2023-10-14
9842,Compétition Sportive,Gobelins,2023-02-15,2023-02-18
9843,Compétition Sportive,Buttes-Chaumont,2023-11-15,2023-11-19
9844,Compétition Sportive,Passy,2023-08-01,2023-08-05
9845,Concert,Observatoire,2023-10-24,2023-10-26
9846,Festival,Opéra,2023-12-15,2023-12-16
9847,Conférence,Panthéon,2023-06-07,2023-06-10
9848,Compétition Sportive,Passy,2023-06-21,2023-06-25
9849,Salon,Palais-Bourbon,2023-09-14,2023-09-16
9850,Festival,Buttes-Chaumont,2023-02-16,2023-02-20
9851,Conférence,Entrepôt,2023-08-09,2023-08-10
9852,Salon,Panthéon,2023-08-22,2023-08-26
9853,Conférence,Vaugirard,2023-06-07,2023-06-10
9854,Conférence,Observatoire,2023-01-15,2023-01-18
9855,Festival,Reuilly,2023-03-25,2023-03-27
9856,Concert,Vaugirard,2023-06-15,2023-06-19
9857,Salon,Opéra,2023-01-23,2023-01-26
9858,Compétition Sportive,Gobelins,2023-07-04,2023-07-08
9859,Conférence,Vaugirard,2023-07-28,2023-07-31
9860,Salon,Passy,2023-02-04,2023-02-05
9861,Festival,Gobelins,2023-07-13,2023-07-14
9862,Salon,Batignolles-Monceau,2023-08-27,2023-08-30
9863,Compétition Sportive,Bourse,2023-06-30,2023-07-03
9864,Compétition Sportive,Vaugirard,2023-01-31,2023-02-04
9865,Festival,Buttes-Chaumont,2023-10-14,2023-10-18
9866,Salon,Buttes-Montmartre,2023-07-19,2023-07-22
9867,Concert,Élysée,2023-06-30,2023-07-03
9868,Concert,Vaugirard,2023-07-03,2023-07-07
9869,Conférence,Buttes-Chaumont,2023-03-24,2023-03-27
9870,Conférence,Vaugirard,2023-02-13,2023-02-14
9871,Salon,Buttes-Chaumont,2023-02-27,2023-03-03
9872,Conférence,Observatoire,2023-05-21,2023-05-22
9873,Compétition Sportive,Louvre,2023-11-13,2023-11-17
9874,Festival,Temple,2023-03-09,2023-03-12
9875,Conférence,Luxembourg,2023-06-28,2023-06-30
9876,Concert,Popincourt,2023-05-05,2023-05-09
9877,Compétition Sportive,Opéra,2023-07-09,2023-07-13
9878,Concert,Hôtel-de-Ville,2023-12-17,2023-12-19
9879,Conférence,Buttes-Chaumont,2023-07-10,2023-07-12
9880,Conférence,Opéra,2023-03-13,2023-03-14
9881,Compétition Sportive,Élysée,2023-11-24,2023-11-27
9882,Concert,Entrepôt,2023-11-03,2023-11-05
9883,Festival,Reuilly,2023-03-27,2023-03-31
9884,Festival,Entrepôt,2023-06-17,2023-06-19
9885,Compétition Sportive,Hôtel-de-Ville,2023-06-06,2023-06-08
9886,Conférence,Observatoire,2023-11-25,2023-11-28
9887,Compétition Sportive,Popincourt,2023-05-25,2023-05-28
9888,Concert,Élysée,2023-01-01,2023-01-02
9889,Festival,Élysée,2023-12-30,2024-01-02
9890,Conférence,Gobelins,2023-04-06,2023-04-07
9891,Concert,Gobelins,2023-07-31,2023-08-02
9892,Festival,Vaugirard,2023-01-01,2023-01-02
9893,Festival,Hôtel-de-Ville,2023-06-18,2023-06-19
9894,Salon,Popincourt,2023-08-07,2023-08-10
9895,Conférence,Gobelins,2023-05-31,2023-06-02
9896,Compétition Sportive,Observatoire,2023-10-01,2023-10-02
9897,Salon,Opéra,2023-09-01,2023-09-03
9898,Festival,Vaugirard,2023-04-05,2023-04-09
9899,Conférence,Reuilly,2023-06-05,2023-06-09
9900,Conférence,Gobelins,2023-03-26,2023-03-30
9901,Salon,Buttes-Montmartre,2023-05-20,2023-05-22
9902,Concert,Gobelins,2023-08-17,2023-08-21
9903,Concert,Ménilmontant,2023-03-29,2023-04-01
9904,Compétition Sportive,Temple,2023-02-18,2023-02-20
9905,Conférence,Buttes-Chaumont,2023-08-31,2023-09-04
9906,Salon,Popincourt,2023-04-07,2023-04-11
9907,Festival,Opéra,2023-01-16,2023-01-17
9908,Concert,Buttes-Montmartre,2023-09-13,2023-09-15
9909,Salon,Buttes-Chaumont,2023-06-04,2023-06-08
9910,Compétition Sportive,Batignolles-Monceau,2023-06-30,2023-07-02
9911,Compétition Sportive,Buttes-Chaumont,2023-12-14,2023-12-16
9912,Conférence,Observatoire,2023-06-13,2023-06-16
9913,Compétition Sportive,Louvre,2023-10-17,2023-10-21
9914,Compétition Sportive,Reuilly,2023-11-17,2023-11-20
9915,Concert,Vaugirard,2023-01-04,2023-01-08
9916,Concert,Panthéon,2023-04-28,2023-04-30
9917,Compétition Sportive,Temple,2023-01-26,2023-01-28
9918,Conférence,Bourse,2023-05-28,2023-05-30
9919,Concert,Batignolles-Monceau,2023-07-24,2023-07-26
9920,Concert,Passy,2023-04-09,2023-04-13
9921,Compétition Sportive,Palais-Bourbon,2023-05-18,2023-05-19
9922,Conférence,Luxembourg,2023-09-21,2023-09-23
9923,Compétition Sportive,Élysée,2023-05-25,2023-05-29
9924,Festival,Buttes-Montmartre,2023-03-10,2023-03-12
9925,Festival,Buttes-Chaumont,2023-10-13,2023-10-14
9926,Conférence,Élysée,2023-04-05,2023-04-09
9927,Festival,Gobelins,2023-03-02,2023-03-04
9928,Conférence,Passy,2023-01-24,2023-01-27
9929,Festival,Buttes-Chaumont,2023-03-22,2023-03-23
9930,Salon,Popincourt,2023-09-02,2023-09-05
9931,Concert,Buttes-Chaumont,2023-08-14,2023-08-17
9932,Compétition Sportive,Temple,2023-04-17,2023-04-19
9933,Conférence,Gobelins,2023-02-04,2023-02-07
9934,Festival,Vaugirard,2023-04-28,2023-05-02
9935,Salon,Luxembourg,2023-07-08,2023-07-09
9936,Festival,Ménilmontant,2023-12-20,2023-12-24
9937,Salon,Gobelins,2023-11-24,2023-11-27
9938,Compétition Sportive,Entrepôt,2023-09-28,2023-10-02
9939,Concert,Louvre,2023-10-19,2023-10-20
9940,Concert,Hôtel-de-Ville,2023-05-02,2023-05-05
9941,Salon,Palais-Bourbon,2023-11-07,2023-11-08
9942,Festival,Temple,2023-06-14,2023-06-16
9943,Concert,Popincourt,2023-03-03,2023-03-05
9944,Festival,Reuilly,2023-11-16,2023-11-20
9945,Conférence,Élysée,2023-08-06,2023-08-10
9946,Festival,Hôtel-de-Ville,2023-12-20,2023-12-23
9947,Conférence,Reuilly,2023-07-22,2023-07-25
9948,Conférence,Batignolles-Monceau,2023-09-25,2023-09-27
9949,Concert,Entrepôt,2023-11-24,2023-11-26
9950,Conférence,Bourse,2023-08-26,2023-08-27
9951,Festival,Bourse,2023-05-16,2023-05-18
9952,Compétition Sportive,Louvre,2023-10-24,2023-10-26
9953,Festival,Gobelins,2023-03-10,2023-03-11
9954,Salon,Gobelins,2023-04-19,2023-04-21
9955,Salon,Panthéon,2023-09-16,2023-09-20
9956,Festival,Entrepôt,2023-02-12,2023-02-13
9957,Salon,Gobelins,2023-03-27,2023-03-29
9958,Compétition Sportive,Temple,2023-10-08,2023-10-09
9959,Salon,Louvre,2023-01-04,2023-01-06
9960,Concert,Bourse,2023-02-06,2023-02-08
9961,Compétition Sportive,Temple,2023-05-16,2023-05-19
9962,Concert,Ménilmontant,2023-01-09,2023-01-10
9963,Concert,Vaugirard,2023-03-20,2023-03-24
9964,Compétition Sportive,Passy,2023-08-31,2023-09-02
9965,Concert,Vaugirard,2023-12-30,2024-01-03
9966,Salon,Hôtel-de-Ville,2023-09-29,2023-10-02
9967,Festival,Vaugirard,2023-06-21,2023-06-25
9968,Compétition Sportive,Panthéon,2023-08-27,2023-08-30
9969,Festival,Hôtel-de-Ville,2023-03-06,2023-03-07
9970,Compétition Sportive,Popincourt,2023-01-14,2023-01-17
9971,Compétition Sportive,Bourse,2023-08-07,2023-08-09
9972,Concert,Entrepôt,2023-05-06,2023-05-09
9973,Festival,Hôtel-de-Ville,2023-01-26,2023-01-27
9974,Salon,Buttes-Chaumont,2023-09-10,2023-09-11
9975,Festival,Hôtel-de-Ville,2023-09-29,2023-10-01
9976,Compétition Sportive,Gobelins,2023-08-08,2023-08-10
9977,Salon,Buttes-Chaumont,2023-12-12,2023-12-16
9978,Concert,Entrepôt,2023-07-22,2023-07-24
9979,Salon,Passy,2023-01-23,2023-01-26
9980,Salon,Panthéon,2023-04-04,2023-04-06
9981,Festival,Gobelins,2023-11-12,2023-11-16
9982,Compétition Sportive,Hôtel-de-Ville,2023-08-11,2023-08-13
9983,Compétition Sportive,Buttes-Chaumont,2023-05-28,2023-06-01
9984,Compétition Sportive,Passy,2023-11-26,2023-11-28
9985,Conférence,Entrepôt,2023-02-28,2023-03-01
9986,Concert,Vaugirard,2023-06-08,2023-06-10
9987,Festival,Batignolles-Monceau,2023-05-12,2023-05-15
9988,Compétition Sportive,Buttes-Montmartre,2023-09-13,2023-09-14
9989,Salon,Élysée,2023-01-18,2023-01-20
9990,Conférence,Reuilly,2023-07-10,2023-07-12
9991,Concert,Reuilly,2023-12-30,2023-12-31
9992,Compétition Sportive,Opéra,2023-08-11,2023-08-12
9993,Conférence,Batignolles-Monceau,2023-01-19,2023-01-20
9994,Concert,Buttes-Montmartre,2023-11-18,2023-11-21
9995,Salon,Gobelins,2023-11-30,2023-12-02
9996,Conférence,Luxembourg,2023-12-22,2023-12-26
9997,Festival,Observatoire,2023-12-29,2023-12-31
9998,Concert,Luxembourg,2023-04-29,2023-05-01
9999,Conférence,Batignolles-Monceau,2023-10-29,2023-10-30
10000,Conférence,Temple,2023-08-08,2023-08-12
10001,Concert,Bourse,2023-06-15,2023-06-17
10002,Conférence,Opéra,2023-06-06,2023-06-08
10003,Conférence,Gobelins,2023-09-05,2023-09-06
10004,Concert,Hôtel-de-Ville,2023-12-13,2023-12-15
10005,Salon,Gobelins,2023-09-12,2023-09-15
10006,Festival,Temple,2023-06-25,2023-06-27
10007,Concert,Louvre,2023-06-25,2023-06-28
10008,Compétition Sportive,Passy,2023-07-08,2023-07-09
10009,Conférence,Batignolles-Monceau,2023-06-25,2023-06-27
10010,Festival,Gobelins,2023-03-23,2023-03-26
10011,Festival,Passy,2023-09-21,2023-09-23
10012,Concert,Observatoire,2023-11-26,2023-11-27
10013,Compétition Sportive,Observatoire,2023-08-02,2023-08-03
10014,Compétition Sportive,Batignolles-Monceau,2023-03-29,2023-03-31
10015,Salon,Reuilly,2023-11-19,2023-11-20
10016,Compétition Sportive,Buttes-Montmartre,2023-09-27,2023-09-30
10017,Concert,Bourse,2023-09-13,2023-09-14
10018,Festival,Palais-Bourbon,2023-02-16,2023-02-17
10019,Festival,Temple,2023-01-24,2023-01-27
10020,Compétition Sportive,Observatoire,2023-12-13,2023-12-15
10021,Conférence,Gobelins,2023-09-07,2023-09-08
10022,Salon,Batignolles-Monceau,2023-10-14,2023-10-16
10023,Compétition Sportive,Bourse,2023-02-17,2023-02-20
10024,Concert,Entrepôt,2023-02-14,2023-02-16
10025,Salon,Buttes-Chaumont,2023-06-06,2023-06-07
10026,Compétition Sportive,Buttes-Montmartre,2023-04-29,2023-04-30
10027,Salon,Reuilly,2023-04-20,2023-04-21
10028,Conférence,Passy,2023-07-10,2023-07-13
10029,Concert,Hôtel-de-Ville,2023-02-17,2023-02-18
10030,Compétition Sportive,Élysée,2023-07-13,2023-07-15
10031,Festival,Élysée,2023-02-06,2023-02-10
10032,Concert,Passy,2023-09-08,2023-09-12
10033,Conférence,Batignolles-Monceau,2023-05-06,2023-05-07
10034,Conférence,Louvre,2023-02-14,2023-02-17
10035,Festival,Bourse,2023-07-04,2023-07-06
10036,Concert,Passy,2023-01-18,2023-01-20
10037,Compétition Sportive,Panthéon,2023-01-13,2023-01-16
10038,Festival,Reuilly,2023-11-25,2023-11-27
10039,Compétition Sportive,Buttes-Chaumont,2023-10-12,2023-10-13
10040,Salon,Reuilly,2023-11-08,2023-11-10
10041,Compétition Sportive,Luxembourg,2023-07-21,2023-07-25
10042,Salon,Élysée,2023-01-20,2023-01-23
10043,Compétition Sportive,Gobelins,2023-08-17,2023-08-19
10044,Salon,Popincourt,2023-08-21,2023-08-23
10045,Concert,Observatoire,2023-07-08,2023-07-11
10046,Conférence,Batignolles-Monceau,2023-03-27,2023-03-29
10047,Concert,Buttes-Chaumont,2023-04-28,2023-05-01
10048,Festival,Hôtel-de-Ville,2023-06-20,2023-06-21
10049,Concert,Observatoire,2023-06-24,2023-06-27
10050,Concert,Panthéon,2023-10-09,2023-10-11
10051,Conférence,Palais-Bourbon,2023-05-09,2023-05-11
10052,Concert,Vaugirard,2023-08-11,2023-08-12
10053,Festival,Opéra,2023-07-20,2023-07-22
10054,Concert,Batignolles-Monceau,2023-01-26,2023-01-30
10055,Concert,Temple,2023-03-05,2023-03-09
10056,Concert,Entrepôt,2023-07-09,2023-07-11
10057,Concert,Buttes-Montmartre,2023-09-19,2023-09-21
10058,Conférence,Hôtel-de-Ville,2023-09-06,2023-09-08
10059,Conférence,Entrepôt,2023-04-20,2023-04-23
10060,Festival,Passy,2023-11-14,2023-11-16
10061,Festival,Observatoire,2023-03-07,2023-03-10
10062,Festival,Élysée,2023-06-19,2023-06-21
10063,Concert,Opéra,2023-01-27,2023-01-29
10064,Compétition Sportive,Ménilmontant,2023-11-17,2023-11-19
10065,Concert,Panthéon,2023-10-13,2023-10-14
10066,Compétition Sportive,Buttes-Chaumont,2023-03-23,2023-03-26
10067,Festival,Palais-Bourbon,2023-04-08,2023-04-09
10068,Concert,Hôtel-de-Ville,2023-08-01,2023-08-03
10069,Festival,Élysée,2023-03-06,2023-03-07
10070,Conférence,Reuilly,2023-06-24,2023-06-25
10071,Festival,Batignolles-Monceau,2023-06-09,2023-06-13
10072,Concert,Bourse,2023-12-29,2023-12-30
10073,Conférence,Louvre,2023-06-11,2023-06-14
10074,Conférence,Reuilly,2023-04-27,2023-04-29
10075,Compétition Sportive,Palais-Bourbon,2023-09-27,2023-09-29
10076,Salon,Louvre,2023-01-05,2023-01-09
10077,Conférence,Palais-Bourbon,2023-02-05,2023-02-09
10078,Salon,Gobelins,2023-05-06,2023-05-09
10079,Festival,Louvre,2023-09-03,2023-09-06
10080,Festival,Passy,2023-12-18,2023-12-20
10081,Conférence,Vaugirard,2023-09-22,2023-09-24
10082,Compétition Sportive,Popincourt,2023-04-19,2023-04-20
10083,Festival,Reuilly,2023-06-12,2023-06-15
10084,Salon,Opéra,2023-11-27,2023-12-01
10085,Conférence,Observatoire,2023-02-15,2023-02-17
10086,Conférence,Ménilmontant,2023-04-15,2023-04-17
10087,Compétition Sportive,Batignolles-Monceau,2023-09-26,2023-09-27
10088,Conférence,Observatoire,2023-03-02,2023-03-06
10089,Concert,Bourse,2023-01-30,2023-02-01
10090,Salon,Buttes-Montmartre,2023-04-08,2023-04-11
10091,Concert,Temple,2023-02-01,2023-02-04
10092,Concert,Palais-Bourbon,2023-12-04,2023-12-07
10093,Salon,Panthéon,2023-08-19,2023-08-20
10094,Conférence,Hôtel-de-Ville,2023-11-08,2023-11-09
10095,Conférence,Bourse,2023-07-14,2023-07-17
10096,Concert,Louvre,2023-12-25,2023-12-29
10097,Salon,Opéra,2023-11-07,2023-11-09
10098,Festival,Bourse,2023-04-08,2023-04-10
10099,Salon,Observatoire,2023-05-16,2023-05-18
10100,Concert,Batignolles-Monceau,2023-02-01,2023-02-04
10101,Salon,Palais-Bourbon,2023-12-26,2023-12-29
10102,Salon,Panthéon,2023-11-30,2023-12-03
10103,Festival,Hôtel-de-Ville,2023-11-21,2023-11-22
10104,Compétition Sportive,Hôtel-de-Ville,2023-09-20,2023-09-21
10105,Compétition Sportive,Hôtel-de-Ville,2023-10-03,2023-10-06
10106,Festival,Observatoire,2023-11-14,2023-11-17
10107,Salon,Panthéon,2023-05-29,2023-06-02
10108,Concert,Batignolles-Monceau,2023-04-02,2023-04-04
10109,Festival,Temple,2023-02-07,2023-02-08
10110,Compétition Sportive,Vaugirard,2023-04-15,2023-04-17
10111,Compétition Sportive,Ménilmontant,2023-06-14,2023-06-17
10112,Festival,Élysée,2023-01-17,2023-01-20
10113,Salon,Panthéon,2023-06-10,2023-06-14
10114,Conférence,Ménilmontant,2023-01-10,2023-01-14
10115,Concert,Buttes-Montmartre,2023-02-06,2023-02-07
10116,Conférence,Buttes-Chaumont,2023-05-07,2023-05-08
10117,Concert,Buttes-Montmartre,2023-09-08,2023-09-10
10118,Conférence,Entrepôt,2023-10-11,2023-10-13
10119,Conférence,Élysée,2023-08-03,2023-08-04
10120,Concert,Buttes-Chaumont,2023-06-19,2023-06-22
10121,Concert,Passy,2023-04-30,2023-05-01
10122,Compétition Sportive,Bourse,2023-02-27,2023-03-01
10123,Salon,Buttes-Montmartre,2023-06-25,2023-06-26
10124,Salon,Panthéon,2023-01-16,2023-01-18
10125,Compétition Sportive,Palais-Bourbon,2023-08-23,2023-08-25
10126,Conférence,Opéra,2023-08-12,2023-08-14
10127,Concert,Opéra,2023-03-03,2023-03-07
10128,Festival,Batignolles-Monceau,2023-12-31,2024-01-03
10129,Conférence,Temple,2023-03-30,2023-04-01
10130,Salon,Louvre,2023-12-23,2023-12-26
10131,Concert,Louvre,2023-05-23,2023-05-26
10132,Compétition Sportive,Élysée,2023-01-16,2023-01-17
10133,Conférence,Bourse,2023-07-28,2023-08-01
10134,Festival,Hôtel-de-Ville,2023-01-27,2023-01-31
10135,Conférence,Palais-Bourbon,2023-02-16,2023-02-19
10136,Compétition Sportive,Buttes-Chaumont,2023-06-03,2023-06-06
10137,Festival,Ménilmontant,2023-12-27,2023-12-28
10138,Conférence,Buttes-Montmartre,2023-05-19,2023-05-20
10139,Compétition Sportive,Reuilly,2023-04-01,2023-04-03
10140,Conférence,Popincourt,2023-01-09,2023-01-13
10141,Concert,Vaugirard,2023-07-01,2023-07-05
10142,Conférence,Luxembourg,2023-01-11,2023-01-14
10143,Compétition Sportive,Observatoire,2023-01-07,2023-01-09
10144,Salon,Luxembourg,2023-01-28,2023-01-31
10145,Compétition Sportive,Gobelins,2023-03-03,2023-03-06
10146,Conférence,Palais-Bourbon,2023-06-13,2023-06-15
10147,Concert,Luxembourg,2023-04-25,2023-04-29
10148,Salon,Buttes-Montmartre,2023-03-14,2023-03-17
10149,Compétition Sportive,Panthéon,2023-04-09,2023-04-12
10150,Salon,Hôtel-de-Ville,2023-07-10,2023-07-11
10151,Concert,Opéra,2023-11-03,2023-11-07
10152,Festival,Buttes-Chaumont,2023-07-24,2023-07-27
10153,Salon,Batignolles-Monceau,2023-10-31,2023-11-02
10154,Compétition Sportive,Louvre,2023-03-09,2023-03-12
10155,Concert,Louvre,2023-09-23,2023-09-24
10156,Compétition Sportive,Reuilly,2023-01-26,2023-01-30
10157,Concert,Batignolles-Monceau,2023-08-30,2023-09-03
10158,Compétition Sportive,Buttes-Montmartre,2023-05-25,2023-05-26
10159,Concert,Observatoire,2023-06-04,2023-06-05
10160,Conférence,Entrepôt,2023-10-05,2023-10-07
10161,Compétition Sportive,Buttes-Montmartre,2023-04-18,2023-04-19
10162,Concert,Buttes-Montmartre,2023-02-05,2023-02-08
10163,Festival,Vaugirard,2023-10-16,2023-10-20
10164,Concert,Ménilmontant,2023-12-17,2023-12-21
10165,Festival,Ménilmontant,2023-06-30,2023-07-03
10166,Salon,Temple,2023-09-12,2023-09-15
10167,Concert,Hôtel-de-Ville,2023-12-15,2023-12-18
10168,Salon,Vaugirard,2023-06-06,2023-06-08
10169,Salon,Entrepôt,2023-12-23,2023-12-25
10170,Conférence,Bourse,2023-05-03,2023-05-06
10171,Concert,Buttes-Chaumont,2023-11-10,2023-11-14
10172,Conférence,Buttes-Chaumont,2023-09-28,2023-10-02
10173,Conférence,Popincourt,2023-07-01,2023-07-04
10174,Salon,Louvre,2023-08-31,2023-09-04
10175,Compétition Sportive,Vaugirard,2023-07-09,2023-07-10
10176,Salon,Batignolles-Monceau,2023-02-26,2023-02-28
10177,Salon,Bourse,2023-05-08,2023-05-11
10178,Festival,Luxembourg,2023-03-20,2023-03-21
10179,Compétition Sportive,Buttes-Montmartre,2023-03-12,2023-03-14
10180,Salon,Hôtel-de-Ville,2023-02-27,2023-03-02
10181,Compétition Sportive,Élysée,2023-10-12,2023-10-13
10182,Festival,Ménilmontant,2023-02-15,2023-02-17
10183,Compétition Sportive,Reuilly,2023-08-31,2023-09-04
10184,Concert,Buttes-Chaumont,2023-02-23,2023-02-25
10185,Festival,Observatoire,2023-07-27,2023-07-29
10186,Compétition Sportive,Hôtel-de-Ville,2023-12-20,2023-12-23
10187,Conférence,Louvre,2023-03-26,2023-03-28
10188,Compétition Sportive,Opéra,2023-01-07,2023-01-10
10189,Festival,Élysée,2023-10-12,2023-10-16
10190,Conférence,Reuilly,2023-05-17,2023-05-20
10191,Compétition Sportive,Panthéon,2023-02-18,2023-02-20
10192,Compétition Sportive,Palais-Bourbon,2023-11-23,2023-11-26
10193,Festival,Hôtel-de-Ville,2023-11-30,2023-12-04
10194,Conférence,Observatoire,2023-12-16,2023-12-19
10195,Conférence,Ménilmontant,2023-12-10,2023-12-11
10196,Compétition Sportive,Louvre,2023-11-07,2023-11-09
10197,Concert,Batignolles-Monceau,2023-07-12,2023-07-13
10198,Festival,Élysée,2023-03-25,2023-03-26
10199,Festival,Gobelins,2023-04-05,2023-04-07
10200,Salon,Palais-Bourbon,2023-01-15,2023-01-18
10201,Conférence,Batignolles-Monceau,2023-06-28,2023-07-02
10202,Conférence,Observatoire,2023-02-03,2023-02-04
10203,Salon,Entrepôt,2023-03-10,2023-03-14
10204,Compétition Sportive,Temple,2023-09-03,2023-09-06
10205,Compétition Sportive,Observatoire,2023-08-02,2023-08-05
10206,Festival,Opéra,2023-01-12,2023-01-13
10207,Compétition Sportive,Bourse,2023-06-22,2023-06-26
10208,Concert,Vaugirard,2023-06-08,2023-06-11
10209,Concert,Batignolles-Monceau,2023-11-06,2023-11-08
10210,Concert,Entrepôt,2023-08-09,2023-08-10
10211,Salon,Luxembourg,2023-05-30,2023-06-02
10212,Concert,Louvre,2023-08-28,2023-08-29
10213,Salon,Vaugirard,2023-03-13,2023-03-14
10214,Festival,Entrepôt,2023-07-11,2023-07-13
10215,Festival,Vaugirard,2023-11-12,2023-11-15
10216,Concert,Louvre,2023-08-17,2023-08-19
10217,Salon,Entrepôt,2023-10-11,2023-10-12
10218,Concert,Luxembourg,2023-11-27,2023-11-30
10219,Compétition Sportive,Élysée,2023-08-22,2023-08-26
10220,Salon,Palais-Bourbon,2023-11-29,2023-11-30
10221,Salon,Popincourt,2023-02-12,2023-02-15
10222,Salon,Passy,2023-10-06,2023-10-08
10223,Salon,Observatoire,2023-08-31,2023-09-01
10224,Compétition Sportive,Reuilly,2023-04-07,2023-04-10
10225,Concert,Opéra,2023-03-31,2023-04-02
10226,Festival,Reuilly,2023-08-23,2023-08-27
10227,Conférence,Hôtel-de-Ville,2023-04-07,2023-04-09
10228,Conférence,Palais-Bourbon,2023-10-21,2023-10-22
10229,Salon,Popincourt,2023-09-29,2023-10-01
10230,Salon,Opéra,2023-03-15,2023-03-18
10231,Festival,Vaugirard,2023-09-09,2023-09-10
10232,Conférence,Panthéon,2023-02-10,2023-02-11
10233,Salon,Temple,2023-10-27,2023-10-30
10234,Compétition Sportive,Louvre,2023-09-30,2023-10-02
10235,Conférence,Panthéon,2023-11-04,2023-11-07
10236,Compétition Sportive,Palais-Bourbon,2023-10-26,2023-10-29
10237,Festival,Passy,2023-10-06,2023-10-07
10238,Festival,Popincourt,2023-01-01,2023-01-02
10239,Conférence,Reuilly,2023-04-03,2023-04-06
10240,Concert,Batignolles-Monceau,2023-10-08,2023-10-12
10241,Conférence,Buttes-Montmartre,2023-01-06,2023-01-10
10242,Compétition Sportive,Popincourt,2023-11-06,2023-11-10
10243,Concert,Batignolles-Monceau,2023-11-30,2023-12-04
10244,Compétition Sportive,Observatoire,2023-10-02,2023-10-04
10245,Compétition Sportive,Reuilly,2023-04-13,2023-04-14
10246,Compétition Sportive,Opéra,2023-10-21,2023-10-25
10247,Salon,Entrepôt,2023-04-17,2023-04-20
10248,Concert,Panthéon,2023-08-18,2023-08-19
10249,Salon,Buttes-Chaumont,2023-07-24,2023-07-26
10250,Salon,Entrepôt,2023-06-27,2023-06-28
10251,Compétition Sportive,Reuilly,2023-04-08,2023-04-12
10252,Festival,Ménilmontant,2023-02-27,2023-03-01
10253,Conférence,Popincourt,2023-12-03,2023-12-05
10254,Festival,Palais-Bourbon,2023-06-26,2023-06-29
10255,Compétition Sportive,Bourse,2023-04-08,2023-04-11
10256,Conférence,Luxembourg,2023-08-13,2023-08-15
10257,Conférence,Élysée,2023-08-24,2023-08-25
10258,Compétition Sportive,Luxembourg,2023-04-02,2023-04-05
10259,Salon,Luxembourg,2023-09-08,2023-09-12
10260,Conférence,Observatoire,2023-12-23,2023-12-25
10261,Conférence,Opéra,2023-08-04,2023-08-05
10262,Conférence,Popincourt,2023-12-02,2023-12-03
10263,Conférence,Reuilly,2023-07-24,2023-07-27
10264,Concert,Passy,2023-01-26,2023-01-27
10265,Salon,Hôtel-de-Ville,2023-05-15,2023-05-18
10266,Concert,Reuilly,2023-02-13,2023-02-14
10267,Concert,Entrepôt,2023-05-22,2023-05-23
10268,Compétition Sportive,Palais-Bourbon,2023-02-21,2023-02-23
10269,Salon,Buttes-Chaumont,2023-06-09,2023-06-10
10270,Festival,Élysée,2023-12-27,2023-12-28
10271,Salon,Temple,2023-07-22,2023-07-23
10272,Festival,Gobelins,2023-03-16,2023-03-20
10273,Conférence,Entrepôt,2023-12-06,2023-12-09
10274,Festival,Bourse,2023-07-04,2023-07-08
10275,Festival,Reuilly,2023-02-21,2023-02-23
10276,Festival,Élysée,2023-08-27,2023-08-29
10277,Conférence,Popincourt,2023-04-24,2023-04-28
10278,Conférence,Panthéon,2023-07-08,2023-07-09
10279,Concert,Opéra,2023-03-03,2023-03-05
10280,Festival,Palais-Bourbon,2023-09-03,2023-09-04
10281,Salon,Gobelins,2023-08-02,2023-08-05
10282,Compétition Sportive,Palais-Bourbon,2023-11-28,2023-11-29
10283,Concert,Popincourt,2023-12-25,2023-12-29
10284,Festival,Entrepôt,2023-06-08,2023-06-09
10285,Concert,Popincourt,2023-10-14,2023-10-15
10286,Festival,Popincourt,2023-01-12,2023-01-13
10287,Festival,Temple,2023-10-18,2023-10-21
10288,Concert,Louvre,2023-11-09,2023-11-11
10289,Festival,Panthéon,2023-06-18,2023-06-19
10290,Festival,Ménilmontant,2023-01-27,2023-01-29
10291,Compétition Sportive,Gobelins,2023-11-23,2023-11-24
10292,Salon,Reuilly,2023-12-04,2023-12-06
10293,Conférence,Hôtel-de-Ville,2023-03-17,2023-03-20
10294,Compétition Sportive,Hôtel-de-Ville,2023-06-05,2023-06-07
10295,Conférence,Observatoire,2023-03-16,2023-03-18
10296,Conférence,Élysée,2023-09-16,2023-09-19
10297,Salon,Opéra,2023-12-23,2023-12-25
10298,Compétition Sportive,Passy,2023-01-03,2023-01-04
10299,Festival,Hôtel-de-Ville,2023-10-12,2023-10-16
10300,Salon,Passy,2023-02-23,2023-02-24
10301,Festival,Gobelins,2023-08-11,2023-08-14
10302,Festival,Bourse,2023-11-17,2023-11-20
10303,Festival,Popincourt,2023-08-17,2023-08-20
10304,Festival,Bourse,2023-05-29,2023-05-30
10305,Compétition Sportive,Palais-Bourbon,2023-08-26,2023-08-30
10306,Conférence,Palais-Bourbon,2023-02-10,2023-02-12
10307,Conférence,Élysée,2023-08-22,2023-08-26
10308,Compétition Sportive,Popincourt,2023-01-20,2023-01-23
10309,Conférence,Opéra,2023-09-03,2023-09-07
10310,Salon,Reuilly,2023-03-01,2023-03-05
10311,Festival,Élysée,2023-07-22,2023-07-23
10312,Festival,Hôtel-de-Ville,2023-07-02,2023-07-06
10313,Festival,Louvre,2023-09-16,2023-09-18
10314,Concert,Luxembourg,2023-05-04,2023-05-05
10315,Salon,Temple,2023-09-27,2023-09-29
10316,Concert,Passy,2023-10-28,2023-11-01
10317,Compétition Sportive,Temple,2023-04-19,2023-04-22
10318,Concert,Observatoire,2023-12-17,2023-12-20
10319,Conférence,Opéra,2023-08-15,2023-08-16
10320,Conférence,Buttes-Montmartre,2023-07-07,2023-07-09
10321,Salon,Bourse,2023-06-26,2023-06-30
10322,Concert,Bourse,2023-11-22,2023-11-23
10323,Concert,Hôtel-de-Ville,2023-12-15,2023-12-17
10324,Festival,Louvre,2023-11-04,2023-11-05
10325,Salon,Vaugirard,2023-03-04,2023-03-06
10326,Festival,Buttes-Chaumont,2023-09-02,2023-09-05
10327,Salon,Entrepôt,2023-06-29,2023-06-30
10328,Salon,Vaugirard,2023-01-22,2023-01-26
10329,Concert,Bourse,2023-11-07,2023-11-09
10330,Festival,Reuilly,2023-04-23,2023-04-27
10331,Compétition Sportive,Reuilly,2023-04-20,2023-04-21
10332,Festival,Reuilly,2023-01-03,2023-01-04
10333,Compétition Sportive,Opéra,2023-09-15,2023-09-17
10334,Conférence,Reuilly,2023-07-06,2023-07-08
10335,Salon,Reuilly,2023-01-28,2023-01-29
10336,Festival,Passy,2023-09-05,2023-09-06
10337,Salon,Panthéon,2023-01-09,2023-01-11
10338,Festival,Buttes-Chaumont,2023-07-09,2023-07-12
10339,Conférence,Entrepôt,2023-10-15,2023-10-19
10340,Festival,Gobelins,2023-03-16,2023-03-20
10341,Conférence,Bourse,2023-04-12,2023-04-13
10342,Salon,Reuilly,2023-10-18,2023-10-19
10343,Concert,Élysée,2023-02-16,2023-02-18
10344,Compétition Sportive,Élysée,2023-02-05,2023-02-09
10345,Salon,Élysée,2023-05-27,2023-05-31
10346,Concert,Buttes-Montmartre,2023-05-03,2023-05-04
10347,Salon,Temple,2023-06-02,2023-06-05
10348,Salon,Ménilmontant,2023-11-12,2023-11-13
10349,Festival,Luxembourg,2023-05-01,2023-05-02
10350,Conférence,Hôtel-de-Ville,2023-08-20,2023-08-21
10351,Conférence,Palais-Bourbon,2023-04-05,2023-04-09
10352,Festival,Popincourt,2023-01-23,2023-01-26
10353,Festival,Temple,2023-04-25,2023-04-28
10354,Salon,Luxembourg,2023-06-04,2023-06-08
10355,Conférence,Observatoire,2023-06-12,2023-06-15
10356,Salon,Buttes-Chaumont,2023-03-18,2023-03-22
10357,Concert,Louvre,2023-10-19,2023-10-21
10358,Concert,Élysée,2023-08-04,2023-08-06
10359,Festival,Temple,2023-04-07,2023-04-11
10360,Conférence,Ménilmontant,2023-07-18,2023-07-22
10361,Concert,Vaugirard,2023-05-17,2023-05-21
10362,Conférence,Batignolles-Monceau,2023-01-21,2023-01-25
10363,Conférence,Élysée,2023-06-09,2023-06-13
10364,Compétition Sportive,Gobelins,2023-11-18,2023-11-22
10365,Concert,Buttes-Montmartre,2023-10-27,2023-10-30
10366,Concert,Panthéon,2023-05-01,2023-05-03
10367,Salon,Bourse,2023-07-12,2023-07-14
10368,Salon,Luxembourg,2023-12-02,2023-12-03
10369,Conférence,Ménilmontant,2023-08-03,2023-08-05
10370,Festival,Entrepôt,2023-05-23,2023-05-25
10371,Salon,Entrepôt,2023-06-04,2023-06-05
10372,Salon,Panthéon,2023-01-16,2023-01-17
10373,Conférence,Vaugirard,2023-10-29,2023-11-02
10374,Concert,Passy,2023-12-25,2023-12-29
10375,Salon,Buttes-Chaumont,2023-07-19,2023-07-21
10376,Festival,Hôtel-de-Ville,2023-03-06,2023-03-07
10377,Conférence,Batignolles-Monceau,2023-01-19,2023-01-23
10378,Concert,Vaugirard,2023-03-31,2023-04-03
10379,Compétition Sportive,Luxembourg,2023-02-06,2023-02-10
10380,Festival,Passy,2023-07-05,2023-07-09
10381,Concert,Luxembourg,2023-11-05,2023-11-06
10382,Conférence,Temple,2023-02-16,2023-02-18
10383,Compétition Sportive,Temple,2023-05-11,2023-05-13
10384,Festival,Batignolles-Monceau,2023-03-29,2023-04-01
10385,Salon,Bourse,2023-12-08,2023-12-10
10386,Salon,Batignolles-Monceau,2023-03-03,2023-03-04
10387,Festival,Bourse,2023-05-09,2023-05-12
10388,Salon,Reuilly,2023-02-08,2023-02-10
10389,Conférence,Panthéon,2023-11-25,2023-11-26
10390,Festival,Élysée,2023-06-10,2023-06-11
10391,Festival,Reuilly,2023-10-06,2023-10-10
10392,Salon,Observatoire,2023-06-11,2023-06-13
10393,Festival,Vaugirard,2023-02-18,2023-02-22
10394,Compétition Sportive,Buttes-Montmartre,2023-05-05,2023-05-07
10395,Festival,Buttes-Chaumont,2023-08-15,2023-08-17
10396,Salon,Panthéon,2023-11-01,2023-11-05
10397,Salon,Buttes-Chaumont,2023-12-18,2023-12-22
10398,Salon,Élysée,2023-11-18,2023-11-22
10399,Salon,Observatoire,2023-03-12,2023-03-14
10400,Conférence,Opéra,2023-11-19,2023-11-20
10401,Salon,Entrepôt,2023-09-04,2023-09-06
10402,Compétition Sportive,Observatoire,2023-02-08,2023-02-12
10403,Festival,Observatoire,2023-04-10,2023-04-11
10404,Concert,Opéra,2023-01-01,2023-01-02
10405,Concert,Entrepôt,2023-06-23,2023-06-24
10406,Conférence,Palais-Bourbon,2023-06-13,2023-06-17
10407,Concert,Vaugirard,2023-06-21,2023-06-23
10408,Salon,Opéra,2023-01-31,2023-02-01
10409,Concert,Ménilmontant,2023-04-07,2023-04-10
10410,Compétition Sportive,Palais-Bourbon,2023-04-20,2023-04-22
10411,Salon,Louvre,2023-07-05,2023-07-08
10412,Concert,Palais-Bourbon,2023-02-22,2023-02-24
10413,Salon,Gobelins,2023-04-13,2023-04-15
10414,Conférence,Batignolles-Monceau,2023-12-15,2023-12-18
10415,Compétition Sportive,Observatoire,2023-07-04,2023-07-06
10416,Festival,Buttes-Montmartre,2023-07-20,2023-07-24
10417,Salon,Gobelins,2023-03-19,2023-03-21
10418,Compétition Sportive,Ménilmontant,2023-09-05,2023-09-06
10419,Conférence,Batignolles-Monceau,2023-09-18,2023-09-22
10420,Conférence,Louvre,2023-11-04,2023-11-06
10421,Compétition Sportive,Luxembourg,2023-02-01,2023-02-04
10422,Concert,Hôtel-de-Ville,2023-05-14,2023-05-17
10423,Compétition Sportive,Observatoire,2023-04-03,2023-04-05
10424,Concert,Reuilly,2023-12-14,2023-12-15
10425,Concert,Bourse,2023-06-30,2023-07-03
10426,Compétition Sportive,Luxembourg,2023-11-13,2023-11-17
10427,Conférence,Palais-Bourbon,2023-05-27,2023-05-31
10428,Festival,Vaugirard,2023-05-12,2023-05-14
10429,Festival,Louvre,2023-06-09,2023-06-11
10430,Compétition Sportive,Gobelins,2023-12-06,2023-12-09
10431,Salon,Observatoire,2023-10-29,2023-10-30
10432,Compétition Sportive,Buttes-Chaumont,2023-03-03,2023-03-07
10433,Festival,Bourse,2023-12-14,2023-12-15
10434,Compétition Sportive,Buttes-Chaumont,2023-11-06,2023-11-09
10435,Conférence,Entrepôt,2023-12-22,2023-12-25
10436,Festival,Reuilly,2023-08-03,2023-08-06
10437,Festival,Hôtel-de-Ville,2023-11-19,2023-11-22
10438,Festival,Bourse,2023-10-07,2023-10-11
10439,Conférence,Ménilmontant,2023-03-07,2023-03-08
10440,Festival,Panthéon,2023-01-18,2023-01-21
10441,Salon,Vaugirard,2023-08-29,2023-09-02
10442,Festival,Ménilmontant,2023-04-06,2023-04-07
10443,Compétition Sportive,Opéra,2023-02-17,2023-02-18
10444,Salon,Opéra,2023-02-17,2023-02-18
10445,Concert,Élysée,2023-11-14,2023-11-18
10446,Festival,Panthéon,2023-08-28,2023-08-30
10447,Concert,Hôtel-de-Ville,2023-08-10,2023-08-12
10448,Concert,Buttes-Montmartre,2023-08-18,2023-08-20
10449,Conférence,Vaugirard,2023-06-04,2023-06-07
10450,Compétition Sportive,Hôtel-de-Ville,2023-03-03,2023-03-05
10451,Compétition Sportive,Bourse,2023-04-12,2023-04-14
10452,Concert,Palais-Bourbon,2023-12-24,2023-12-28
10453,Conférence,Temple,2023-11-30,2023-12-03
10454,Salon,Reuilly,2023-11-17,2023-11-21
10455,Festival,Entrepôt,2023-11-04,2023-11-08
10456,Salon,Temple,2023-01-01,2023-01-03
10457,Festival,Opéra,2023-02-09,2023-02-10
10458,Concert,Panthéon,2023-03-13,2023-03-14
10459,Conférence,Entrepôt,2023-05-25,2023-05-28
10460,Conférence,Bourse,2023-01-01,2023-01-05
10461,Compétition Sportive,Vaugirard,2023-03-19,2023-03-22
10462,Compétition Sportive,Buttes-Montmartre,2023-07-24,2023-07-25
10463,Salon,Luxembourg,2023-07-24,2023-07-28
10464,Compétition Sportive,Ménilmontant,2023-11-19,2023-11-23
10465,Festival,Popincourt,2023-01-22,2023-01-25
10466,Conférence,Batignolles-Monceau,2023-10-18,2023-10-22
10467,Conférence,Bourse,2023-11-08,2023-11-12
10468,Concert,Reuilly,2023-08-20,2023-08-23
10469,Concert,Hôtel-de-Ville,2023-02-14,2023-02-17
10470,Salon,Opéra,2023-12-08,2023-12-12
10471,Concert,Passy,2023-10-16,2023-10-20
10472,Festival,Ménilmontant,2023-07-16,2023-07-19
10473,Compétition Sportive,Luxembourg,2023-05-10,2023-05-11
10474,Compétition Sportive,Hôtel-de-Ville,2023-11-11,2023-11-15
10475,Salon,Ménilmontant,2023-12-17,2023-12-20
10476,Compétition Sportive,Batignolles-Monceau,2023-08-26,2023-08-28
10477,Conférence,Passy,2023-10-12,2023-10-15
10478,Compétition Sportive,Luxembourg,2023-08-09,2023-08-12
10479,Concert,Vaugirard,2023-11-07,2023-11-08
10480,Conférence,Buttes-Chaumont,2023-12-16,2023-12-18
10481,Concert,Passy,2023-05-30,2023-06-03
10482,Concert,Temple,2023-08-01,2023-08-04
10483,Salon,Popincourt,2023-04-15,2023-04-18
10484,Salon,Batignolles-Monceau,2023-06-26,2023-06-27
10485,Conférence,Popincourt,2023-07-18,2023-07-21
10486,Compétition Sportive,Reuilly,2023-08-05,2023-08-08
10487,Festival,Vaugirard,2023-01-16,2023-01-20
10488,Compétition Sportive,Ménilmontant,2023-06-17,2023-06-20
10489,Conférence,Temple,2023-06-22,2023-06-23
10490,Festival,Louvre,2023-03-05,2023-03-08
10491,Concert,Entrepôt,2023-07-10,2023-07-12
10492,Concert,Panthéon,2023-06-28,2023-07-01
10493,Festival,Luxembourg,2023-08-25,2023-08-26
10494,Concert,Élysée,2023-01-10,2023-01-12
10495,Compétition Sportive,Entrepôt,2023-03-17,2023-03-18
10496,Salon,Entrepôt,2023-08-02,2023-08-05
10497,Compétition Sportive,Temple,2023-05-01,2023-05-04
10498,Concert,Entrepôt,2023-06-22,2023-06-23
10499,Salon,Reuilly,2023-12-07,2023-12-11
10500,Compétition Sportive,Vaugirard,2023-02-25,2023-02-28
10501,Concert,Gobelins,2023-08-18,2023-08-20
10502,Compétition Sportive,Popincourt,2023-03-14,2023-03-15
10503,Concert,Buttes-Chaumont,2023-07-31,2023-08-03
10504,Conférence,Louvre,2023-01-13,2023-01-15
10505,Festival,Observatoire,2023-03-05,2023-03-08
10506,Concert,Panthéon,2023-04-25,2023-04-28
10507,Compétition Sportive,Vaugirard,2023-08-04,2023-08-08
10508,Concert,Élysée,2023-06-07,2023-06-11
10509,Concert,Buttes-Chaumont,2023-11-04,2023-11-05
10510,Compétition Sportive,Ménilmontant,2023-04-24,2023-04-26
10511,Compétition Sportive,Temple,2023-02-23,2023-02-25
10512,Salon,Temple,2023-11-09,2023-11-11
10513,Concert,Hôtel-de-Ville,2023-01-18,2023-01-21
10514,Conférence,Batignolles-Monceau,2023-01-25,2023-01-28
10515,Festival,Reuilly,2023-06-30,2023-07-01
10516,Concert,Popincourt,2023-10-03,2023-10-04
10517,Compétition Sportive,Reuilly,2023-01-11,2023-01-14
10518,Salon,Luxembourg,2023-06-17,2023-06-20
10519,Concert,Hôtel-de-Ville,2023-03-31,2023-04-02
10520,Conférence,Louvre,2023-03-28,2023-03-31
10521,Compétition Sportive,Batignolles-Monceau,2023-06-24,2023-06-26
10522,Conférence,Batignolles-Monceau,2023-02-25,2023-02-26
10523,Conférence,Opéra,2023-10-16,2023-10-19
10524,Festival,Temple,2023-08-05,2023-08-08
10525,Festival,Ménilmontant,2023-04-08,2023-04-10
10526,Concert,Popincourt,2023-10-09,2023-10-10
10527,Festival,Palais-Bourbon,2023-12-25,2023-12-29
10528,Concert,Reuilly,2023-11-21,2023-11-24
10529,Concert,Buttes-Chaumont,2023-01-29,2023-01-31
10530,Compétition Sportive,Gobelins,2023-12-31,2024-01-03
10531,Compétition Sportive,Buttes-Montmartre,2023-11-12,2023-11-16
10532,Salon,Temple,2023-06-02,2023-06-06
10533,Festival,Popincourt,2023-04-17,2023-04-18
10534,Salon,Panthéon,2023-06-21,2023-06-23
10535,Conférence,Buttes-Chaumont,2023-05-01,2023-05-05
10536,Concert,Temple,2023-01-12,2023-01-14
10537,Concert,Élysée,2023-12-15,2023-12-17
10538,Compétition Sportive,Vaugirard,2023-02-08,2023-02-09
10539,Conférence,Gobelins,2023-05-27,2023-05-31
10540,Concert,Popincourt,2023-05-27,2023-05-29
10541,Concert,Passy,2023-01-29,2023-01-30
10542,Conférence,Batignolles-Monceau,2023-07-13,2023-07-16
10543,Conférence,Opéra,2023-03-31,2023-04-03
10544,Concert,Buttes-Chaumont,2023-12-23,2023-12-27
10545,Conférence,Ménilmontant,2023-08-31,2023-09-02
10546,Festival,Hôtel-de-Ville,2023-08-14,2023-08-17
10547,Conférence,Opéra,2023-08-10,2023-08-13
10548,Salon,Élysée,2023-11-28,2023-12-01
10549,Salon,Batignolles-Monceau,2023-01-20,2023-01-24
10550,Concert,Batignolles-Monceau,2023-12-19,2023-12-21
10551,Concert,Buttes-Chaumont,2023-09-22,2023-09-24
10552,Compétition Sportive,Louvre,2023-01-02,2023-01-06
10553,Conférence,Luxembourg,2023-06-05,2023-06-06
10554,Salon,Temple,2023-02-03,2023-02-07
10555,Compétition Sportive,Popincourt,2023-10-04,2023-10-08
10556,Concert,Hôtel-de-Ville,2023-12-05,2023-12-08
10557,Festival,Gobelins,2023-07-25,2023-07-26
10558,Conférence,Élysée,2023-12-03,2023-12-04
10559,Compétition Sportive,Reuilly,2023-12-07,2023-12-11
10560,Festival,Élysée,2023-10-05,2023-10-08
10561,Concert,Bourse,2023-07-06,2023-07-10
10562,Salon,Hôtel-de-Ville,2023-03-25,2023-03-26
10563,Compétition Sportive,Temple,2023-07-10,2023-07-12
10564,Compétition Sportive,Élysée,2023-10-28,2023-10-31
10565,Concert,Gobelins,2023-12-05,2023-12-08
10566,Concert,Passy,2023-08-08,2023-08-11
10567,Salon,Palais-Bourbon,2023-02-02,2023-02-06
10568,Salon,Observatoire,2023-10-18,2023-10-20
10569,Salon,Buttes-Chaumont,2023-10-29,2023-10-30
10570,Festival,Batignolles-Monceau,2023-05-07,2023-05-09
10571,Festival,Ménilmontant,2023-12-28,2023-12-29
10572,Concert,Louvre,2023-06-13,2023-06-15
10573,Compétition Sportive,Panthéon,2023-12-30,2024-01-01
10574,Festival,Palais-Bourbon,2023-07-09,2023-07-12
10575,Concert,Ménilmontant,2023-03-24,2023-03-26
10576,Festival,Popincourt,2023-08-06,2023-08-08
10577,Salon,Hôtel-de-Ville,2023-12-22,2023-12-23
10578,Concert,Opéra,2023-12-29,2023-12-30
10579,Salon,Opéra,2023-01-26,2023-01-28
10580,Conférence,Temple,2023-05-15,2023-05-18
10581,Compétition Sportive,Hôtel-de-Ville,2023-12-09,2023-12-12
10582,Salon,Élysée,2023-05-13,2023-05-14
10583,Compétition Sportive,Louvre,2023-08-03,2023-08-07
10584,Concert,Popincourt,2023-12-01,2023-12-02
10585,Conférence,Panthéon,2023-03-22,2023-03-25
10586,Compétition Sportive,Ménilmontant,2023-12-06,2023-12-10
10587,Festival,Hôtel-de-Ville,2023-07-27,2023-07-28
10588,Concert,Palais-Bourbon,2023-04-22,2023-04-23
10589,Conférence,Élysée,2023-05-03,2023-05-07
10590,Festival,Entrepôt,2023-08-11,2023-08-12
10591,Festival,Vaugirard,2023-05-02,2023-05-05
10592,Conférence,Buttes-Montmartre,2023-03-21,2023-03-25
10593,Salon,Élysée,2023-05-08,2023-05-11
10594,Conférence,Entrepôt,2023-11-30,2023-12-02
10595,Conférence,Opéra,2023-03-15,2023-03-16
10596,Conférence,Luxembourg,2023-08-13,2023-08-15
10597,Compétition Sportive,Panthéon,2023-10-24,2023-10-26
10598,Salon,Entrepôt,2023-03-27,2023-03-29
10599,Concert,Entrepôt,2023-11-18,2023-11-19
10600,Festival,Palais-Bourbon,2023-07-11,2023-07-15
10601,Compétition Sportive,Vaugirard,2023-09-20,2023-09-23
10602,Salon,Observatoire,2023-05-03,2023-05-04
10603,Conférence,Palais-Bourbon,2023-05-07,2023-05-10
10604,Compétition Sportive,Luxembourg,2023-01-30,2023-02-03
10605,Compétition Sportive,Vaugirard,2023-06-16,2023-06-17
10606,Festival,Ménilmontant,2023-05-27,2023-05-30
10607,Concert,Popincourt,2023-09-11,2023-09-13
10608,Salon,Buttes-Chaumont,2023-02-07,2023-02-08
10609,Salon,Gobelins,2023-04-11,2023-04-14
10610,Salon,Vaugirard,2023-03-20,2023-03-22
10611,Conférence,Observatoire,2023-08-30,2023-09-03
10612,Conférence,Bourse,2023-04-12,2023-04-14
10613,Compétition Sportive,Bourse,2023-12-21,2023-12-23
10614,Concert,Buttes-Montmartre,2023-09-17,2023-09-19
10615,Festival,Vaugirard,2023-06-12,2023-06-15
10616,Festival,Passy,2023-03-26,2023-03-29
10617,Concert,Entrepôt,2023-04-20,2023-04-24
10618,Salon,Bourse,2023-07-07,2023-07-09
10619,Concert,Entrepôt,2023-08-26,2023-08-28
10620,Festival,Louvre,2023-02-05,2023-02-07
10621,Conférence,Élysée,2023-12-24,2023-12-26
10622,Concert,Opéra,2023-07-31,2023-08-02
10623,Compétition Sportive,Temple,2023-11-09,2023-11-10
10624,Conférence,Opéra,2023-12-28,2024-01-01
10625,Compétition Sportive,Gobelins,2023-12-31,2024-01-03
10626,Compétition Sportive,Bourse,2023-03-25,2023-03-28
10627,Concert,Entrepôt,2023-03-31,2023-04-01
10628,Compétition Sportive,Hôtel-de-Ville,2023-05-12,2023-05-15
10629,Salon,Élysée,2023-11-03,2023-11-05
10630,Concert,Bourse,2023-03-25,2023-03-28
10631,Festival,Popincourt,2023-04-16,2023-04-18
10632,Salon,Entrepôt,2023-06-29,2023-07-03
10633,Conférence,Élysée,2023-07-22,2023-07-25
10634,Concert,Élysée,2023-11-23,2023-11-24
10635,Festival,Ménilmontant,2023-11-07,2023-11-10
10636,Festival,Buttes-Chaumont,2023-04-18,2023-04-20
10637,Concert,Bourse,2023-01-31,2023-02-01
10638,Salon,Reuilly,2023-02-19,2023-02-21
10639,Festival,Opéra,2023-03-28,2023-04-01
10640,Concert,Bourse,2023-05-23,2023-05-26
10641,Concert,Vaugirard,2023-03-06,2023-03-10
10642,Compétition Sportive,Hôtel-de-Ville,2023-08-27,2023-08-31
10643,Concert,Buttes-Montmartre,2023-09-23,2023-09-24
10644,Festival,Entrepôt,2023-03-29,2023-03-31
10645,Compétition Sportive,Entrepôt,2023-12-01,2023-12-04
10646,Festival,Temple,2023-06-25,2023-06-26
10647,Salon,Entrepôt,2023-05-29,2023-06-01
10648,Salon,Opéra,2023-01-24,2023-01-28
10649,Festival,Bourse,2023-05-31,2023-06-01
10650,Conférence,Vaugirard,2023-11-21,2023-11-25
10651,Conférence,Passy,2023-10-16,2023-10-19
10652,Conférence,Buttes-Chaumont,2023-02-05,2023-02-09
10653,Festival,Hôtel-de-Ville,2023-08-20,2023-08-24
10654,Concert,Gobelins,2023-07-05,2023-07-06
10655,Compétition Sportive,Gobelins,2023-03-31,2023-04-04
10656,Concert,Vaugirard,2023-11-18,2023-11-22
10657,Festival,Entrepôt,2023-08-14,2023-08-16
10658,Concert,Temple,2023-10-14,2023-10-17
10659,Salon,Luxembourg,2023-12-26,2023-12-29
10660,Compétition Sportive,Panthéon,2023-07-10,2023-07-14
10661,Festival,Batignolles-Monceau,2023-06-22,2023-06-25
10662,Compétition Sportive,Ménilmontant,2023-03-24,2023-03-25
10663,Conférence,Opéra,2023-05-01,2023-05-02
10664,Conférence,Luxembourg,2023-06-27,2023-06-30
10665,Salon,Opéra,2023-11-19,2023-11-20
10666,Festival,Bourse,2023-07-18,2023-07-20
10667,Conférence,Ménilmontant,2023-12-09,2023-12-13
10668,Compétition Sportive,Élysée,2023-08-17,2023-08-20
10669,Compétition Sportive,Gobelins,2023-05-09,2023-05-11
10670,Salon,Batignolles-Monceau,2023-08-30,2023-09-02
10671,Conférence,Reuilly,2023-11-23,2023-11-26
10672,Concert,Luxembourg,2023-12-08,2023-12-11
10673,Conférence,Hôtel-de-Ville,2023-03-24,2023-03-26
10674,Salon,Temple,2023-12-16,2023-12-17
10675,Conférence,Panthéon,2023-05-17,2023-05-19
10676,Festival,Observatoire,2023-04-09,2023-04-11
10677,Salon,Reuilly,2023-06-12,2023-06-14
10678,Concert,Vaugirard,2023-05-21,2023-05-25
10679,Compétition Sportive,Louvre,2023-06-03,2023-06-06
10680,Conférence,Panthéon,2023-06-22,2023-06-26
10681,Compétition Sportive,Temple,2023-06-28,2023-06-29
10682,Salon,Entrepôt,2023-12-14,2023-12-15
10683,Compétition Sportive,Louvre,2023-06-02,2023-06-03
10684,Festival,Entrepôt,2023-02-25,2023-02-26
10685,Salon,Opéra,2023-10-22,2023-10-24
10686,Salon,Temple,2023-05-11,2023-05-15
10687,Conférence,Palais-Bourbon,2023-02-22,2023-02-26
10688,Salon,Ménilmontant,2023-03-03,2023-03-04
10689,Festival,Gobelins,2023-08-14,2023-08-18
10690,Conférence,Palais-Bourbon,2023-04-15,2023-04-19
10691,Festival,Temple,2023-07-14,2023-07-18
10692,Concert,Entrepôt,2023-11-21,2023-11-25
10693,Conférence,Gobelins,2023-07-19,2023-07-23
10694,Salon,Reuilly,2023-11-11,2023-11-13
10695,Salon,Observatoire,2023-06-15,2023-06-17
10696,Salon,Temple,2023-08-04,2023-08-08
10697,Concert,Popincourt,2023-10-14,2023-10-18
10698,Festival,Opéra,2023-11-01,2023-11-05
10699,Salon,Ménilmontant,2023-08-05,2023-08-06
10700,Compétition Sportive,Luxembourg,2023-02-07,2023-02-08
10701,Salon,Buttes-Chaumont,2023-09-10,2023-09-14
10702,Conférence,Opéra,2023-11-01,2023-11-03
10703,Conférence,Vaugirard,2023-08-06,2023-08-07
10704,Compétition Sportive,Panthéon,2023-04-10,2023-04-13
10705,Concert,Popincourt,2023-01-23,2023-01-24
10706,Conférence,Buttes-Montmartre,2023-12-06,2023-12-07
10707,Concert,Buttes-Montmartre,2023-10-10,2023-10-13
10708,Concert,Ménilmontant,2023-03-22,2023-03-26
10709,Compétition Sportive,Opéra,2023-05-22,2023-05-23
10710,Conférence,Entrepôt,2023-05-11,2023-05-12
10711,Salon,Batignolles-Monceau,2023-04-14,2023-04-18
10712,Concert,Opéra,2023-01-27,2023-01-28
10713,Concert,Popincourt,2023-07-09,2023-07-10
10714,Conférence,Louvre,2023-09-09,2023-09-13
10715,Conférence,Hôtel-de-Ville,2023-09-27,2023-09-28
10716,Compétition Sportive,Panthéon,2023-08-08,2023-08-12
10717,Festival,Buttes-Montmartre,2023-06-21,2023-06-22
10718,Festival,Bourse,2023-01-25,2023-01-29
10719,Festival,Reuilly,2023-07-08,2023-07-11
10720,Concert,Reuilly,2023-07-22,2023-07-23
10721,Compétition Sportive,Gobelins,2023-02-21,2023-02-24
10722,Festival,Luxembourg,2023-05-20,2023-05-22
10723,Conférence,Louvre,2023-09-03,2023-09-05
10724,Concert,Vaugirard,2023-10-06,2023-10-09
10725,Concert,Ménilmontant,2023-04-30,2023-05-01
10726,Conférence,Vaugirard,2023-08-16,2023-08-19
10727,Compétition Sportive,Temple,2023-09-14,2023-09-17
10728,Compétition Sportive,Opéra,2023-07-12,2023-07-16
10729,Festival,Gobelins,2023-05-06,2023-05-09
10730,Conférence,Temple,2023-05-13,2023-05-16
10731,Salon,Vaugirard,2023-07-04,2023-07-08
10732,Compétition Sportive,Passy,2023-05-30,2023-06-03
10733,Festival,Passy,2023-09-15,2023-09-19
10734,Concert,Palais-Bourbon,2023-08-24,2023-08-27
10735,Compétition Sportive,Popincourt,2023-10-04,2023-10-05
10736,Salon,Reuilly,2023-11-23,2023-11-25
10737,Concert,Buttes-Montmartre,2023-02-28,2023-03-03
10738,Concert,Popincourt,2023-09-22,2023-09-23
10739,Conférence,Palais-Bourbon,2023-04-30,2023-05-04
10740,Conférence,Entrepôt,2023-03-14,2023-03-17
10741,Compétition Sportive,Gobelins,2023-09-08,2023-09-11
10742,Salon,Palais-Bourbon,2023-04-25,2023-04-28
10743,Conférence,Buttes-Montmartre,2023-04-10,2023-04-14
10744,Festival,Vaugirard,2023-03-14,2023-03-18
10745,Concert,Panthéon,2023-05-18,2023-05-20
10746,Festival,Passy,2023-04-23,2023-04-27
10747,Concert,Panthéon,2023-03-15,2023-03-19
10748,Festival,Opéra,2023-08-24,2023-08-28
10749,Concert,Observatoire,2023-09-30,2023-10-04
10750,Conférence,Opéra,2023-08-18,2023-08-19
10751,Festival,Batignolles-Monceau,2023-09-17,2023-09-18
10752,Compétition Sportive,Ménilmontant,2023-03-05,2023-03-08
10753,Compétition Sportive,Temple,2023-05-24,2023-05-25
10754,Salon,Buttes-Chaumont,2023-11-01,2023-11-05
10755,Salon,Temple,2023-04-10,2023-04-14
10756,Salon,Panthéon,2023-06-04,2023-06-06
10757,Festival,Popincourt,2023-01-06,2023-01-10
10758,Concert,Palais-Bourbon,2023-04-14,2023-04-18
10759,Salon,Batignolles-Monceau,2023-01-09,2023-01-12
10760,Conférence,Buttes-Chaumont,2023-11-10,2023-11-14
10761,Compétition Sportive,Élysée,2023-09-09,2023-09-12
10762,Compétition Sportive,Ménilmontant,2023-02-01,2023-02-05
10763,Conférence,Louvre,2023-01-30,2023-02-02
10764,Compétition Sportive,Batignolles-Monceau,2023-10-28,2023-10-31
10765,Festival,Reuilly,2023-08-08,2023-08-11
10766,Conférence,Élysée,2023-05-30,2023-05-31
10767,Festival,Observatoire,2023-10-14,2023-10-18
10768,Compétition Sportive,Bourse,2023-07-28,2023-08-01
10769,Conférence,Gobelins,2023-05-08,2023-05-10
10770,Conférence,Élysée,2023-01-17,2023-01-20
10771,Conférence,Louvre,2023-05-05,2023-05-09
10772,Compétition Sportive,Passy,2023-02-23,2023-02-25
10773,Compétition Sportive,Ménilmontant,2023-03-20,2023-03-24
10774,Compétition Sportive,Panthéon,2023-10-30,2023-11-02
10775,Salon,Popincourt,2023-06-09,2023-06-10
10776,Salon,Popincourt,2023-06-05,2023-06-07
10777,Concert,Gobelins,2023-11-28,2023-11-30
10778,Conférence,Louvre,2023-06-16,2023-06-19
10779,Compétition Sportive,Gobelins,2023-09-01,2023-09-04
10780,Conférence,Buttes-Chaumont,2023-07-20,2023-07-22
10781,Festival,Popincourt,2023-06-02,2023-06-06
10782,Festival,Élysée,2023-10-09,2023-10-10
10783,Compétition Sportive,Ménilmontant,2023-11-20,2023-11-24
10784,Salon,Entrepôt,2023-07-09,2023-07-12
10785,Concert,Buttes-Montmartre,2023-05-27,2023-05-30
10786,Salon,Observatoire,2023-01-13,2023-01-17
10787,Conférence,Batignolles-Monceau,2023-10-12,2023-10-15
10788,Salon,Gobelins,2023-11-06,2023-11-09
10789,Compétition Sportive,Gobelins,2023-08-27,2023-08-29
10790,Salon,Gobelins,2023-03-14,2023-03-16
10791,Festival,Gobelins,2023-06-19,2023-06-23
10792,Compétition Sportive,Ménilmontant,2023-08-20,2023-08-23
10793,Compétition Sportive,Louvre,2023-07-18,2023-07-21
10794,Compétition Sportive,Palais-Bourbon,2023-07-18,2023-07-19
10795,Salon,Entrepôt,2023-01-21,2023-01-24
10796,Festival,Reuilly,2023-09-22,2023-09-26
10797,Salon,Bourse,2023-06-22,2023-06-23
10798,Conférence,Luxembourg,2023-10-31,2023-11-01
10799,Concert,Reuilly,2023-12-07,2023-12-10
10800,Concert,Buttes-Chaumont,2023-07-16,2023-07-20
10801,Concert,Palais-Bourbon,2023-05-13,2023-05-16
10802,Conférence,Louvre,2023-11-24,2023-11-27
10803,Conférence,Observatoire,2023-09-28,2023-09-29
10804,Conférence,Reuilly,2023-03-18,2023-03-20
10805,Festival,Hôtel-de-Ville,2023-04-07,2023-04-08
10806,Compétition Sportive,Louvre,2023-06-21,2023-06-24
10807,Conférence,Hôtel-de-Ville,2023-02-01,2023-02-05
10808,Concert,Batignolles-Monceau,2023-02-05,2023-02-06
10809,Concert,Buttes-Chaumont,2023-06-26,2023-06-28
10810,Salon,Palais-Bourbon,2023-05-26,2023-05-30
10811,Compétition Sportive,Reuilly,2023-12-09,2023-12-11
10812,Conférence,Buttes-Montmartre,2023-05-10,2023-05-11
10813,Compétition Sportive,Luxembourg,2023-08-24,2023-08-28
10814,Conférence,Vaugirard,2023-06-04,2023-06-05
10815,Concert,Temple,2023-06-27,2023-06-30
10816,Compétition Sportive,Ménilmontant,2023-12-08,2023-12-10
10817,Compétition Sportive,Vaugirard,2023-03-10,2023-03-11
10818,Conférence,Luxembourg,2023-05-25,2023-05-29
10819,Conférence,Panthéon,2023-02-12,2023-02-13
10820,Compétition Sportive,Opéra,2023-05-26,2023-05-27
10821,Conférence,Gobelins,2023-09-12,2023-09-13
10822,Compétition Sportive,Temple,2023-07-13,2023-07-16
10823,Salon,Ménilmontant,2023-10-14,2023-10-17
10824,Compétition Sportive,Bourse,2023-03-04,2023-03-05
10825,Festival,Buttes-Montmartre,2023-10-11,2023-10-15
10826,Compétition Sportive,Popincourt,2023-07-14,2023-07-18
10827,Salon,Élysée,2023-04-07,2023-04-11
10828,Salon,Reuilly,2023-01-28,2023-01-31
10829,Concert,Buttes-Chaumont,2023-09-05,2023-09-06
10830,Concert,Panthéon,2023-05-23,2023-05-27
10831,Festival,Buttes-Chaumont,2023-09-18,2023-09-19
10832,Conférence,Temple,2023-10-24,2023-10-26
10833,Conférence,Popincourt,2023-04-20,2023-04-22
10834,Salon,Popincourt,2023-08-07,2023-08-11
10835,Salon,Bourse,2023-03-17,2023-03-21
10836,Concert,Louvre,2023-07-21,2023-07-25
10837,Salon,Luxembourg,2023-07-20,2023-07-23
10838,Compétition Sportive,Buttes-Montmartre,2023-09-13,2023-09-17
10839,Compétition Sportive,Panthéon,2023-11-18,2023-11-19
10840,Festival,Popincourt,2023-11-25,2023-11-29
10841,Compétition Sportive,Batignolles-Monceau,2023-04-30,2023-05-04
10842,Festival,Ménilmontant,2023-06-28,2023-07-02
10843,Concert,Ménilmontant,2023-05-07,2023-05-10
10844,Compétition Sportive,Élysée,2023-05-24,2023-05-28
10845,Festival,Reuilly,2023-07-12,2023-07-14
10846,Conférence,Ménilmontant,2023-08-30,2023-09-02
10847,Festival,Louvre,2023-02-26,2023-02-27
10848,Compétition Sportive,Ménilmontant,2023-06-16,2023-06-19
10849,Festival,Reuilly,2023-03-06,2023-03-07
10850,Concert,Passy,2023-02-16,2023-02-18
10851,Salon,Temple,2023-10-23,2023-10-27
10852,Conférence,Passy,2023-10-31,2023-11-02
10853,Concert,Luxembourg,2023-08-24,2023-08-27
10854,Conférence,Bourse,2023-10-22,2023-10-25
10855,Conférence,Passy,2023-04-11,2023-04-12
10856,Festival,Vaugirard,2023-06-10,2023-06-13
10857,Salon,Observatoire,2023-04-30,2023-05-03
10858,Festival,Batignolles-Monceau,2023-06-03,2023-06-04
10859,Festival,Vaugirard,2023-02-12,2023-02-14
10860,Compétition Sportive,Temple,2023-02-13,2023-02-16
10861,Festival,Batignolles-Monceau,2023-03-19,2023-03-23
10862,Salon,Passy,2023-11-28,2023-12-01
10863,Concert,Palais-Bourbon,2023-04-18,2023-04-20
10864,Festival,Buttes-Chaumont,2023-01-07,2023-01-08
10865,Salon,Palais-Bourbon,2023-12-07,2023-12-10
10866,Festival,Bourse,2023-02-27,2023-02-28
10867,Conférence,Palais-Bourbon,2023-12-13,2023-12-16
10868,Festival,Louvre,2023-01-10,2023-01-14
10869,Compétition Sportive,Buttes-Chaumont,2023-08-16,2023-08-17
10870,Conférence,Gobelins,2023-06-19,2023-06-23
10871,Salon,Bourse,2023-02-03,2023-02-06
10872,Festival,Luxembourg,2023-07-29,2023-07-30
10873,Conférence,Reuilly,2023-06-03,2023-06-04
10874,Conférence,Gobelins,2023-11-12,2023-11-15
10875,Concert,Palais-Bourbon,2023-05-10,2023-05-13
10876,Conférence,Popincourt,2023-07-20,2023-07-24
10877,Salon,Hôtel-de-Ville,2023-02-14,2023-02-17
10878,Festival,Opéra,2023-01-05,2023-01-08
10879,Conférence,Palais-Bourbon,2023-01-26,2023-01-28
10880,Salon,Buttes-Chaumont,2023-08-21,2023-08-24
10881,Concert,Louvre,2023-12-01,2023-12-02
10882,Festival,Hôtel-de-Ville,2023-10-09,2023-10-12
10883,Compétition Sportive,Passy,2023-04-02,2023-04-06
10884,Conférence,Temple,2023-08-03,2023-08-06
10885,Conférence,Entrepôt,2023-03-26,2023-03-28
10886,Concert,Observatoire,2023-01-22,2023-01-24
10887,Salon,Reuilly,2023-09-23,2023-09-25
10888,Concert,Passy,2023-02-11,2023-02-12
10889,Salon,Observatoire,2023-06-08,2023-06-10
10890,Festival,Louvre,2023-06-08,2023-06-12
10891,Conférence,Batignolles-Monceau,2023-12-21,2023-12-23
10892,Compétition Sportive,Temple,2023-09-07,2023-09-11
10893,Concert,Temple,2023-11-27,2023-11-30
10894,Compétition Sportive,Buttes-Chaumont,2023-12-03,2023-12-04
10895,Compétition Sportive,Entrepôt,2023-08-13,2023-08-16
10896,Conférence,Élysée,2023-08-02,2023-08-06
10897,Conférence,Luxembourg,2023-12-29,2023-12-30
10898,Compétition Sportive,Buttes-Montmartre,2023-08-28,2023-09-01
10899,Festival,Panthéon,2023-10-15,2023-10-16
10900,Compétition Sportive,Batignolles-Monceau,2023-03-08,2023-03-10
10901,Salon,Louvre,2023-12-24,2023-12-27
10902,Salon,Entrepôt,2023-07-10,2023-07-12
10903,Salon,Popincourt,2023-10-06,2023-10-07
10904,Salon,Buttes-Montmartre,2023-02-19,2023-02-23
10905,Concert,Entrepôt,2023-11-17,2023-11-18
10906,Festival,Observatoire,2023-07-16,2023-07-17
10907,Concert,Reuilly,2023-06-21,2023-06-23
10908,Concert,Bourse,2023-07-05,2023-07-06
10909,Salon,Élysée,2023-07-04,2023-07-07
10910,Festival,Observatoire,2023-06-14,2023-06-17
10911,Festival,Gobelins,2023-01-18,2023-01-20
10912,Compétition Sportive,Reuilly,2023-04-09,2023-04-11
10913,Concert,Temple,2023-04-28,2023-05-01
10914,Festival,Passy,2023-09-03,2023-09-05
10915,Conférence,Vaugirard,2023-04-06,2023-04-09
10916,Concert,Reuilly,2023-10-16,2023-10-19
10917,Festival,Luxembourg,2023-10-25,2023-10-27
10918,Conférence,Bourse,2023-08-04,2023-08-08
10919,Conférence,Buttes-Chaumont,2023-06-04,2023-06-06
10920,Conférence,Observatoire,2023-07-30,2023-08-03
10921,Salon,Batignolles-Monceau,2023-03-23,2023-03-25
10922,Compétition Sportive,Luxembourg,2023-03-20,2023-03-23
10923,Compétition Sportive,Vaugirard,2023-04-01,2023-04-05
10924,Festival,Louvre,2023-05-01,2023-05-03
10925,Festival,Vaugirard,2023-10-07,2023-10-09
10926,Compétition Sportive,Louvre,2023-09-16,2023-09-19
10927,Conférence,Buttes-Chaumont,2023-06-16,2023-06-20
10928,Festival,Vaugirard,2023-11-23,2023-11-25
10929,Salon,Buttes-Montmartre,2023-02-02,2023-02-03
10930,Salon,Buttes-Montmartre,2023-10-05,2023-10-06
10931,Compétition Sportive,Gobelins,2023-09-27,2023-09-29
10932,Festival,Entrepôt,2023-11-06,2023-11-09
10933,Festival,Popincourt,2023-01-31,2023-02-03
10934,Conférence,Opéra,2023-03-10,2023-03-12
10935,Festival,Popincourt,2023-04-09,2023-04-11
10936,Compétition Sportive,Gobelins,2023-04-06,2023-04-09
10937,Festival,Reuilly,2023-05-12,2023-05-15
10938,Festival,Vaugirard,2023-09-23,2023-09-26
10939,Salon,Popincourt,2023-08-10,2023-08-12
10940,Compétition Sportive,Vaugirard,2023-04-29,2023-05-02
10941,Concert,Buttes-Montmartre,2023-12-23,2023-12-25
10942,Compétition Sportive,Entrepôt,2023-05-17,2023-05-21
10943,Compétition Sportive,Panthéon,2023-07-08,2023-07-09
10944,Concert,Élysée,2023-08-06,2023-08-10
10945,Concert,Gobelins,2023-05-29,2023-05-30
10946,Salon,Batignolles-Monceau,2023-05-07,2023-05-09
10947,Conférence,Batignolles-Monceau,2023-08-28,2023-08-30
10948,Compétition Sportive,Panthéon,2023-10-06,2023-10-10
10949,Compétition Sportive,Entrepôt,2023-03-02,2023-03-04
10950,Compétition Sportive,Luxembourg,2023-04-05,2023-04-07
10951,Compétition Sportive,Observatoire,2023-12-26,2023-12-29
10952,Salon,Popincourt,2023-12-31,2024-01-04
10953,Compétition Sportive,Vaugirard,2023-10-04,2023-10-05
10954,Concert,Popincourt,2023-02-16,2023-02-20
10955,Concert,Temple,2023-06-18,2023-06-20
10956,Festival,Passy,2023-04-07,2023-04-09
10957,Salon,Louvre,2023-05-23,2023-05-27
10958,Festival,Observatoire,2023-08-12,2023-08-14
10959,Compétition Sportive,Entrepôt,2023-11-11,2023-11-13
10960,Salon,Temple,2023-01-29,2023-01-31
10961,Salon,Ménilmontant,2023-01-11,2023-01-14
10962,Conférence,Panthéon,2023-01-29,2023-01-31
10963,Conférence,Hôtel-de-Ville,2023-08-21,2023-08-23
10964,Festival,Buttes-Montmartre,2023-03-27,2023-03-29
10965,Festival,Luxembourg,2023-07-29,2023-07-31
10966,Concert,Luxembourg,2023-12-11,2023-12-13
10967,Concert,Batignolles-Monceau,2023-12-07,2023-12-09
10968,Concert,Palais-Bourbon,2023-04-24,2023-04-26
10969,Salon,Opéra,2023-09-08,2023-09-09
10970,Compétition Sportive,Reuilly,2023-02-25,2023-03-01
10971,Festival,Popincourt,2023-08-08,2023-08-09
10972,Concert,Panthéon,2023-06-30,2023-07-02
10973,Salon,Buttes-Chaumont,2023-01-03,2023-01-07
10974,Conférence,Batignolles-Monceau,2023-01-13,2023-01-14
10975,Compétition Sportive,Buttes-Montmartre,2023-11-22,2023-11-26
10976,Conférence,Hôtel-de-Ville,2023-09-24,2023-09-26
10977,Conférence,Opéra,2023-02-25,2023-03-01
10978,Compétition Sportive,Buttes-Montmartre,2023-09-22,2023-09-26
10979,Salon,Gobelins,2023-05-03,2023-05-07
10980,Conférence,Gobelins,2023-12-05,2023-12-09
10981,Salon,Observatoire,2023-08-15,2023-08-17
10982,Conférence,Panthéon,2023-06-05,2023-06-08
10983,Concert,Bourse,2023-08-26,2023-08-29
10984,Compétition Sportive,Palais-Bourbon,2023-03-20,2023-03-24
10985,Festival,Entrepôt,2023-10-02,2023-10-04
10986,Compétition Sportive,Popincourt,2023-12-19,2023-12-21
10987,Conférence,Panthéon,2023-08-08,2023-08-11
10988,Conférence,Entrepôt,2023-09-17,2023-09-19
10989,Concert,Observatoire,2023-10-30,2023-11-03
10990,Concert,Élysée,2023-12-21,2023-12-25
10991,Compétition Sportive,Hôtel-de-Ville,2023-05-04,2023-05-07
10992,Festival,Buttes-Montmartre,2023-10-16,2023-10-18
10993,Compétition Sportive,Gobelins,2023-10-31,2023-11-04
10994,Festival,Louvre,2023-06-09,2023-06-12
10995,Salon,Passy,2023-04-22,2023-04-23
10996,Conférence,Vaugirard,2023-12-01,2023-12-04
10997,Salon,Entrepôt,2023-04-11,2023-04-13
10998,Compétition Sportive,Élysée,2023-08-14,2023-08-15
10999,Festival,Bourse,2023-02-16,2023-02-20
11000,Festival,Observatoire,2023-05-17,2023-05-19
11001,Salon,Gobelins,2023-12-27,2023-12-31
11002,Concert,Bourse,2023-06-12,2023-06-15
11003,Concert,Hôtel-de-Ville,2023-02-16,2023-02-18
11004,Salon,Vaugirard,2023-03-29,2023-03-30
11005,Concert,Temple,2023-12-04,2023-12-05
11006,Festival,Passy,2023-09-30,2023-10-04
11007,Compétition Sportive,Bourse,2023-02-24,2023-02-28
11008,Concert,Panthéon,2023-09-24,2023-09-27
11009,Festival,Buttes-Montmartre,2023-02-02,2023-02-06
11010,Compétition Sportive,Bourse,2023-11-16,2023-11-18
11011,Festival,Palais-Bourbon,2023-02-27,2023-02-28
11012,Conférence,Entrepôt,2023-04-18,2023-04-20
11013,Compétition Sportive,Ménilmontant,2023-10-01,2023-10-04
11014,Conférence,Ménilmontant,2023-11-30,2023-12-01
11015,Concert,Temple,2023-06-22,2023-06-26
11016,Concert,Panthéon,2023-05-03,2023-05-04
11017,Festival,Batignolles-Monceau,2023-02-12,2023-02-15
11018,Salon,Élysée,2023-05-28,2023-06-01
11019,Festival,Passy,2023-11-09,2023-11-10
11020,Conférence,Buttes-Montmartre,2023-07-29,2023-07-30
11021,Compétition Sportive,Bourse,2023-09-02,2023-09-03
11022,Salon,Louvre,2023-10-01,2023-10-05
11023,Festival,Louvre,2023-05-25,2023-05-28
11024,Conférence,Temple,2023-11-12,2023-11-13
11025,Conférence,Panthéon,2023-03-30,2023-04-01
11026,Concert,Observatoire,2023-09-18,2023-09-22
11027,Festival,Louvre,2023-12-22,2023-12-26
11028,Festival,Hôtel-de-Ville,2023-08-13,2023-08-14
11029,Conférence,Entrepôt,2023-09-28,2023-09-29
11030,Festival,Passy,2023-02-08,2023-02-09
11031,Concert,Passy,2023-06-16,2023-06-19
11032,Salon,Gobelins,2023-12-10,2023-12-14
11033,Conférence,Buttes-Montmartre,2023-05-29,2023-05-31
11034,Concert,Luxembourg,2023-08-18,2023-08-21
11035,Concert,Luxembourg,2023-09-26,2023-09-29
11036,Compétition Sportive,Passy,2023-10-12,2023-10-16
11037,Salon,Passy,2023-12-20,2023-12-21
11038,Concert,Luxembourg,2023-09-18,2023-09-21
11039,Compétition Sportive,Vaugirard,2023-07-14,2023-07-15
11040,Compétition Sportive,Temple,2023-10-04,2023-10-08
11041,Festival,Luxembourg,2023-05-17,2023-05-19
11042,Concert,Hôtel-de-Ville,2023-07-14,2023-07-16
11043,Conférence,Buttes-Chaumont,2023-06-21,2023-06-23
11044,Festival,Entrepôt,2023-07-09,2023-07-10
11045,Salon,Entrepôt,2023-08-10,2023-08-13
11046,Conférence,Entrepôt,2023-11-19,2023-11-21
11047,Conférence,Élysée,2023-04-23,2023-04-26
11048,Compétition Sportive,Batignolles-Monceau,2023-07-09,2023-07-11
11049,Concert,Reuilly,2023-07-07,2023-07-08
11050,Compétition Sportive,Élysée,2023-06-16,2023-06-17
11051,Compétition Sportive,Élysée,2023-06-18,2023-06-19
11052,Concert,Palais-Bourbon,2023-11-02,2023-11-04
11053,Concert,Observatoire,2023-01-17,2023-01-20
11054,Concert,Popincourt,2023-02-22,2023-02-23
11055,Compétition Sportive,Panthéon,2023-07-02,2023-07-05
11056,Concert,Observatoire,2023-07-25,2023-07-28
11057,Concert,Temple,2023-08-29,2023-08-31
11058,Conférence,Louvre,2023-11-27,2023-11-30
11059,Compétition Sportive,Buttes-Montmartre,2023-09-14,2023-09-15
11060,Concert,Bourse,2023-07-12,2023-07-16
11061,Compétition Sportive,Buttes-Montmartre,2023-05-23,2023-05-27
11062,Salon,Temple,2023-09-15,2023-09-16
11063,Festival,Palais-Bourbon,2023-01-12,2023-01-15
11064,Conférence,Luxembourg,2023-07-04,2023-07-08
11065,Conférence,Louvre,2023-10-25,2023-10-29
11066,Compétition Sportive,Buttes-Chaumont,2023-09-15,2023-09-16
11067,Concert,Panthéon,2023-08-03,2023-08-07
11068,Compétition Sportive,Opéra,2023-07-09,2023-07-11
11069,Festival,Élysée,2023-06-11,2023-06-12
11070,Conférence,Bourse,2023-09-30,2023-10-03
11071,Conférence,Hôtel-de-Ville,2023-10-24,2023-10-28
11072,Festival,Observatoire,2023-07-25,2023-07-28
11073,Compétition Sportive,Palais-Bourbon,2023-12-06,2023-12-09
11074,Conférence,Buttes-Chaumont,2023-12-30,2024-01-02
11075,Concert,Buttes-Montmartre,2023-07-18,2023-07-20
11076,Compétition Sportive,Panthéon,2023-11-17,2023-11-21
11077,Concert,Élysée,2023-04-30,2023-05-04
11078,Salon,Ménilmontant,2023-09-12,2023-09-16
11079,Festival,Gobelins,2023-08-28,2023-08-31
11080,Conférence,Entrepôt,2023-01-15,2023-01-16
11081,Festival,Buttes-Montmartre,2023-12-31,2024-01-04
11082,Festival,Popincourt,2023-06-15,2023-06-19
11083,Concert,Panthéon,2023-12-20,2023-12-22
11084,Conférence,Luxembourg,2023-11-17,2023-11-18
11085,Salon,Reuilly,2023-09-22,2023-09-26
11086,Festival,Élysée,2023-06-19,2023-06-22
11087,Concert,Luxembourg,2023-08-02,2023-08-04
11088,Concert,Batignolles-Monceau,2023-12-11,2023-12-13
11089,Conférence,Buttes-Chaumont,2023-06-28,2023-06-29
11090,Compétition Sportive,Bourse,2023-03-19,2023-03-23
11091,Compétition Sportive,Batignolles-Monceau,2023-08-15,2023-08-19
11092,Salon,Louvre,2023-07-27,2023-07-31
11093,Concert,Palais-Bourbon,2023-12-27,2023-12-28
11094,Compétition Sportive,Buttes-Montmartre,2023-01-31,2023-02-03
11095,Festival,Hôtel-de-Ville,2023-07-13,2023-07-15
11096,Salon,Palais-Bourbon,2023-06-09,2023-06-13
11097,Festival,Batignolles-Monceau,2023-04-10,2023-04-14
11098,Compétition Sportive,Entrepôt,2023-07-22,2023-07-26
11099,Concert,Vaugirard,2023-01-08,2023-01-11
11100,Compétition Sportive,Hôtel-de-Ville,2023-07-16,2023-07-18
11101,Salon,Passy,2023-02-01,2023-02-05
11102,Salon,Opéra,2023-10-30,2023-10-31
11103,Festival,Panthéon,2023-01-08,2023-01-12
11104,Festival,Passy,2023-06-11,2023-06-14
11105,Salon,Passy,2023-09-17,2023-09-21
11106,Festival,Buttes-Montmartre,2023-10-19,2023-10-21
11107,Conférence,Opéra,2023-06-21,2023-06-22
11108,Salon,Entrepôt,2023-06-02,2023-06-03
11109,Festival,Observatoire,2023-10-09,2023-10-12
11110,Compétition Sportive,Entrepôt,2023-10-16,2023-10-19
11111,Concert,Reuilly,2023-10-30,2023-11-01
11112,Conférence,Luxembourg,2023-07-19,2023-07-23
11113,Conférence,Opéra,2023-05-25,2023-05-28
11114,Concert,Louvre,2023-01-15,2023-01-16
11115,Concert,Bourse,2023-06-19,2023-06-22
11116,Compétition Sportive,Passy,2023-11-06,2023-11-10
11117,Concert,Louvre,2023-08-28,2023-09-01
11118,Conférence,Bourse,2023-06-27,2023-07-01
11119,Compétition Sportive,Panthéon,2023-02-13,2023-02-17
11120,Concert,Popincourt,2023-09-16,2023-09-19
11121,Compétition Sportive,Popincourt,2023-06-30,2023-07-04
11122,Compétition Sportive,Temple,2023-11-08,2023-11-12
11123,Festival,Louvre,2023-02-23,2023-02-25
11124,Concert,Reuilly,2023-07-04,2023-07-06
11125,Festival,Passy,2023-05-20,2023-05-21
11126,Conférence,Buttes-Montmartre,2023-12-15,2023-12-19
11127,Compétition Sportive,Buttes-Chaumont,2023-07-06,2023-07-07
11128,Conférence,Buttes-Montmartre,2023-11-17,2023-11-20
11129,Compétition Sportive,Vaugirard,2023-12-18,2023-12-20
11130,Concert,Entrepôt,2023-10-20,2023-10-22
11131,Salon,Entrepôt,2023-05-28,2023-06-01
11132,Concert,Palais-Bourbon,2023-10-20,2023-10-21
11133,Compétition Sportive,Élysée,2023-06-08,2023-06-10
11134,Salon,Bourse,2023-01-25,2023-01-28
11135,Salon,Élysée,2023-11-02,2023-11-04
11136,Concert,Passy,2023-08-20,2023-08-21
11137,Conférence,Opéra,2023-04-19,2023-04-21
11138,Concert,Opéra,2023-02-18,2023-02-20
11139,Compétition Sportive,Louvre,2023-01-08,2023-01-09
11140,Conférence,Bourse,2023-04-04,2023-04-07
11141,Compétition Sportive,Temple,2023-05-01,2023-05-05
11142,Conférence,Buttes-Chaumont,2023-12-13,2023-12-16
11143,Festival,Passy,2023-01-13,2023-01-14
11144,Conférence,Gobelins,2023-10-04,2023-10-08
11145,Festival,Observatoire,2023-03-14,2023-03-16
11146,Compétition Sportive,Reuilly,2023-06-01,2023-06-03
11147,Concert,Observatoire,2023-02-02,2023-02-03
11148,Compétition Sportive,Observatoire,2023-09-14,2023-09-17
11149,Concert,Passy,2023-11-24,2023-11-27
11150,Festival,Reuilly,2023-09-11,2023-09-14
11151,Concert,Popincourt,2023-09-16,2023-09-20
11152,Compétition Sportive,Opéra,2023-05-22,2023-05-25
11153,Compétition Sportive,Louvre,2023-06-26,2023-06-29
11154,Compétition Sportive,Batignolles-Monceau,2023-05-02,2023-05-05
11155,Conférence,Palais-Bourbon,2023-02-02,2023-02-06
11156,Compétition Sportive,Élysée,2023-09-17,2023-09-20
11157,Conférence,Panthéon,2023-02-07,2023-02-11
11158,Salon,Popincourt,2023-06-02,2023-06-06
11159,Festival,Louvre,2023-10-30,2023-10-31
11160,Salon,Batignolles-Monceau,2023-09-02,2023-09-04
11161,Salon,Temple,2023-05-21,2023-05-24
11162,Conférence,Vaugirard,2023-04-29,2023-05-01
11163,Conférence,Reuilly,2023-10-08,2023-10-12
11164,Festival,Luxembourg,2023-08-18,2023-08-22
11165,Festival,Élysée,2023-07-20,2023-07-21
11166,Festival,Ménilmontant,2023-12-24,2023-12-28
11167,Compétition Sportive,Reuilly,2023-02-12,2023-02-13
11168,Compétition Sportive,Popincourt,2023-06-15,2023-06-17
11169,Festival,Ménilmontant,2023-02-04,2023-02-08
11170,Conférence,Observatoire,2023-04-03,2023-04-04
11171,Salon,Observatoire,2023-11-02,2023-11-06
11172,Festival,Temple,2023-11-30,2023-12-01
11173,Festival,Passy,2023-08-18,2023-08-19
11174,Salon,Hôtel-de-Ville,2023-10-17,2023-10-19
11175,Concert,Buttes-Chaumont,2023-04-02,2023-04-05
11176,Festival,Palais-Bourbon,2023-06-28,2023-06-30
11177,Festival,Entrepôt,2023-12-16,2023-12-20
11178,Compétition Sportive,Temple,2023-09-04,2023-09-07
11179,Salon,Observatoire,2023-06-14,2023-06-18
11180,Festival,Buttes-Chaumont,2023-08-27,2023-08-29
11181,Festival,Buttes-Chaumont,2023-08-22,2023-08-26
11182,Concert,Bourse,2023-09-09,2023-09-12
11183,Salon,Buttes-Chaumont,2023-03-07,2023-03-08
11184,Festival,Passy,2023-12-07,2023-12-08
11185,Concert,Popincourt,2023-02-03,2023-02-07
11186,Festival,Entrepôt,2023-08-20,2023-08-22
11187,Conférence,Ménilmontant,2023-06-03,2023-06-06
11188,Concert,Observatoire,2023-11-28,2023-12-02
11189,Conférence,Buttes-Montmartre,2023-06-25,2023-06-26
11190,Festival,Opéra,2023-05-07,2023-05-11
11191,Concert,Ménilmontant,2023-05-05,2023-05-06
11192,Salon,Entrepôt,2023-12-17,2023-12-21
11193,Compétition Sportive,Gobelins,2023-03-20,2023-03-22
11194,Festival,Ménilmontant,2023-01-10,2023-01-12
11195,Concert,Passy,2023-02-05,2023-02-06
11196,Conférence,Luxembourg,2023-06-17,2023-06-19
11197,Concert,Passy,2023-05-17,2023-05-21
11198,Salon,Passy,2023-06-30,2023-07-01
11199,Concert,Passy,2023-07-28,2023-07-29
11200,Conférence,Panthéon,2023-03-27,2023-03-28
11201,Festival,Palais-Bourbon,2023-07-27,2023-07-29
11202,Conférence,Opéra,2023-08-02,2023-08-04
11203,Conférence,Buttes-Chaumont,2023-11-05,2023-11-08
11204,Conférence,Buttes-Chaumont,2023-06-16,2023-06-20
11205,Compétition Sportive,Hôtel-de-Ville,2023-11-13,2023-11-16
11206,Festival,Reuilly,2023-02-21,2023-02-22
11207,Compétition Sportive,Entrepôt,2023-07-15,2023-07-19
11208,Concert,Luxembourg,2023-07-15,2023-07-17
11209,Festival,Opéra,2023-07-20,2023-07-23
11210,Festival,Opéra,2023-07-25,2023-07-28
11211,Concert,Bourse,2023-06-19,2023-06-20
11212,Concert,Bourse,2023-08-31,2023-09-04
11213,Conférence,Ménilmontant,2023-08-06,2023-08-10
11214,Festival,Passy,2023-07-14,2023-07-15
11215,Salon,Palais-Bourbon,2023-12-18,2023-12-20
11216,Conférence,Popincourt,2023-03-16,2023-03-20
11217,Festival,Buttes-Chaumont,2023-06-28,2023-07-01
11218,Concert,Hôtel-de-Ville,2023-12-30,2023-12-31
11219,Concert,Vaugirard,2023-04-30,2023-05-03
11220,Salon,Louvre,2023-03-02,2023-03-04
11221,Festival,Opéra,2023-10-07,2023-10-09
11222,Compétition Sportive,Louvre,2023-05-28,2023-06-01
11223,Conférence,Luxembourg,2023-03-15,2023-03-18
11224,Festival,Batignolles-Monceau,2023-08-03,2023-08-05
11225,Compétition Sportive,Louvre,2023-04-07,2023-04-08
11226,Concert,Louvre,2023-02-04,2023-02-06
11227,Concert,Passy,2023-03-19,2023-03-21
11228,Compétition Sportive,Buttes-Chaumont,2023-12-02,2023-12-06
11229,Compétition Sportive,Gobelins,2023-10-13,2023-10-14
11230,Salon,Reuilly,2023-03-24,2023-03-26
11231,Festival,Observatoire,2023-02-10,2023-02-13
11232,Concert,Élysée,2023-04-12,2023-04-13
11233,Conférence,Vaugirard,2023-06-26,2023-06-27
11234,Concert,Buttes-Chaumont,2023-09-21,2023-09-24
11235,Festival,Popincourt,2023-03-25,2023-03-28
11236,Compétition Sportive,Palais-Bourbon,2023-08-01,2023-08-05
11237,Salon,Reuilly,2023-09-05,2023-09-06
11238,Concert,Panthéon,2023-03-06,2023-03-09
11239,Salon,Batignolles-Monceau,2023-03-26,2023-03-27
11240,Compétition Sportive,Popincourt,2023-05-01,2023-05-02
11241,Festival,Palais-Bourbon,2023-07-22,2023-07-23
11242,Concert,Buttes-Montmartre,2023-05-17,2023-05-18
11243,Festival,Entrepôt,2023-08-29,2023-08-30
11244,Conférence,Passy,2023-04-06,2023-04-10
11245,Festival,Louvre,2023-10-22,2023-10-23
11246,Compétition Sportive,Temple,2023-05-31,2023-06-01
11247,Compétition Sportive,Bourse,2023-06-26,2023-06-30
11248,Conférence,Bourse,2023-07-02,2023-07-05
11249,Festival,Buttes-Chaumont,2023-04-29,2023-05-02
11250,Compétition Sportive,Buttes-Chaumont,2023-12-16,2023-12-20
11251,Compétition Sportive,Panthéon,2023-03-04,2023-03-07
11252,Compétition Sportive,Luxembourg,2023-09-09,2023-09-10
11253,Compétition Sportive,Élysée,2023-12-17,2023-12-20
11254,Salon,Opéra,2023-04-18,2023-04-20
11255,Concert,Reuilly,2023-01-26,2023-01-29
11256,Salon,Luxembourg,2023-06-25,2023-06-29
11257,Compétition Sportive,Buttes-Montmartre,2023-05-10,2023-05-13
11258,Festival,Passy,2023-01-29,2023-02-01
11259,Salon,Passy,2023-06-09,2023-06-13
11260,Conférence,Louvre,2023-04-18,2023-04-22
11261,Concert,Vaugirard,2023-08-31,2023-09-01
11262,Festival,Ménilmontant,2023-09-08,2023-09-12
11263,Salon,Passy,2023-06-15,2023-06-17
11264,Concert,Palais-Bourbon,2023-10-04,2023-10-06
11265,Salon,Entrepôt,2023-10-10,2023-10-14
11266,Conférence,Buttes-Chaumont,2023-08-04,2023-08-06
11267,Compétition Sportive,Temple,2023-02-03,2023-02-04
11268,Conférence,Opéra,2023-10-06,2023-10-10
11269,Compétition Sportive,Temple,2023-09-01,2023-09-04
11270,Concert,Temple,2023-11-30,2023-12-01
11271,Salon,Observatoire,2023-06-16,2023-06-18
11272,Salon,Bourse,2023-03-10,2023-03-11
11273,Conférence,Entrepôt,2023-04-27,2023-04-29
11274,Festival,Hôtel-de-Ville,2023-03-14,2023-03-16
11275,Concert,Luxembourg,2023-10-28,2023-10-30
11276,Compétition Sportive,Vaugirard,2023-11-15,2023-11-16
11277,Concert,Palais-Bourbon,2023-01-08,2023-01-11
11278,Conférence,Vaugirard,2023-10-13,2023-10-16
11279,Salon,Passy,2023-01-12,2023-01-15
11280,Compétition Sportive,Palais-Bourbon,2023-10-03,2023-10-06
11281,Compétition Sportive,Entrepôt,2023-07-11,2023-07-14
11282,Compétition Sportive,Louvre,2023-07-02,2023-07-04
11283,Compétition Sportive,Ménilmontant,2023-09-25,2023-09-28
11284,Concert,Panthéon,2023-03-25,2023-03-29
11285,Concert,Palais-Bourbon,2023-01-22,2023-01-24
11286,Conférence,Palais-Bourbon,2023-08-26,2023-08-29
11287,Salon,Batignolles-Monceau,2023-06-25,2023-06-26
11288,Salon,Batignolles-Monceau,2023-10-28,2023-10-29
11289,Concert,Popincourt,2023-01-26,2023-01-30
11290,Conférence,Opéra,2023-04-19,2023-04-21
11291,Festival,Palais-Bourbon,2023-04-17,2023-04-19
11292,Compétition Sportive,Batignolles-Monceau,2023-10-11,2023-10-13
11293,Salon,Observatoire,2023-08-20,2023-08-22
11294,Compétition Sportive,Palais-Bourbon,2023-03-14,2023-03-17
11295,Salon,Gobelins,2023-07-16,2023-07-18
11296,Festival,Batignolles-Monceau,2023-01-02,2023-01-04
11297,Salon,Popincourt,2023-04-16,2023-04-17
11298,Festival,Ménilmontant,2023-01-28,2023-01-31
11299,Salon,Batignolles-Monceau,2023-11-29,2023-12-02
11300,Concert,Palais-Bourbon,2023-06-30,2023-07-03
11301,Compétition Sportive,Vaugirard,2023-05-22,2023-05-26
11302,Conférence,Observatoire,2023-04-17,2023-04-20
11303,Conférence,Élysée,2023-06-23,2023-06-24
11304,Salon,Entrepôt,2023-08-19,2023-08-20
11305,Conférence,Popincourt,2023-11-30,2023-12-04
11306,Compétition Sportive,Hôtel-de-Ville,2023-11-19,2023-11-20
11307,Concert,Temple,2023-07-17,2023-07-18
11308,Concert,Élysée,2023-02-04,2023-02-07
11309,Festival,Buttes-Chaumont,2023-10-03,2023-10-06
11310,Conférence,Popincourt,2023-04-23,2023-04-24
11311,Compétition Sportive,Palais-Bourbon,2023-02-25,2023-02-28
11312,Conférence,Entrepôt,2023-04-18,2023-04-19
11313,Compétition Sportive,Vaugirard,2023-01-03,2023-01-05
11314,Festival,Panthéon,2023-11-20,2023-11-22
11315,Conférence,Temple,2023-03-03,2023-03-04
11316,Concert,Panthéon,2023-12-27,2023-12-30
11317,Festival,Observatoire,2023-03-02,2023-03-04
11318,Conférence,Hôtel-de-Ville,2023-07-05,2023-07-07
11319,Concert,Temple,2023-01-29,2023-01-31
11320,Concert,Luxembourg,2023-12-06,2023-12-10
11321,Compétition Sportive,Passy,2023-09-08,2023-09-09
11322,Concert,Ménilmontant,2023-12-10,2023-12-12
11323,Salon,Opéra,2023-03-28,2023-03-31
11324,Conférence,Passy,2023-10-05,2023-10-06
11325,Conférence,Opéra,2023-10-24,2023-10-25
11326,Compétition Sportive,Popincourt,2023-07-31,2023-08-02
11327,Concert,Gobelins,2023-04-20,2023-04-22
11328,Compétition Sportive,Observatoire,2023-11-15,2023-11-16
11329,Salon,Panthéon,2023-05-05,2023-05-08
11330,Compétition Sportive,Passy,2023-06-27,2023-07-01
11331,Conférence,Ménilmontant,2023-12-27,2023-12-28
11332,Compétition Sportive,Bourse,2023-08-30,2023-08-31
11333,Conférence,Panthéon,2023-12-30,2023-12-31
11334,Festival,Reuilly,2023-04-11,2023-04-14
11335,Salon,Hôtel-de-Ville,2023-09-12,2023-09-16
11336,Salon,Panthéon,2023-10-12,2023-10-16
11337,Conférence,Opéra,2023-11-19,2023-11-20
11338,Festival,Opéra,2023-12-25,2023-12-27
11339,Concert,Luxembourg,2023-08-09,2023-08-11
11340,Compétition Sportive,Louvre,2023-12-02,2023-12-05
11341,Concert,Opéra,2023-05-30,2023-06-01
11342,Festival,Louvre,2023-12-07,2023-12-10
11343,Salon,Reuilly,2023-03-27,2023-03-29
11344,Concert,Reuilly,2023-05-17,2023-05-18
11345,Festival,Gobelins,2023-12-09,2023-12-12
11346,Salon,Buttes-Montmartre,2023-07-20,2023-07-22
11347,Concert,Ménilmontant,2023-10-19,2023-10-20
11348,Salon,Luxembourg,2023-08-27,2023-08-30
11349,Conférence,Vaugirard,2023-09-18,2023-09-21
11350,Salon,Luxembourg,2023-08-06,2023-08-08
11351,Salon,Observatoire,2023-01-04,2023-01-06
11352,Festival,Hôtel-de-Ville,2023-01-24,2023-01-25
11353,Festival,Temple,2023-12-29,2024-01-02
11354,Compétition Sportive,Palais-Bourbon,2023-09-27,2023-09-30
11355,Festival,Palais-Bourbon,2023-08-07,2023-08-08
11356,Conférence,Panthéon,2023-01-12,2023-01-13
11357,Conférence,Élysée,2023-03-23,2023-03-25
11358,Salon,Panthéon,2023-10-27,2023-10-29
11359,Festival,Reuilly,2023-05-17,2023-05-21
11360,Compétition Sportive,Panthéon,2023-03-07,2023-03-09
11361,Festival,Batignolles-Monceau,2023-06-15,2023-06-17
11362,Compétition Sportive,Palais-Bourbon,2023-04-06,2023-04-09
11363,Salon,Gobelins,2023-03-18,2023-03-19
11364,Conférence,Temple,2023-11-09,2023-11-12
11365,Festival,Vaugirard,2023-06-24,2023-06-25
11366,Festival,Élysée,2023-08-04,2023-08-07
11367,Conférence,Gobelins,2023-12-24,2023-12-25
11368,Conférence,Panthéon,2023-08-26,2023-08-29
11369,Concert,Élysée,2023-12-05,2023-12-07
11370,Concert,Opéra,2023-08-27,2023-08-29
11371,Concert,Popincourt,2023-05-26,2023-05-27
11372,Conférence,Batignolles-Monceau,2023-12-30,2023-12-31
11373,Concert,Buttes-Chaumont,2023-03-07,2023-03-08
11374,Festival,Temple,2023-07-04,2023-07-06
11375,Conférence,Luxembourg,2023-09-01,2023-09-05
11376,Festival,Observatoire,2023-03-05,2023-03-06
11377,Conférence,Buttes-Montmartre,2023-08-04,2023-08-05
11378,Salon,Popincourt,2023-06-04,2023-06-06
11379,Festival,Palais-Bourbon,2023-11-05,2023-11-08
11380,Conférence,Passy,2023-04-28,2023-04-29
11381,Compétition Sportive,Temple,2023-01-29,2023-01-30
11382,Conférence,Élysée,2023-03-13,2023-03-14
11383,Salon,Louvre,2023-09-02,2023-09-04
11384,Conférence,Passy,2023-08-11,2023-08-14
11385,Salon,Batignolles-Monceau,2023-08-14,2023-08-16
11386,Concert,Observatoire,2023-09-27,2023-10-01
11387,Festival,Entrepôt,2023-03-09,2023-03-13
11388,Salon,Reuilly,2023-02-12,2023-02-14
11389,Compétition Sportive,Louvre,2023-01-29,2023-02-01
11390,Festival,Temple,2023-02-26,2023-02-28
11391,Conférence,Élysée,2023-04-28,2023-04-29
11392,Conférence,Gobelins,2023-02-02,2023-02-03
11393,Salon,Opéra,2023-10-04,2023-10-06
11394,Compétition Sportive,Palais-Bourbon,2023-05-09,2023-05-12
11395,Salon,Reuilly,2023-01-02,2023-01-03
11396,Compétition Sportive,Batignolles-Monceau,2023-11-16,2023-11-19
11397,Salon,Buttes-Montmartre,2023-06-28,2023-07-02
11398,Concert,Gobelins,2023-05-06,2023-05-10
11399,Concert,Vaugirard,2023-08-23,2023-08-26
11400,Concert,Bourse,2023-03-15,2023-03-19
11401,Salon,Hôtel-de-Ville,2023-03-15,2023-03-16
11402,Festival,Vaugirard,2023-05-09,2023-05-10
11403,Conférence,Vaugirard,2023-08-28,2023-09-01
11404,Festival,Batignolles-Monceau,2023-06-06,2023-06-07
11405,Conférence,Louvre,2023-05-21,2023-05-22
11406,Compétition Sportive,Louvre,2023-08-20,2023-08-21
11407,Concert,Hôtel-de-Ville,2023-10-26,2023-10-30
11408,Concert,Hôtel-de-Ville,2023-02-10,2023-02-14
11409,Conférence,Hôtel-de-Ville,2023-08-04,2023-08-06
11410,Concert,Élysée,2023-12-11,2023-12-15
11411,Festival,Buttes-Montmartre,2023-07-05,2023-07-09
11412,Salon,Opéra,2023-11-29,2023-12-01
11413,Concert,Reuilly,2023-02-10,2023-02-12
11414,Concert,Palais-Bourbon,2023-09-19,2023-09-20
11415,Compétition Sportive,Opéra,2023-02-15,2023-02-18
11416,Salon,Buttes-Montmartre,2023-07-24,2023-07-26
11417,Conférence,Bourse,2023-10-12,2023-10-15
11418,Salon,Ménilmontant,2023-07-25,2023-07-29
11419,Salon,Temple,2023-07-05,2023-07-06
11420,Conférence,Hôtel-de-Ville,2023-12-09,2023-12-10
11421,Salon,Buttes-Chaumont,2023-05-11,2023-05-13
11422,Compétition Sportive,Batignolles-Monceau,2023-11-12,2023-11-15
11423,Festival,Passy,2023-04-08,2023-04-11
11424,Salon,Reuilly,2023-10-06,2023-10-09
11425,Festival,Opéra,2023-07-09,2023-07-12
11426,Compétition Sportive,Ménilmontant,2023-09-23,2023-09-26
11427,Compétition Sportive,Palais-Bourbon,2023-01-04,2023-01-05
11428,Salon,Reuilly,2023-02-08,2023-02-11
11429,Concert,Panthéon,2023-04-23,2023-04-26
11430,Salon,Opéra,2023-12-10,2023-12-13
11431,Festival,Batignolles-Monceau,2023-02-03,2023-02-05
11432,Compétition Sportive,Élysée,2023-08-04,2023-08-08
11433,Festival,Panthéon,2023-04-30,2023-05-01
11434,Festival,Bourse,2023-10-08,2023-10-12
11435,Conférence,Observatoire,2023-09-28,2023-09-30
11436,Compétition Sportive,Observatoire,2023-09-25,2023-09-29
11437,Compétition Sportive,Luxembourg,2023-05-09,2023-05-11
11438,Festival,Ménilmontant,2023-12-28,2023-12-30
11439,Compétition Sportive,Vaugirard,2023-11-11,2023-11-15
11440,Salon,Opéra,2023-05-22,2023-05-24
11441,Conférence,Palais-Bourbon,2023-04-15,2023-04-17
11442,Salon,Vaugirard,2023-10-14,2023-10-15
11443,Concert,Passy,2023-08-04,2023-08-08
11444,Concert,Vaugirard,2023-02-22,2023-02-25
11445,Festival,Opéra,2023-09-01,2023-09-03
11446,Concert,Opéra,2023-04-16,2023-04-17
11447,Salon,Popincourt,2023-06-20,2023-06-22
11448,Concert,Panthéon,2023-05-26,2023-05-30
11449,Festival,Gobelins,2023-03-08,2023-03-11
11450,Compétition Sportive,Panthéon,2023-11-11,2023-11-13
11451,Conférence,Panthéon,2023-11-28,2023-11-29
11452,Festival,Observatoire,2023-12-21,2023-12-25
11453,Festival,Buttes-Chaumont,2023-12-30,2024-01-03
11454,Festival,Palais-Bourbon,2023-09-03,2023-09-06
11455,Salon,Élysée,2023-10-06,2023-10-09
11456,Compétition Sportive,Popincourt,2023-03-27,2023-03-30
11457,Festival,Gobelins,2023-10-29,2023-11-02
11458,Compétition Sportive,Bourse,2023-06-26,2023-06-29
11459,Festival,Vaugirard,2023-05-31,2023-06-03
11460,Salon,Batignolles-Monceau,2023-10-12,2023-10-16
11461,Festival,Ménilmontant,2023-08-05,2023-08-07
11462,Concert,Vaugirard,2023-03-29,2023-03-30
11463,Salon,Popincourt,2023-02-28,2023-03-01
11464,Festival,Palais-Bourbon,2023-11-05,2023-11-06
11465,Festival,Louvre,2023-11-20,2023-11-22
11466,Festival,Hôtel-de-Ville,2023-12-23,2023-12-27
11467,Concert,Buttes-Montmartre,2023-07-10,2023-07-14
11468,Concert,Opéra,2023-01-29,2023-01-30
11469,Festival,Buttes-Montmartre,2023-01-03,2023-01-05
11470,Concert,Temple,2023-12-17,2023-12-20
11471,Festival,Ménilmontant,2023-03-30,2023-04-02
11472,Concert,Hôtel-de-Ville,2023-03-04,2023-03-07
11473,Compétition Sportive,Vaugirard,2023-10-06,2023-10-07
11474,Festival,Bourse,2023-09-04,2023-09-05
11475,Festival,Buttes-Montmartre,2023-03-27,2023-03-31
11476,Conférence,Buttes-Chaumont,2023-08-09,2023-08-10
11477,Conférence,Louvre,2023-03-18,2023-03-19
11478,Salon,Buttes-Montmartre,2023-05-11,2023-05-14
11479,Compétition Sportive,Panthéon,2023-04-20,2023-04-22
11480,Compétition Sportive,Vaugirard,2023-09-02,2023-09-06
11481,Salon,Reuilly,2023-02-05,2023-02-07
11482,Conférence,Popincourt,2023-04-30,2023-05-01
11483,Salon,Passy,2023-09-22,2023-09-25
11484,Conférence,Louvre,2023-11-08,2023-11-12
11485,Festival,Temple,2023-11-24,2023-11-27
11486,Salon,Popincourt,2023-02-02,2023-02-04
11487,Concert,Batignolles-Monceau,2023-10-18,2023-10-21
11488,Conférence,Hôtel-de-Ville,2023-01-31,2023-02-01
11489,Festival,Bourse,2023-04-29,2023-05-02
11490,Concert,Popincourt,2023-10-29,2023-10-31
11491,Concert,Louvre,2023-03-19,2023-03-21
11492,Compétition Sportive,Observatoire,2023-09-23,2023-09-24
11493,Conférence,Gobelins,2023-11-19,2023-11-20
11494,Festival,Palais-Bourbon,2023-06-11,2023-06-15
11495,Conférence,Temple,2023-02-20,2023-02-22
11496,Festival,Observatoire,2023-10-22,2023-10-23
11497,Conférence,Entrepôt,2023-08-06,2023-08-10
11498,Concert,Palais-Bourbon,2023-07-15,2023-07-19
11499,Compétition Sportive,Entrepôt,2023-11-19,2023-11-23
11500,Salon,Observatoire,2023-03-31,2023-04-04
11501,Conférence,Vaugirard,2023-05-10,2023-05-12
11502,Concert,Vaugirard,2023-01-12,2023-01-14
11503,Salon,Temple,2023-11-11,2023-11-12
11504,Salon,Hôtel-de-Ville,2023-02-01,2023-02-04
11505,Salon,Passy,2023-02-20,2023-02-22
11506,Concert,Palais-Bourbon,2023-12-24,2023-12-26
11507,Festival,Observatoire,2023-09-24,2023-09-28
11508,Salon,Entrepôt,2023-10-15,2023-10-17
11509,Compétition Sportive,Buttes-Montmartre,2023-02-23,2023-02-24
11510,Festival,Buttes-Montmartre,2023-01-06,2023-01-09
11511,Concert,Opéra,2023-10-09,2023-10-10
11512,Salon,Buttes-Montmartre,2023-01-08,2023-01-10
11513,Concert,Hôtel-de-Ville,2023-10-21,2023-10-25
11514,Concert,Élysée,2023-05-16,2023-05-17
11515,Salon,Temple,2023-01-17,2023-01-20
11516,Concert,Buttes-Montmartre,2023-12-25,2023-12-29
11517,Compétition Sportive,Buttes-Chaumont,2023-12-05,2023-12-09
11518,Compétition Sportive,Hôtel-de-Ville,2023-07-20,2023-07-21
11519,Conférence,Ménilmontant,2023-11-05,2023-11-06
11520,Salon,Buttes-Montmartre,2023-04-20,2023-04-24
11521,Salon,Ménilmontant,2023-12-19,2023-12-22
11522,Salon,Palais-Bourbon,2023-04-06,2023-04-08
11523,Conférence,Popincourt,2023-08-12,2023-08-14
11524,Compétition Sportive,Reuilly,2023-08-29,2023-08-30
11525,Compétition Sportive,Batignolles-Monceau,2023-11-14,2023-11-15
11526,Salon,Bourse,2023-11-05,2023-11-06
11527,Concert,Opéra,2023-12-15,2023-12-16
11528,Festival,Gobelins,2023-09-11,2023-09-14
11529,Festival,Buttes-Chaumont,2023-04-11,2023-04-13
11530,Salon,Vaugirard,2023-07-28,2023-08-01
11531,Salon,Bourse,2023-08-30,2023-09-01
11532,Compétition Sportive,Observatoire,2023-12-05,2023-12-06
11533,Compétition Sportive,Reuilly,2023-12-17,2023-12-21
11534,Concert,Louvre,2023-12-05,2023-12-08
11535,Compétition Sportive,Entrepôt,2023-05-31,2023-06-03
11536,Festival,Panthéon,2023-06-12,2023-06-13
11537,Festival,Buttes-Montmartre,2023-09-27,2023-09-28
11538,Compétition Sportive,Passy,2023-03-06,2023-03-08
11539,Festival,Passy,2023-02-18,2023-02-19
11540,Festival,Opéra,2023-06-13,2023-06-14
11541,Festival,Opéra,2023-05-09,2023-05-13
11542,Festival,Batignolles-Monceau,2023-12-06,2023-12-10
11543,Conférence,Hôtel-de-Ville,2023-01-22,2023-01-24
11544,Salon,Batignolles-Monceau,2023-01-03,2023-01-05
11545,Concert,Bourse,2023-08-23,2023-08-26
11546,Conférence,Élysée,2023-11-10,2023-11-14
11547,Concert,Vaugirard,2023-11-29,2023-12-03
11548,Conférence,Luxembourg,2023-09-25,2023-09-27
11549,Conférence,Passy,2023-09-15,2023-09-16
11550,Concert,Popincourt,2023-12-06,2023-12-09
11551,Salon,Opéra,2023-07-12,2023-07-13
11552,Compétition Sportive,Batignolles-Monceau,2023-11-12,2023-11-16
11553,Conférence,Passy,2023-02-10,2023-02-12
11554,Salon,Batignolles-Monceau,2023-08-04,2023-08-07
11555,Compétition Sportive,Temple,2023-09-01,2023-09-04
11556,Concert,Passy,2023-04-12,2023-04-16
11557,Conférence,Observatoire,2023-09-24,2023-09-27
11558,Compétition Sportive,Opéra,2023-06-29,2023-07-01
11559,Salon,Panthéon,2023-06-29,2023-07-03
11560,Compétition Sportive,Luxembourg,2023-12-29,2023-12-31
11561,Concert,Palais-Bourbon,2023-11-14,2023-11-16
11562,Compétition Sportive,Vaugirard,2023-07-10,2023-07-14
11563,Festival,Élysée,2023-09-28,2023-10-01
11564,Conférence,Vaugirard,2023-03-11,2023-03-15
11565,Salon,Hôtel-de-Ville,2023-02-09,2023-02-11
11566,Salon,Opéra,2023-01-09,2023-01-11
11567,Conférence,Ménilmontant,2023-04-24,2023-04-25
11568,Conférence,Entrepôt,2023-05-25,2023-05-27
11569,Festival,Batignolles-Monceau,2023-05-31,2023-06-02
11570,Festival,Opéra,2023-11-10,2023-11-12
11571,Salon,Ménilmontant,2023-08-11,2023-08-15
11572,Compétition Sportive,Opéra,2023-03-21,2023-03-23
11573,Conférence,Panthéon,2023-02-20,2023-02-24
11574,Festival,Bourse,2023-11-09,2023-11-13
11575,Festival,Luxembourg,2023-03-27,2023-03-28
11576,Festival,Hôtel-de-Ville,2023-05-24,2023-05-26
11577,Compétition Sportive,Buttes-Montmartre,2023-06-22,2023-06-24
11578,Salon,Gobelins,2023-07-08,2023-07-10
11579,Salon,Reuilly,2023-09-25,2023-09-27
11580,Festival,Temple,2023-07-20,2023-07-23
11581,Compétition Sportive,Entrepôt,2023-01-06,2023-01-08
11582,Compétition Sportive,Bourse,2023-04-12,2023-04-13
11583,Salon,Temple,2023-09-05,2023-09-09
11584,Conférence,Vaugirard,2023-07-21,2023-07-24
11585,Festival,Buttes-Montmartre,2023-08-20,2023-08-22
11586,Compétition Sportive,Élysée,2023-06-12,2023-06-13
11587,Conférence,Buttes-Montmartre,2023-02-16,2023-02-18
11588,Concert,Batignolles-Monceau,2023-03-26,2023-03-29
11589,Festival,Ménilmontant,2023-04-27,2023-04-30
11590,Concert,Entrepôt,2023-10-02,2023-10-03
11591,Salon,Bourse,2023-10-10,2023-10-14
11592,Salon,Hôtel-de-Ville,2023-05-19,2023-05-20
11593,Salon,Vaugirard,2023-11-22,2023-11-25
11594,Compétition Sportive,Panthéon,2023-07-06,2023-07-08
11595,Compétition Sportive,Batignolles-Monceau,2023-02-10,2023-02-13
11596,Conférence,Batignolles-Monceau,2023-06-20,2023-06-22
11597,Concert,Vaugirard,2023-01-28,2023-01-29
11598,Salon,Reuilly,2023-03-04,2023-03-07
11599,Salon,Panthéon,2023-11-19,2023-11-21
11600,Compétition Sportive,Passy,2023-10-07,2023-10-11
11601,Compétition Sportive,Élysée,2023-12-23,2023-12-27
11602,Compétition Sportive,Palais-Bourbon,2023-07-24,2023-07-28
11603,Festival,Batignolles-Monceau,2023-12-01,2023-12-03
11604,Concert,Louvre,2023-10-22,2023-10-25
11605,Concert,Batignolles-Monceau,2023-05-02,2023-05-05
11606,Festival,Bourse,2023-02-14,2023-02-16
11607,Salon,Buttes-Chaumont,2023-11-13,2023-11-15
11608,Conférence,Batignolles-Monceau,2023-06-20,2023-06-21
11609,Conférence,Gobelins,2023-07-14,2023-07-16
11610,Salon,Reuilly,2023-12-14,2023-12-17
11611,Conférence,Popincourt,2023-10-24,2023-10-27
11612,Compétition Sportive,Batignolles-Monceau,2023-02-16,2023-02-18
11613,Concert,Entrepôt,2023-05-02,2023-05-04
11614,Compétition Sportive,Reuilly,2023-05-31,2023-06-02
11615,Conférence,Vaugirard,2023-10-15,2023-10-16
11616,Conférence,Panthéon,2023-03-15,2023-03-18
11617,Concert,Louvre,2023-12-24,2023-12-27
11618,Compétition Sportive,Observatoire,2023-07-04,2023-07-08
11619,Concert,Entrepôt,2023-06-15,2023-06-17
11620,Conférence,Ménilmontant,2023-03-18,2023-03-19
11621,Concert,Vaugirard,2023-09-28,2023-10-02
11622,Concert,Reuilly,2023-01-13,2023-01-14
11623,Conférence,Élysée,2023-10-18,2023-10-20
11624,Concert,Palais-Bourbon,2023-05-10,2023-05-13
11625,Compétition Sportive,Temple,2023-03-02,2023-03-03
11626,Conférence,Palais-Bourbon,2023-11-17,2023-11-19
11627,Concert,Temple,2023-04-06,2023-04-10
11628,Salon,Buttes-Chaumont,2023-03-27,2023-03-30
11629,Compétition Sportive,Passy,2023-01-04,2023-01-07
11630,Compétition Sportive,Louvre,2023-04-20,2023-04-22
11631,Compétition Sportive,Buttes-Montmartre,2023-01-14,2023-01-17
11632,Festival,Vaugirard,2023-05-25,2023-05-26
11633,Conférence,Élysée,2023-05-22,2023-05-25
11634,Festival,Passy,2023-08-20,2023-08-21
11635,Concert,Ménilmontant,2023-02-10,2023-02-14
11636,Conférence,Vaugirard,2023-11-14,2023-11-15
11637,Compétition Sportive,Entrepôt,2023-11-04,2023-11-06
11638,Compétition Sportive,Vaugirard,2023-10-10,2023-10-12
11639,Compétition Sportive,Temple,2023-12-07,2023-12-10
11640,Compétition Sportive,Buttes-Montmartre,2023-02-09,2023-02-10
11641,Concert,Vaugirard,2023-02-04,2023-02-08
11642,Salon,Gobelins,2023-04-05,2023-04-06
11643,Conférence,Entrepôt,2023-07-06,2023-07-07
11644,Salon,Palais-Bourbon,2023-06-26,2023-06-27
11645,Conférence,Vaugirard,2023-07-10,2023-07-11
11646,Compétition Sportive,Louvre,2023-01-11,2023-01-14
11647,Festival,Palais-Bourbon,2023-09-08,2023-09-09
11648,Concert,Luxembourg,2023-09-07,2023-09-11
11649,Conférence,Observatoire,2023-03-21,2023-03-23
11650,Compétition Sportive,Palais-Bourbon,2023-12-20,2023-12-22
11651,Festival,Bourse,2023-10-24,2023-10-25
11652,Compétition Sportive,Opéra,2023-06-09,2023-06-12
11653,Concert,Louvre,2023-01-21,2023-01-23
11654,Festival,Vaugirard,2023-12-15,2023-12-18
11655,Conférence,Vaugirard,2023-11-27,2023-11-29
11656,Conférence,Popincourt,2023-11-09,2023-11-10
11657,Conférence,Observatoire,2023-09-05,2023-09-07
11658,Conférence,Entrepôt,2023-04-24,2023-04-28
11659,Festival,Observatoire,2023-09-08,2023-09-09
11660,Concert,Louvre,2023-11-29,2023-11-30
11661,Festival,Buttes-Montmartre,2023-12-29,2024-01-02
11662,Conférence,Buttes-Chaumont,2023-11-22,2023-11-23
11663,Concert,Bourse,2023-12-16,2023-12-18
11664,Salon,Luxembourg,2023-06-30,2023-07-04
11665,Salon,Observatoire,2023-02-17,2023-02-20
11666,Festival,Vaugirard,2023-02-27,2023-03-03
11667,Conférence,Opéra,2023-05-17,2023-05-19
11668,Salon,Entrepôt,2023-11-07,2023-11-10
11669,Salon,Vaugirard,2023-10-28,2023-10-29
11670,Compétition Sportive,Reuilly,2023-06-05,2023-06-08
11671,Compétition Sportive,Reuilly,2023-06-05,2023-06-09
11672,Concert,Ménilmontant,2023-06-23,2023-06-24
11673,Concert,Ménilmontant,2023-10-09,2023-10-13
11674,Conférence,Reuilly,2023-09-08,2023-09-12
11675,Salon,Louvre,2023-11-14,2023-11-18
11676,Festival,Luxembourg,2023-07-15,2023-07-19
11677,Festival,Élysée,2023-07-14,2023-07-16
11678,Compétition Sportive,Panthéon,2023-08-18,2023-08-21
11679,Concert,Ménilmontant,2023-02-13,2023-02-17
11680,Conférence,Batignolles-Monceau,2023-11-28,2023-12-01
11681,Compétition Sportive,Élysée,2023-08-05,2023-08-08
11682,Compétition Sportive,Palais-Bourbon,2023-10-04,2023-10-06
11683,Conférence,Entrepôt,2023-02-05,2023-02-09
11684,Conférence,Entrepôt,2023-03-11,2023-03-15
11685,Salon,Reuilly,2023-06-30,2023-07-03
11686,Conférence,Opéra,2023-09-12,2023-09-16
11687,Conférence,Gobelins,2023-05-28,2023-05-29
11688,Compétition Sportive,Buttes-Montmartre,2023-08-11,2023-08-13
11689,Compétition Sportive,Panthéon,2023-04-25,2023-04-26
11690,Festival,Popincourt,2023-05-07,2023-05-08
11691,Festival,Panthéon,2023-04-04,2023-04-06
11692,Festival,Élysée,2023-09-16,2023-09-20
11693,Conférence,Observatoire,2023-07-31,2023-08-04
11694,Salon,Bourse,2023-01-08,2023-01-09
11695,Compétition Sportive,Hôtel-de-Ville,2023-09-13,2023-09-17
11696,Concert,Bourse,2023-10-31,2023-11-04
11697,Salon,Passy,2023-04-28,2023-05-02
11698,Concert,Luxembourg,2023-01-01,2023-01-04
11699,Conférence,Entrepôt,2023-01-02,2023-01-03
11700,Concert,Gobelins,2023-03-15,2023-03-18
11701,Festival,Buttes-Chaumont,2023-10-20,2023-10-24
11702,Compétition Sportive,Palais-Bourbon,2023-09-07,2023-09-09
11703,Salon,Opéra,2023-04-04,2023-04-08
11704,Festival,Bourse,2023-02-20,2023-02-21
11705,Compétition Sportive,Hôtel-de-Ville,2023-06-21,2023-06-22
11706,Festival,Entrepôt,2023-06-01,2023-06-04
11707,Salon,Observatoire,2023-06-09,2023-06-10
11708,Conférence,Buttes-Chaumont,2023-07-03,2023-07-07
11709,Concert,Opéra,2023-11-02,2023-11-05
11710,Conférence,Opéra,2023-07-11,2023-07-15
11711,Concert,Opéra,2023-06-07,2023-06-11
11712,Concert,Passy,2023-06-15,2023-06-16
11713,Salon,Vaugirard,2023-04-29,2023-05-01
11714,Salon,Bourse,2023-05-06,2023-05-09
11715,Conférence,Buttes-Montmartre,2023-11-30,2023-12-04
11716,Compétition Sportive,Gobelins,2023-07-02,2023-07-03
11717,Compétition Sportive,Buttes-Montmartre,2023-02-14,2023-02-15
11718,Conférence,Gobelins,2023-07-09,2023-07-12
11719,Concert,Passy,2023-05-15,2023-05-19
11720,Salon,Bourse,2023-12-03,2023-12-04
11721,Conférence,Popincourt,2023-06-04,2023-06-05
11722,Compétition Sportive,Louvre,2023-08-18,2023-08-21
11723,Concert,Louvre,2023-08-18,2023-08-22
11724,Compétition Sportive,Ménilmontant,2023-01-23,2023-01-26
11725,Concert,Temple,2023-06-09,2023-06-11
11726,Compétition Sportive,Vaugirard,2023-01-02,2023-01-04
11727,Festival,Batignolles-Monceau,2023-07-22,2023-07-25
11728,Concert,Palais-Bourbon,2023-06-11,2023-06-12
11729,Concert,Reuilly,2023-07-08,2023-07-11
11730,Concert,Louvre,2023-04-21,2023-04-22
11731,Festival,Bourse,2023-10-17,2023-10-19
11732,Festival,Louvre,2023-09-20,2023-09-24
11733,Compétition Sportive,Opéra,2023-09-23,2023-09-26
11734,Salon,Buttes-Montmartre,2023-05-10,2023-05-14
11735,Compétition Sportive,Panthéon,2023-08-29,2023-09-01
11736,Concert,Hôtel-de-Ville,2023-03-22,2023-03-24
11737,Concert,Buttes-Chaumont,2023-06-06,2023-06-09
11738,Compétition Sportive,Opéra,2023-07-29,2023-08-01
11739,Conférence,Louvre,2023-08-26,2023-08-29
11740,Salon,Buttes-Chaumont,2023-11-12,2023-11-16
11741,Festival,Gobelins,2023-01-17,2023-01-20
11742,Salon,Hôtel-de-Ville,2023-07-03,2023-07-05
11743,Conférence,Hôtel-de-Ville,2023-03-27,2023-03-28
11744,Compétition Sportive,Palais-Bourbon,2023-09-29,2023-10-01
11745,Compétition Sportive,Passy,2023-06-02,2023-06-04
11746,Concert,Buttes-Chaumont,2023-09-28,2023-10-01
11747,Compétition Sportive,Temple,2023-04-11,2023-04-13
11748,Conférence,Élysée,2023-03-20,2023-03-23
11749,Compétition Sportive,Gobelins,2023-09-28,2023-10-01
11750,Compétition Sportive,Palais-Bourbon,2023-07-03,2023-07-04
11751,Conférence,Élysée,2023-03-23,2023-03-25
11752,Festival,Hôtel-de-Ville,2023-02-06,2023-02-08
11753,Salon,Batignolles-Monceau,2023-05-08,2023-05-11
11754,Compétition Sportive,Ménilmontant,2023-03-06,2023-03-09
11755,Salon,Passy,2023-10-16,2023-10-17
11756,Salon,Palais-Bourbon,2023-05-11,2023-05-15
11757,Concert,Vaugirard,2023-11-01,2023-11-04
11758,Festival,Batignolles-Monceau,2023-07-01,2023-07-02
11759,Salon,Ménilmontant,2023-05-29,2023-06-01
11760,Concert,Palais-Bourbon,2023-04-20,2023-04-23
11761,Conférence,Hôtel-de-Ville,2023-04-15,2023-04-18
11762,Conférence,Gobelins,2023-01-27,2023-01-31
11763,Conférence,Popincourt,2023-04-25,2023-04-29
11764,Conférence,Popincourt,2023-08-15,2023-08-18
11765,Conférence,Popincourt,2023-05-09,2023-05-11
11766,Concert,Popincourt,2023-09-17,2023-09-18
11767,Festival,Entrepôt,2023-01-24,2023-01-26
11768,Festival,Bourse,2023-04-20,2023-04-22
11769,Concert,Temple,2023-06-06,2023-06-07
11770,Concert,Luxembourg,2023-01-22,2023-01-25
11771,Compétition Sportive,Entrepôt,2023-05-31,2023-06-04
11772,Salon,Palais-Bourbon,2023-08-01,2023-08-04
11773,Conférence,Ménilmontant,2023-11-30,2023-12-04
11774,Salon,Observatoire,2023-01-08,2023-01-11
11775,Compétition Sportive,Observatoire,2023-11-10,2023-11-11
11776,Festival,Reuilly,2023-03-21,2023-03-23
11777,Conférence,Bourse,2023-03-29,2023-03-31
11778,Festival,Palais-Bourbon,2023-02-28,2023-03-02
11779,Concert,Opéra,2023-03-31,2023-04-02
11780,Salon,Bourse,2023-09-20,2023-09-21
11781,Festival,Vaugirard,2023-10-08,2023-10-10
11782,Compétition Sportive,Palais-Bourbon,2023-04-12,2023-04-16
11783,Festival,Passy,2023-06-22,2023-06-23
11784,Conférence,Reuilly,2023-08-06,2023-08-08
11785,Conférence,Batignolles-Monceau,2023-09-13,2023-09-17
11786,Salon,Panthéon,2023-06-03,2023-06-04
11787,Concert,Gobelins,2023-06-07,2023-06-09
11788,Conférence,Panthéon,2023-07-13,2023-07-15
11789,Compétition Sportive,Buttes-Chaumont,2023-08-23,2023-08-25
11790,Salon,Buttes-Chaumont,2023-02-22,2023-02-23
11791,Conférence,Panthéon,2023-07-20,2023-07-21
11792,Compétition Sportive,Hôtel-de-Ville,2023-06-16,2023-06-18
11793,Festival,Bourse,2023-04-18,2023-04-21
11794,Compétition Sportive,Hôtel-de-Ville,2023-05-20,2023-05-21
11795,Salon,Élysée,2023-05-08,2023-05-12
11796,Conférence,Gobelins,2023-06-27,2023-07-01
11797,Concert,Panthéon,2023-02-25,2023-02-28
11798,Concert,Passy,2023-06-26,2023-06-30
11799,Compétition Sportive,Buttes-Chaumont,2023-10-15,2023-10-19
11800,Compétition Sportive,Popincourt,2023-03-23,2023-03-27
11801,Compétition Sportive,Batignolles-Monceau,2023-08-01,2023-08-02
11802,Conférence,Gobelins,2023-11-23,2023-11-27
11803,Concert,Louvre,2023-06-21,2023-06-24
11804,Concert,Gobelins,2023-06-18,2023-06-20
11805,Salon,Observatoire,2023-04-07,2023-04-08
11806,Salon,Buttes-Montmartre,2023-08-11,2023-08-12
11807,Festival,Gobelins,2023-12-07,2023-12-10
11808,Conférence,Reuilly,2023-07-14,2023-07-16
11809,Compétition Sportive,Gobelins,2023-05-30,2023-05-31
11810,Salon,Passy,2023-08-30,2023-09-01
11811,Festival,Opéra,2023-03-30,2023-03-31
11812,Festival,Palais-Bourbon,2023-12-27,2023-12-30
11813,Concert,Élysée,2023-06-27,2023-06-29
11814,Conférence,Passy,2023-07-31,2023-08-03
11815,Conférence,Panthéon,2023-06-08,2023-06-10
11816,Compétition Sportive,Palais-Bourbon,2023-02-20,2023-02-21
11817,Conférence,Opéra,2023-09-05,2023-09-06
11818,Compétition Sportive,Buttes-Chaumont,2023-10-16,2023-10-20
11819,Conférence,Opéra,2023-12-27,2023-12-31
11820,Concert,Passy,2023-01-20,2023-01-23
11821,Festival,Entrepôt,2023-06-25,2023-06-29
11822,Conférence,Reuilly,2023-03-13,2023-03-15
11823,Conférence,Luxembourg,2023-08-18,2023-08-21
11824,Concert,Gobelins,2023-11-26,2023-11-28
11825,Salon,Gobelins,2023-05-01,2023-05-02
11826,Compétition Sportive,Ménilmontant,2023-05-22,2023-05-26
11827,Salon,Vaugirard,2023-03-03,2023-03-04
11828,Festival,Observatoire,2023-06-28,2023-07-02
11829,Salon,Passy,2023-07-25,2023-07-26
11830,Festival,Buttes-Montmartre,2023-05-07,2023-05-11
11831,Compétition Sportive,Hôtel-de-Ville,2023-07-17,2023-07-19
11832,Concert,Buttes-Montmartre,2023-04-08,2023-04-09
11833,Festival,Entrepôt,2023-05-07,2023-05-11
11834,Compétition Sportive,Gobelins,2023-03-22,2023-03-23
11835,Concert,Louvre,2023-08-19,2023-08-21
11836,Salon,Louvre,2023-12-14,2023-12-18
11837,Salon,Buttes-Montmartre,2023-10-21,2023-10-22
11838,Festival,Observatoire,2023-05-23,2023-05-25
11839,Conférence,Louvre,2023-02-05,2023-02-06
11840,Conférence,Élysée,2023-08-16,2023-08-18
11841,Concert,Vaugirard,2023-01-09,2023-01-13
11842,Salon,Buttes-Montmartre,2023-08-24,2023-08-27
11843,Compétition Sportive,Passy,2023-08-15,2023-08-17
11844,Concert,Bourse,2023-11-11,2023-11-13
11845,Festival,Gobelins,2023-08-25,2023-08-26
11846,Festival,Vaugirard,2023-12-04,2023-12-08
11847,Concert,Batignolles-Monceau,2023-11-06,2023-11-10
11848,Compétition Sportive,Luxembourg,2023-05-25,2023-05-26
11849,Salon,Vaugirard,2023-03-23,2023-03-24
11850,Salon,Temple,2023-01-04,2023-01-08
11851,Compétition Sportive,Popincourt,2023-03-25,2023-03-26
11852,Salon,Luxembourg,2023-01-13,2023-01-16
11853,Conférence,Bourse,2023-04-25,2023-04-26
11854,Conférence,Élysée,2023-10-26,2023-10-29
11855,Compétition Sportive,Popincourt,2023-09-21,2023-09-22
11856,Conférence,Hôtel-de-Ville,2023-08-23,2023-08-25
11857,Concert,Reuilly,2023-05-03,2023-05-07
11858,Salon,Ménilmontant,2023-07-29,2023-07-31
11859,Concert,Bourse,2023-07-18,2023-07-20
11860,Compétition Sportive,Louvre,2023-11-13,2023-11-14
11861,Conférence,Ménilmontant,2023-02-13,2023-02-17
11862,Concert,Batignolles-Monceau,2023-06-28,2023-07-01
11863,Concert,Entrepôt,2023-04-27,2023-04-29
11864,Festival,Popincourt,2023-09-04,2023-09-08
11865,Concert,Luxembourg,2023-12-21,2023-12-23
11866,Conférence,Luxembourg,2023-12-06,2023-12-09
11867,Salon,Gobelins,2023-04-11,2023-04-14
11868,Salon,Élysée,2023-01-10,2023-01-13
11869,Salon,Élysée,2023-08-10,2023-08-12
11870,Conférence,Observatoire,2023-10-08,2023-10-12
11871,Salon,Hôtel-de-Ville,2023-04-13,2023-04-16
11872,Salon,Élysée,2023-06-11,2023-06-12
11873,Compétition Sportive,Reuilly,2023-02-13,2023-02-17
11874,Compétition Sportive,Louvre,2023-09-03,2023-09-04
11875,Festival,Temple,2023-03-31,2023-04-01
11876,Festival,Gobelins,2023-12-30,2024-01-03
11877,Concert,Luxembourg,2023-07-15,2023-07-19
11878,Concert,Temple,2023-06-20,2023-06-21
11879,Concert,Opéra,2023-11-24,2023-11-25
11880,Festival,Temple,2023-09-15,2023-09-16
11881,Salon,Hôtel-de-Ville,2023-04-24,2023-04-28
11882,Concert,Palais-Bourbon,2023-06-04,2023-06-05
11883,Salon,Bourse,2023-10-17,2023-10-19
11884,Salon,Luxembourg,2023-11-07,2023-11-08
11885,Festival,Luxembourg,2023-06-13,2023-06-16
11886,Compétition Sportive,Palais-Bourbon,2023-08-03,2023-08-05
11887,Compétition Sportive,Gobelins,2023-04-17,2023-04-21
11888,Conférence,Popincourt,2023-11-24,2023-11-28
11889,Compétition Sportive,Palais-Bourbon,2023-03-10,2023-03-12
11890,Concert,Gobelins,2023-04-14,2023-04-15
11891,Festival,Élysée,2023-11-17,2023-11-18
11892,Salon,Buttes-Chaumont,2023-03-26,2023-03-30
11893,Festival,Palais-Bourbon,2023-10-26,2023-10-28
11894,Conférence,Observatoire,2023-03-15,2023-03-16
11895,Conférence,Luxembourg,2023-10-04,2023-10-07
11896,Conférence,Passy,2023-05-21,2023-05-23
11897,Salon,Passy,2023-04-18,2023-04-22
11898,Conférence,Élysée,2023-01-28,2023-01-29
11899,Conférence,Passy,2023-06-07,2023-06-08
11900,Conférence,Gobelins,2023-03-23,2023-03-24
11901,Salon,Élysée,2023-04-16,2023-04-20
11902,Conférence,Buttes-Chaumont,2023-05-10,2023-05-14
11903,Concert,Buttes-Chaumont,2023-11-10,2023-11-12
11904,Festival,Vaugirard,2023-07-30,2023-08-02
11905,Conférence,Hôtel-de-Ville,2023-01-21,2023-01-24
11906,Conférence,Louvre,2023-12-12,2023-12-16
11907,Festival,Passy,2023-06-23,2023-06-25
11908,Conférence,Reuilly,2023-08-05,2023-08-07
11909,Conférence,Bourse,2023-12-05,2023-12-09
11910,Concert,Opéra,2023-01-25,2023-01-29
11911,Compétition Sportive,Palais-Bourbon,2023-11-09,2023-11-10
11912,Salon,Passy,2023-05-28,2023-05-31
11913,Salon,Buttes-Montmartre,2023-09-19,2023-09-20
11914,Festival,Observatoire,2023-10-01,2023-10-05
11915,Concert,Reuilly,2023-06-26,2023-06-28
11916,Salon,Buttes-Chaumont,2023-12-25,2023-12-28
11917,Festival,Observatoire,2023-06-11,2023-06-13
11918,Festival,Élysée,2023-10-16,2023-10-20
11919,Festival,Luxembourg,2023-04-25,2023-04-28
11920,Salon,Temple,2023-07-13,2023-07-17
11921,Compétition Sportive,Panthéon,2023-02-16,2023-02-18
11922,Festival,Observatoire,2023-06-26,2023-06-30
11923,Conférence,Observatoire,2023-01-30,2023-01-31
11924,Compétition Sportive,Passy,2023-07-30,2023-08-02
11925,Compétition Sportive,Buttes-Montmartre,2023-11-11,2023-11-15
11926,Conférence,Luxembourg,2023-09-03,2023-09-06
11927,Salon,Luxembourg,2023-10-14,2023-10-17
11928,Salon,Bourse,2023-10-04,2023-10-06
11929,Concert,Batignolles-Monceau,2023-09-30,2023-10-01
11930,Salon,Élysée,2023-08-17,2023-08-18
11931,Concert,Entrepôt,2023-08-21,2023-08-25
11932,Festival,Buttes-Montmartre,2023-04-08,2023-04-11
11933,Salon,Temple,2023-06-24,2023-06-25
11934,Salon,Luxembourg,2023-10-03,2023-10-07
11935,Conférence,Luxembourg,2023-09-29,2023-10-03
11936,Festival,Bourse,2023-11-10,2023-11-12
11937,Concert,Opéra,2023-02-18,2023-02-21
11938,Festival,Opéra,2023-06-18,2023-06-20
11939,Compétition Sportive,Louvre,2023-03-01,2023-03-05
11940,Conférence,Luxembourg,2023-10-07,2023-10-09
11941,Compétition Sportive,Entrepôt,2023-09-26,2023-09-27
11942,Concert,Gobelins,2023-10-17,2023-10-20
11943,Salon,Panthéon,2023-08-18,2023-08-20
11944,Salon,Entrepôt,2023-03-26,2023-03-29
11945,Salon,Hôtel-de-Ville,2023-11-19,2023-11-22
11946,Concert,Popincourt,2023-08-29,2023-08-31
11947,Compétition Sportive,Temple,2023-09-27,2023-10-01
11948,Concert,Popincourt,2023-04-17,2023-04-21
11949,Concert,Reuilly,2023-08-18,2023-08-22
11950,Compétition Sportive,Reuilly,2023-09-03,2023-09-04
11951,Salon,Élysée,2023-04-11,2023-04-15
11952,Conférence,Bourse,2023-10-24,2023-10-25
11953,Concert,Opéra,2023-04-18,2023-04-21
11954,Concert,Luxembourg,2023-06-07,2023-06-08
11955,Compétition Sportive,Vaugirard,2023-02-14,2023-02-17
11956,Conférence,Entrepôt,2023-03-15,2023-03-18
11957,Concert,Entrepôt,2023-09-14,2023-09-16
11958,Festival,Popincourt,2023-04-13,2023-04-16
11959,Conférence,Vaugirard,2023-04-02,2023-04-04
11960,Concert,Élysée,2023-09-03,2023-09-04
11961,Conférence,Observatoire,2023-08-25,2023-08-29
11962,Festival,Hôtel-de-Ville,2023-07-30,2023-08-01
11963,Festival,Observatoire,2023-04-04,2023-04-08
11964,Conférence,Hôtel-de-Ville,2023-03-25,2023-03-29
11965,Salon,Temple,2023-01-20,2023-01-21
11966,Conférence,Panthéon,2023-01-23,2023-01-27
11967,Compétition Sportive,Temple,2023-12-17,2023-12-19
11968,Salon,Bourse,2023-04-06,2023-04-10
11969,Festival,Popincourt,2023-12-12,2023-12-13
11970,Salon,Buttes-Chaumont,2023-09-19,2023-09-22
11971,Festival,Élysée,2023-06-10,2023-06-12
11972,Festival,Temple,2023-01-08,2023-01-09
11973,Festival,Gobelins,2023-11-15,2023-11-17
11974,Compétition Sportive,Vaugirard,2023-05-04,2023-05-07
11975,Compétition Sportive,Buttes-Chaumont,2023-05-12,2023-05-16
11976,Concert,Batignolles-Monceau,2023-02-04,2023-02-05
11977,Compétition Sportive,Louvre,2023-04-03,2023-04-06
11978,Festival,Luxembourg,2023-11-08,2023-11-10
11979,Conférence,Luxembourg,2023-05-19,2023-05-23
11980,Salon,Temple,2023-10-21,2023-10-24
11981,Conférence,Buttes-Montmartre,2023-08-09,2023-08-13
11982,Festival,Entrepôt,2023-03-27,2023-03-28
11983,Conférence,Buttes-Chaumont,2023-04-28,2023-05-01
11984,Salon,Bourse,2023-06-11,2023-06-14
11985,Concert,Hôtel-de-Ville,2023-04-20,2023-04-24
11986,Concert,Entrepôt,2023-11-27,2023-12-01
11987,Compétition Sportive,Vaugirard,2023-04-02,2023-04-06
11988,Conférence,Luxembourg,2023-07-19,2023-07-20
11989,Compétition Sportive,Entrepôt,2023-06-01,2023-06-02
11990,Compétition Sportive,Buttes-Montmartre,2023-03-15,2023-03-19
11991,Conférence,Hôtel-de-Ville,2023-11-15,2023-11-18
11992,Conférence,Popincourt,2023-04-19,2023-04-21
11993,Salon,Batignolles-Monceau,2023-08-16,2023-08-19
11994,Conférence,Luxembourg,2023-08-30,2023-09-02
11995,Conférence,Batignolles-Monceau,2023-10-31,2023-11-01
11996,Compétition Sportive,Bourse,2023-12-06,2023-12-07
11997,Concert,Passy,2023-09-04,2023-09-05
11998,Festival,Ménilmontant,2023-01-02,2023-01-03
11999,Concert,Passy,2023-04-21,2023-04-24
12000,Conférence,Popincourt,2023-09-20,2023-09-21
12001,Festival,Opéra,2023-04-15,2023-04-19
12002,Conférence,Observatoire,2023-08-06,2023-08-07
12003,Salon,Hôtel-de-Ville,2023-10-02,2023-10-06
12004,Conférence,Popincourt,2023-01-21,2023-01-25
12005,Festival,Passy,2023-11-10,2023-11-14
12006,Salon,Louvre,2023-10-19,2023-10-21
12007,Festival,Panthéon,2023-10-27,2023-10-29
12008,Salon,Luxembourg,2023-11-16,2023-11-18
12009,Compétition Sportive,Reuilly,2023-01-27,2023-01-29
12010,Festival,Popincourt,2023-05-16,2023-05-19
12011,Compétition Sportive,Temple,2023-12-12,2023-12-14
12012,Compétition Sportive,Entrepôt,2023-05-07,2023-05-09
12013,Conférence,Bourse,2023-10-06,2023-10-08
12014,Concert,Louvre,2023-03-14,2023-03-18
12015,Salon,Élysée,2023-01-31,2023-02-03
12016,Festival,Vaugirard,2023-01-09,2023-01-13
12017,Compétition Sportive,Palais-Bourbon,2023-07-18,2023-07-22
12018,Conférence,Louvre,2023-05-24,2023-05-28
12019,Festival,Louvre,2023-07-21,2023-07-24
12020,Conférence,Panthéon,2023-11-26,2023-11-29
12021,Festival,Ménilmontant,2023-06-23,2023-06-25
12022,Conférence,Passy,2023-08-05,2023-08-09
12023,Conférence,Batignolles-Monceau,2023-08-21,2023-08-25
12024,Concert,Luxembourg,2023-10-13,2023-10-16
12025,Compétition Sportive,Temple,2023-07-30,2023-08-02
12026,Salon,Hôtel-de-Ville,2023-06-08,2023-06-12
12027,Salon,Temple,2023-01-30,2023-02-01
12028,Festival,Opéra,2023-10-17,2023-10-20
12029,Festival,Temple,2023-08-08,2023-08-11
12030,Concert,Vaugirard,2023-10-02,2023-10-05
12031,Festival,Bourse,2023-01-06,2023-01-10
12032,Salon,Opéra,2023-05-25,2023-05-29
12033,Compétition Sportive,Gobelins,2023-04-11,2023-04-15
12034,Concert,Passy,2023-04-01,2023-04-03
12035,Festival,Entrepôt,2023-12-29,2024-01-02
12036,Concert,Hôtel-de-Ville,2023-06-13,2023-06-17
12037,Concert,Temple,2023-01-01,2023-01-05
12038,Concert,Observatoire,2023-05-24,2023-05-27
12039,Festival,Temple,2023-02-16,2023-02-17
12040,Conférence,Buttes-Chaumont,2023-01-23,2023-01-26
12041,Festival,Hôtel-de-Ville,2023-08-12,2023-08-14
12042,Festival,Ménilmontant,2023-07-14,2023-07-15
12043,Festival,Hôtel-de-Ville,2023-03-26,2023-03-27
12044,Festival,Reuilly,2023-12-10,2023-12-12
12045,Festival,Reuilly,2023-03-08,2023-03-12
12046,Concert,Buttes-Montmartre,2023-10-26,2023-10-29
12047,Concert,Observatoire,2023-04-08,2023-04-10
12048,Festival,Passy,2023-06-21,2023-06-23
12049,Compétition Sportive,Entrepôt,2023-08-20,2023-08-22
12050,Compétition Sportive,Palais-Bourbon,2023-01-26,2023-01-27
12051,Conférence,Bourse,2023-07-14,2023-07-17
12052,Compétition Sportive,Vaugirard,2023-06-09,2023-06-11
12053,Salon,Buttes-Montmartre,2023-11-16,2023-11-19
12054,Salon,Reuilly,2023-02-12,2023-02-13
12055,Compétition Sportive,Temple,2023-04-22,2023-04-25
12056,Festival,Temple,2023-08-23,2023-08-25
12057,Compétition Sportive,Louvre,2023-11-14,2023-11-15
12058,Salon,Luxembourg,2023-08-29,2023-08-30
12059,Compétition Sportive,Ménilmontant,2023-04-28,2023-04-29
12060,Concert,Vaugirard,2023-05-17,2023-05-18
12061,Conférence,Popincourt,2023-02-17,2023-02-19
12062,Concert,Louvre,2023-08-29,2023-08-31
12063,Concert,Buttes-Montmartre,2023-02-23,2023-02-27
12064,Conférence,Palais-Bourbon,2023-11-14,2023-11-17
12065,Festival,Reuilly,2023-05-07,2023-05-08
12066,Conférence,Opéra,2023-05-01,2023-05-04
12067,Festival,Élysée,2023-12-20,2023-12-21
12068,Salon,Reuilly,2023-08-23,2023-08-26
12069,Compétition Sportive,Temple,2023-02-25,2023-02-28
12070,Salon,Vaugirard,2023-12-04,2023-12-06
12071,Salon,Palais-Bourbon,2023-03-28,2023-04-01
12072,Salon,Popincourt,2023-05-11,2023-05-12
12073,Compétition Sportive,Batignolles-Monceau,2023-09-12,2023-09-16
12074,Festival,Passy,2023-03-02,2023-03-05
12075,Conférence,Passy,2023-08-17,2023-08-20
12076,Festival,Buttes-Chaumont,2023-09-16,2023-09-17
12077,Festival,Batignolles-Monceau,2023-06-06,2023-06-10
12078,Concert,Observatoire,2023-10-14,2023-10-17
12079,Compétition Sportive,Temple,2023-07-18,2023-07-19
12080,Festival,Buttes-Chaumont,2023-11-23,2023-11-27
12081,Festival,Temple,2023-02-24,2023-02-27
12082,Salon,Reuilly,2023-04-02,2023-04-04
12083,Concert,Buttes-Montmartre,2023-08-16,2023-08-18
12084,Conférence,Luxembourg,2023-04-20,2023-04-24
12085,Concert,Observatoire,2023-12-26,2023-12-29
12086,Salon,Gobelins,2023-10-08,2023-10-10
12087,Salon,Passy,2023-02-19,2023-02-22
12088,Salon,Reuilly,2023-02-07,2023-02-09
12089,Compétition Sportive,Luxembourg,2023-11-12,2023-11-14
12090,Salon,Observatoire,2023-03-26,2023-03-27
12091,Festival,Buttes-Montmartre,2023-06-29,2023-06-30
12092,Compétition Sportive,Popincourt,2023-12-06,2023-12-08
12093,Salon,Élysée,2023-07-17,2023-07-20
12094,Compétition Sportive,Buttes-Chaumont,2023-03-17,2023-03-21
12095,Festival,Batignolles-Monceau,2023-06-22,2023-06-25
12096,Salon,Bourse,2023-08-13,2023-08-14
12097,Salon,Luxembourg,2023-04-10,2023-04-11
12098,Festival,Batignolles-Monceau,2023-04-22,2023-04-24
12099,Salon,Popincourt,2023-01-19,2023-01-22
12100,Festival,Reuilly,2023-09-13,2023-09-16
12101,Salon,Reuilly,2023-05-13,2023-05-15
12102,Salon,Vaugirard,2023-08-25,2023-08-29
12103,Concert,Élysée,2023-05-02,2023-05-03
12104,Compétition Sportive,Observatoire,2023-04-03,2023-04-07
12105,Conférence,Palais-Bourbon,2023-12-23,2023-12-26
12106,Concert,Observatoire,2023-01-30,2023-02-01
12107,Concert,Observatoire,2023-11-17,2023-11-19
12108,Compétition Sportive,Opéra,2023-03-17,2023-03-20
12109,Concert,Passy,2023-09-18,2023-09-20
12110,Festival,Vaugirard,2023-10-21,2023-10-23
12111,Concert,Buttes-Chaumont,2023-05-19,2023-05-20
12112,Conférence,Luxembourg,2023-12-06,2023-12-07
12113,Festival,Palais-Bourbon,2023-10-12,2023-10-13
12114,Compétition Sportive,Bourse,2023-09-27,2023-10-01
12115,Compétition Sportive,Panthéon,2023-08-06,2023-08-07
12116,Compétition Sportive,Panthéon,2023-03-15,2023-03-19
12117,Festival,Vaugirard,2023-12-13,2023-12-16
12118,Compétition Sportive,Opéra,2023-09-06,2023-09-10
12119,Compétition Sportive,Buttes-Montmartre,2023-04-18,2023-04-19
12120,Conférence,Vaugirard,2023-08-21,2023-08-24
12121,Salon,Hôtel-de-Ville,2023-08-21,2023-08-24
12122,Salon,Passy,2023-09-23,2023-09-26
12123,Salon,Buttes-Chaumont,2023-02-08,2023-02-11
12124,Compétition Sportive,Gobelins,2023-03-01,2023-03-04
12125,Festival,Observatoire,2023-04-06,2023-04-07
12126,Compétition Sportive,Entrepôt,2023-08-14,2023-08-18
12127,Salon,Panthéon,2023-04-07,2023-04-10
12128,Conférence,Reuilly,2023-12-09,2023-12-13
12129,Compétition Sportive,Reuilly,2023-07-30,2023-08-02
12130,Compétition Sportive,Gobelins,2023-10-05,2023-10-09
12131,Compétition Sportive,Reuilly,2023-08-10,2023-08-12
12132,Festival,Passy,2023-10-02,2023-10-03
12133,Conférence,Gobelins,2023-01-22,2023-01-24
12134,Conférence,Reuilly,2023-05-07,2023-05-08
12135,Conférence,Panthéon,2023-06-11,2023-06-12
12136,Conférence,Hôtel-de-Ville,2023-01-26,2023-01-29
12137,Salon,Observatoire,2023-01-04,2023-01-06
12138,Compétition Sportive,Popincourt,2023-06-25,2023-06-27
12139,Conférence,Passy,2023-02-14,2023-02-18
12140,Concert,Palais-Bourbon,2023-09-25,2023-09-28
12141,Concert,Opéra,2023-04-02,2023-04-04
12142,Salon,Buttes-Montmartre,2023-10-20,2023-10-21
12143,Concert,Bourse,2023-06-05,2023-06-09
12144,Concert,Passy,2023-08-09,2023-08-10
12145,Concert,Vaugirard,2023-05-10,2023-05-11
12146,Salon,Panthéon,2023-10-29,2023-11-02
12147,Compétition Sportive,Panthéon,2023-04-21,2023-04-22
12148,Salon,Temple,2023-08-16,2023-08-20
12149,Festival,Gobelins,2023-08-22,2023-08-26
12150,Festival,Temple,2023-07-20,2023-07-23
12151,Concert,Gobelins,2023-02-06,2023-02-10
12152,Concert,Reuilly,2023-02-23,2023-02-26
12153,Compétition Sportive,Ménilmontant,2023-10-08,2023-10-12
12154,Concert,Opéra,2023-04-15,2023-04-18
12155,Festival,Temple,2023-12-05,2023-12-07
12156,Concert,Passy,2023-07-09,2023-07-13
12157,Compétition Sportive,Hôtel-de-Ville,2023-06-02,2023-06-04
12158,Festival,Entrepôt,2023-06-29,2023-07-01
12159,Concert,Entrepôt,2023-08-29,2023-09-02
12160,Compétition Sportive,Batignolles-Monceau,2023-07-10,2023-07-14
12161,Compétition Sportive,Buttes-Chaumont,2023-10-29,2023-10-31
12162,Festival,Entrepôt,2023-02-25,2023-03-01
12163,Festival,Bourse,2023-04-24,2023-04-27
12164,Festival,Panthéon,2023-01-26,2023-01-28
12165,Compétition Sportive,Passy,2023-04-20,2023-04-24
12166,Festival,Batignolles-Monceau,2023-06-02,2023-06-04
12167,Festival,Entrepôt,2023-10-04,2023-10-06
12168,Compétition Sportive,Opéra,2023-06-11,2023-06-12
12169,Compétition Sportive,Reuilly,2023-04-12,2023-04-16
12170,Festival,Reuilly,2023-12-27,2023-12-30
12171,Festival,Vaugirard,2023-01-25,2023-01-28
12172,Festival,Temple,2023-07-12,2023-07-15
12173,Compétition Sportive,Batignolles-Monceau,2023-10-15,2023-10-16
12174,Conférence,Entrepôt,2023-09-13,2023-09-16
12175,Salon,Passy,2023-06-12,2023-06-15
12176,Concert,Gobelins,2023-09-29,2023-10-02
12177,Salon,Vaugirard,2023-02-01,2023-02-05
12178,Compétition Sportive,Batignolles-Monceau,2023-08-27,2023-08-29
12179,Conférence,Batignolles-Monceau,2023-01-10,2023-01-12
12180,Compétition Sportive,Temple,2023-12-29,2024-01-01
12181,Festival,Batignolles-Monceau,2023-11-24,2023-11-28
12182,Concert,Reuilly,2023-03-20,2023-03-24
12183,Salon,Palais-Bourbon,2023-10-03,2023-10-07
12184,Compétition Sportive,Passy,2023-12-11,2023-12-12
12185,Conférence,Luxembourg,2023-03-31,2023-04-04
12186,Festival,Vaugirard,2023-11-26,2023-11-28
12187,Conférence,Reuilly,2023-08-28,2023-08-29
12188,Concert,Vaugirard,2023-03-02,2023-03-06
12189,Conférence,Reuilly,2023-01-05,2023-01-06
12190,Conférence,Ménilmontant,2023-06-09,2023-06-10
12191,Festival,Panthéon,2023-04-06,2023-04-09
12192,Conférence,Vaugirard,2023-10-05,2023-10-09
12193,Festival,Passy,2023-01-12,2023-01-14
12194,Concert,Reuilly,2023-11-16,2023-11-20
12195,Compétition Sportive,Panthéon,2023-11-27,2023-11-30
12196,Festival,Reuilly,2023-12-10,2023-12-13
12197,Compétition Sportive,Gobelins,2023-08-23,2023-08-27
12198,Salon,Luxembourg,2023-04-19,2023-04-21
12199,Conférence,Buttes-Montmartre,2023-07-27,2023-07-31
12200,Compétition Sportive,Reuilly,2023-01-16,2023-01-17
12201,Conférence,Louvre,2023-11-03,2023-11-06
12202,Festival,Hôtel-de-Ville,2023-08-03,2023-08-04
12203,Conférence,Hôtel-de-Ville,2023-02-01,2023-02-05
12204,Concert,Ménilmontant,2023-04-25,2023-04-26
12205,Compétition Sportive,Vaugirard,2023-05-06,2023-05-07
12206,Conférence,Hôtel-de-Ville,2023-08-16,2023-08-20
12207,Compétition Sportive,Entrepôt,2023-08-17,2023-08-19
12208,Compétition Sportive,Temple,2023-12-14,2023-12-18
12209,Concert,Vaugirard,2023-11-10,2023-11-11
12210,Festival,Batignolles-Monceau,2023-02-14,2023-02-16
12211,Conférence,Buttes-Montmartre,2023-01-24,2023-01-26
12212,Salon,Louvre,2023-01-13,2023-01-16
12213,Compétition Sportive,Entrepôt,2023-01-05,2023-01-06
12214,Festival,Temple,2023-03-22,2023-03-26
12215,Salon,Luxembourg,2023-06-27,2023-07-01
12216,Compétition Sportive,Louvre,2023-06-26,2023-06-29
12217,Salon,Palais-Bourbon,2023-10-16,2023-10-20
12218,Conférence,Popincourt,2023-07-05,2023-07-08
12219,Conférence,Batignolles-Monceau,2023-06-11,2023-06-13
12220,Compétition Sportive,Gobelins,2023-12-16,2023-12-19
12221,Compétition Sportive,Bourse,2023-12-18,2023-12-19
12222,Conférence,Ménilmontant,2023-01-31,2023-02-04
12223,Festival,Buttes-Chaumont,2023-12-21,2023-12-22
12224,Salon,Hôtel-de-Ville,2023-03-20,2023-03-22
12225,Compétition Sportive,Buttes-Chaumont,2023-10-10,2023-10-11
12226,Compétition Sportive,Temple,2023-07-06,2023-07-08
12227,Concert,Entrepôt,2023-01-27,2023-01-29
12228,Salon,Luxembourg,2023-03-17,2023-03-19
12229,Conférence,Opéra,2023-07-15,2023-07-16
12230,Compétition Sportive,Opéra,2023-09-11,2023-09-14
12231,Compétition Sportive,Passy,2023-12-20,2023-12-24
12232,Conférence,Observatoire,2023-11-04,2023-11-06
12233,Salon,Opéra,2023-03-28,2023-03-30
12234,Festival,Batignolles-Monceau,2023-05-03,2023-05-06
12235,Conférence,Vaugirard,2023-07-10,2023-07-12
12236,Festival,Opéra,2023-09-12,2023-09-15
12237,Compétition Sportive,Popincourt,2023-07-31,2023-08-02
12238,Festival,Palais-Bourbon,2023-08-09,2023-08-12
12239,Festival,Passy,2023-11-29,2023-12-03
12240,Conférence,Bourse,2023-10-11,2023-10-13
12241,Compétition Sportive,Bourse,2023-10-07,2023-10-09
12242,Salon,Louvre,2023-09-11,2023-09-13
12243,Concert,Popincourt,2023-10-05,2023-10-07
12244,Festival,Panthéon,2023-06-17,2023-06-18
12245,Compétition Sportive,Observatoire,2023-07-22,2023-07-23
12246,Concert,Buttes-Montmartre,2023-04-06,2023-04-08
12247,Salon,Temple,2023-08-04,2023-08-07
12248,Concert,Gobelins,2023-09-25,2023-09-27
12249,Salon,Luxembourg,2023-04-14,2023-04-17
12250,Concert,Palais-Bourbon,2023-05-29,2023-06-01
12251,Salon,Opéra,2023-11-19,2023-11-20
12252,Festival,Gobelins,2023-06-16,2023-06-20
12253,Concert,Opéra,2023-04-19,2023-04-22
12254,Salon,Gobelins,2023-11-14,2023-11-16
12255,Compétition Sportive,Gobelins,2023-12-04,2023-12-08
12256,Conférence,Opéra,2023-02-27,2023-02-28
12257,Concert,Observatoire,2023-07-17,2023-07-18
12258,Concert,Temple,2023-06-22,2023-06-26
12259,Concert,Gobelins,2023-05-08,2023-05-09
12260,Concert,Buttes-Montmartre,2023-12-01,2023-12-03
12261,Conférence,Passy,2023-09-28,2023-10-01
12262,Concert,Luxembourg,2023-11-14,2023-11-17
12263,Festival,Batignolles-Monceau,2023-06-15,2023-06-17
12264,Festival,Buttes-Chaumont,2023-03-05,2023-03-07
12265,Compétition Sportive,Vaugirard,2023-04-18,2023-04-19
12266,Conférence,Palais-Bourbon,2023-04-26,2023-04-28
12267,Compétition Sportive,Passy,2023-09-01,2023-09-04
12268,Festival,Vaugirard,2023-12-10,2023-12-12
12269,Concert,Reuilly,2023-07-18,2023-07-21
12270,Concert,Popincourt,2023-07-22,2023-07-24
12271,Salon,Temple,2023-03-19,2023-03-23
12272,Conférence,Buttes-Montmartre,2023-01-28,2023-02-01
12273,Salon,Vaugirard,2023-11-01,2023-11-04
12274,Conférence,Entrepôt,2023-08-18,2023-08-20
12275,Conférence,Batignolles-Monceau,2023-10-17,2023-10-19
12276,Concert,Opéra,2023-07-20,2023-07-21
12277,Concert,Palais-Bourbon,2023-01-20,2023-01-21
12278,Compétition Sportive,Popincourt,2023-04-17,2023-04-19
12279,Festival,Batignolles-Monceau,2023-09-01,2023-09-04
12280,Festival,Bourse,2023-12-24,2023-12-27
12281,Concert,Temple,2023-08-11,2023-08-13
12282,Festival,Reuilly,2023-01-22,2023-01-23
12283,Conférence,Observatoire,2023-07-24,2023-07-27
12284,Festival,Hôtel-de-Ville,2023-02-16,2023-02-17
12285,Compétition Sportive,Buttes-Chaumont,2023-01-25,2023-01-29
12286,Festival,Palais-Bourbon,2023-05-30,2023-05-31
12287,Festival,Batignolles-Monceau,2023-04-12,2023-04-13
12288,Compétition Sportive,Opéra,2023-11-13,2023-11-15
12289,Compétition Sportive,Louvre,2023-06-29,2023-07-03
12290,Concert,Gobelins,2023-04-29,2023-05-02
12291,Compétition Sportive,Buttes-Chaumont,2023-05-28,2023-05-30
12292,Concert,Reuilly,2023-07-27,2023-07-28
12293,Conférence,Buttes-Chaumont,2023-01-20,2023-01-24
12294,Salon,Entrepôt,2023-04-15,2023-04-18
12295,Festival,Élysée,2023-04-16,2023-04-19
12296,Compétition Sportive,Batignolles-Monceau,2023-12-24,2023-12-28
12297,Festival,Élysée,2023-06-22,2023-06-24
12298,Conférence,Panthéon,2023-02-06,2023-02-10
12299,Salon,Entrepôt,2023-05-23,2023-05-26
12300,Compétition Sportive,Opéra,2023-11-28,2023-12-01
12301,Concert,Temple,2023-05-17,2023-05-21
12302,Concert,Reuilly,2023-04-11,2023-04-13
12303,Compétition Sportive,Gobelins,2023-06-21,2023-06-25
12304,Compétition Sportive,Popincourt,2023-05-23,2023-05-24
12305,Conférence,Ménilmontant,2023-02-13,2023-02-14
12306,Salon,Bourse,2023-04-30,2023-05-03
12307,Compétition Sportive,Bourse,2023-04-28,2023-04-29
12308,Concert,Bourse,2023-12-08,2023-12-09
12309,Salon,Batignolles-Monceau,2023-08-27,2023-08-31
12310,Compétition Sportive,Reuilly,2023-06-02,2023-06-04
12311,Salon,Popincourt,2023-07-21,2023-07-22
12312,Conférence,Buttes-Montmartre,2023-09-06,2023-09-08
12313,Compétition Sportive,Gobelins,2023-12-30,2024-01-03
12314,Compétition Sportive,Palais-Bourbon,2023-02-19,2023-02-23
12315,Salon,Reuilly,2023-09-10,2023-09-12
12316,Compétition Sportive,Popincourt,2023-11-24,2023-11-25
12317,Salon,Passy,2023-05-19,2023-05-21
12318,Salon,Luxembourg,2023-12-25,2023-12-28
12319,Compétition Sportive,Reuilly,2023-12-05,2023-12-07
12320,Concert,Bourse,2023-10-06,2023-10-08
12321,Conférence,Opéra,2023-03-29,2023-03-31
12322,Salon,Entrepôt,2023-05-23,2023-05-27
12323,Concert,Louvre,2023-03-04,2023-03-05
12324,Salon,Louvre,2023-05-28,2023-06-01
12325,Concert,Louvre,2023-12-11,2023-12-13
12326,Compétition Sportive,Luxembourg,2023-09-05,2023-09-09
12327,Conférence,Gobelins,2023-01-10,2023-01-13
12328,Concert,Palais-Bourbon,2023-04-22,2023-04-23
12329,Festival,Hôtel-de-Ville,2023-08-30,2023-08-31
12330,Salon,Bourse,2023-02-18,2023-02-22
12331,Concert,Batignolles-Monceau,2023-02-18,2023-02-19
12332,Conférence,Palais-Bourbon,2023-11-28,2023-12-02
12333,Conférence,Opéra,2023-02-02,2023-02-05
12334,Conférence,Louvre,2023-03-28,2023-03-30
12335,Concert,Bourse,2023-11-30,2023-12-02
12336,Concert,Buttes-Montmartre,2023-10-06,2023-10-09
12337,Compétition Sportive,Entrepôt,2023-06-30,2023-07-03
12338,Festival,Hôtel-de-Ville,2023-10-20,2023-10-21
12339,Concert,Popincourt,2023-10-05,2023-10-09
12340,Compétition Sportive,Luxembourg,2023-08-09,2023-08-12
12341,Salon,Gobelins,2023-05-10,2023-05-14
12342,Festival,Observatoire,2023-01-05,2023-01-07
12343,Conférence,Palais-Bourbon,2023-09-16,2023-09-17
12344,Festival,Entrepôt,2023-12-04,2023-12-08
12345,Salon,Vaugirard,2023-07-24,2023-07-27
12346,Concert,Palais-Bourbon,2023-07-24,2023-07-25
12347,Concert,Gobelins,2023-09-25,2023-09-28
12348,Compétition Sportive,Reuilly,2023-03-11,2023-03-13
12349,Concert,Vaugirard,2023-02-09,2023-02-12
12350,Concert,Buttes-Montmartre,2023-12-23,2023-12-25
12351,Festival,Bourse,2023-05-14,2023-05-17
12352,Salon,Hôtel-de-Ville,2023-03-04,2023-03-07
12353,Conférence,Opéra,2023-04-01,2023-04-02
12354,Conférence,Gobelins,2023-07-16,2023-07-18
12355,Compétition Sportive,Palais-Bourbon,2023-09-06,2023-09-09
12356,Salon,Bourse,2023-12-05,2023-12-08
12357,Festival,Hôtel-de-Ville,2023-11-02,2023-11-06
12358,Conférence,Élysée,2023-01-01,2023-01-04
12359,Compétition Sportive,Hôtel-de-Ville,2023-06-23,2023-06-24
12360,Concert,Buttes-Chaumont,2023-11-25,2023-11-29
12361,Concert,Temple,2023-05-18,2023-05-20
12362,Festival,Passy,2023-04-23,2023-04-24
12363,Conférence,Ménilmontant,2023-08-23,2023-08-24
12364,Concert,Luxembourg,2023-11-01,2023-11-05
12365,Compétition Sportive,Opéra,2023-01-14,2023-01-15
12366,Compétition Sportive,Temple,2023-02-15,2023-02-18
12367,Conférence,Louvre,2023-02-09,2023-02-13
12368,Festival,Batignolles-Monceau,2023-04-24,2023-04-28
12369,Compétition Sportive,Vaugirard,2023-05-27,2023-05-28
12370,Salon,Luxembourg,2023-08-30,2023-09-01
12371,Compétition Sportive,Buttes-Montmartre,2023-01-17,2023-01-19
12372,Festival,Gobelins,2023-07-29,2023-07-31
12373,Compétition Sportive,Panthéon,2023-08-20,2023-08-22
12374,Concert,Panthéon,2023-07-12,2023-07-13
12375,Festival,Louvre,2023-03-11,2023-03-14
12376,Concert,Entrepôt,2023-10-21,2023-10-24
12377,Concert,Observatoire,2023-12-24,2023-12-28
12378,Conférence,Ménilmontant,2023-12-25,2023-12-28
12379,Festival,Louvre,2023-05-25,2023-05-27
12380,Concert,Luxembourg,2023-03-14,2023-03-18
12381,Conférence,Bourse,2023-05-05,2023-05-07
12382,Conférence,Batignolles-Monceau,2023-09-24,2023-09-28
12383,Concert,Reuilly,2023-11-05,2023-11-09
12384,Concert,Batignolles-Monceau,2023-05-26,2023-05-30
12385,Salon,Louvre,2023-12-31,2024-01-01
12386,Festival,Louvre,2023-08-26,2023-08-28
12387,Conférence,Passy,2023-08-17,2023-08-18
12388,Festival,Bourse,2023-05-15,2023-05-16
12389,Conférence,Observatoire,2023-06-21,2023-06-25
12390,Compétition Sportive,Bourse,2023-11-23,2023-11-25
12391,Compétition Sportive,Hôtel-de-Ville,2023-10-22,2023-10-25
12392,Conférence,Louvre,2023-01-11,2023-01-13
12393,Salon,Batignolles-Monceau,2023-05-05,2023-05-09
12394,Compétition Sportive,Élysée,2023-09-23,2023-09-27
12395,Festival,Popincourt,2023-05-08,2023-05-12
12396,Concert,Popincourt,2023-12-20,2023-12-22
12397,Festival,Popincourt,2023-12-10,2023-12-14
12398,Festival,Buttes-Montmartre,2023-03-17,2023-03-21
12399,Festival,Entrepôt,2023-12-24,2023-12-26
12400,Conférence,Luxembourg,2023-04-20,2023-04-23
12401,Conférence,Passy,2023-08-12,2023-08-13
12402,Festival,Louvre,2023-01-08,2023-01-09
12403,Concert,Hôtel-de-Ville,2023-06-25,2023-06-26
12404,Salon,Palais-Bourbon,2023-01-21,2023-01-24
12405,Salon,Panthéon,2023-07-27,2023-07-30
12406,Compétition Sportive,Opéra,2023-04-07,2023-04-11
12407,Compétition Sportive,Luxembourg,2023-12-11,2023-12-14
12408,Concert,Élysée,2023-08-31,2023-09-04
12409,Festival,Hôtel-de-Ville,2023-04-13,2023-04-14
12410,Conférence,Buttes-Montmartre,2023-09-19,2023-09-20
12411,Compétition Sportive,Temple,2023-02-28,2023-03-03
12412,Festival,Temple,2023-01-23,2023-01-24
12413,Salon,Vaugirard,2023-11-25,2023-11-28
12414,Concert,Buttes-Chaumont,2023-04-10,2023-04-11
12415,Conférence,Popincourt,2023-04-28,2023-04-30
12416,Conférence,Hôtel-de-Ville,2023-08-15,2023-08-18
12417,Compétition Sportive,Panthéon,2023-07-04,2023-07-06
12418,Festival,Gobelins,2023-06-06,2023-06-10
12419,Conférence,Palais-Bourbon,2023-08-01,2023-08-04
12420,Salon,Popincourt,2023-11-19,2023-11-23
12421,Salon,Louvre,2023-03-02,2023-03-06
12422,Concert,Opéra,2023-09-10,2023-09-14
12423,Concert,Entrepôt,2023-03-02,2023-03-03
12424,Salon,Passy,2023-08-04,2023-08-06
12425,Salon,Reuilly,2023-01-30,2023-01-31
12426,Festival,Gobelins,2023-09-12,2023-09-15
12427,Conférence,Buttes-Chaumont,2023-10-10,2023-10-11
12428,Festival,Hôtel-de-Ville,2023-01-30,2023-01-31
12429,Concert,Ménilmontant,2023-12-22,2023-12-24
12430,Concert,Observatoire,2023-07-02,2023-07-03
12431,Concert,Opéra,2023-05-31,2023-06-01
12432,Conférence,Vaugirard,2023-10-20,2023-10-23
12433,Compétition Sportive,Reuilly,2023-08-30,2023-08-31
12434,Concert,Louvre,2023-08-08,2023-08-10
12435,Concert,Élysée,2023-03-04,2023-03-07
12436,Festival,Passy,2023-11-20,2023-11-23
12437,Festival,Ménilmontant,2023-12-15,2023-12-19
12438,Compétition Sportive,Ménilmontant,2023-07-25,2023-07-29
12439,Compétition Sportive,Élysée,2023-12-30,2024-01-03
12440,Compétition Sportive,Reuilly,2023-07-10,2023-07-11
12441,Compétition Sportive,Popincourt,2023-10-20,2023-10-22
12442,Festival,Buttes-Chaumont,2023-04-07,2023-04-09
12443,Concert,Vaugirard,2023-04-25,2023-04-29
12444,Festival,Panthéon,2023-01-31,2023-02-01
12445,Salon,Passy,2023-07-25,2023-07-27
12446,Salon,Bourse,2023-06-02,2023-06-03
12447,Concert,Temple,2023-06-02,2023-06-06
12448,Compétition Sportive,Hôtel-de-Ville,2023-12-27,2023-12-28
12449,Concert,Hôtel-de-Ville,2023-06-23,2023-06-26
12450,Salon,Hôtel-de-Ville,2023-10-13,2023-10-17
12451,Concert,Panthéon,2023-10-06,2023-10-07
12452,Compétition Sportive,Vaugirard,2023-05-07,2023-05-09
12453,Festival,Hôtel-de-Ville,2023-05-23,2023-05-26
12454,Compétition Sportive,Batignolles-Monceau,2023-01-21,2023-01-22
12455,Festival,Passy,2023-10-13,2023-10-15
12456,Salon,Louvre,2023-09-12,2023-09-15
12457,Conférence,Palais-Bourbon,2023-01-11,2023-01-14
12458,Concert,Bourse,2023-04-24,2023-04-27
12459,Conférence,Observatoire,2023-08-06,2023-08-09
12460,Compétition Sportive,Gobelins,2023-05-17,2023-05-18
12461,Festival,Reuilly,2023-03-10,2023-03-14
12462,Compétition Sportive,Popincourt,2023-02-16,2023-02-20
12463,Compétition Sportive,Panthéon,2023-08-27,2023-08-28
12464,Salon,Élysée,2023-06-11,2023-06-15
12465,Compétition Sportive,Opéra,2023-02-02,2023-02-04
12466,Concert,Batignolles-Monceau,2023-03-06,2023-03-08
12467,Salon,Vaugirard,2023-06-28,2023-06-29
12468,Conférence,Panthéon,2023-11-08,2023-11-09
12469,Compétition Sportive,Palais-Bourbon,2023-07-23,2023-07-27
12470,Conférence,Popincourt,2023-02-14,2023-02-17
12471,Concert,Buttes-Chaumont,2023-02-02,2023-02-05
12472,Concert,Observatoire,2023-04-16,2023-04-20
12473,Concert,Buttes-Chaumont,2023-02-20,2023-02-23
12474,Conférence,Entrepôt,2023-05-13,2023-05-17
12475,Conférence,Reuilly,2023-10-21,2023-10-25
12476,Festival,Gobelins,2023-05-13,2023-05-16
12477,Salon,Passy,2023-02-25,2023-02-27
12478,Compétition Sportive,Buttes-Montmartre,2023-12-03,2023-12-05
12479,Salon,Louvre,2023-03-30,2023-04-01
12480,Concert,Louvre,2023-11-04,2023-11-05
12481,Compétition Sportive,Hôtel-de-Ville,2023-10-19,2023-10-22
12482,Festival,Panthéon,2023-05-31,2023-06-01
12483,Salon,Gobelins,2023-11-15,2023-11-19
12484,Concert,Popincourt,2023-01-21,2023-01-24
12485,Compétition Sportive,Hôtel-de-Ville,2023-08-25,2023-08-26
12486,Compétition Sportive,Observatoire,2023-04-09,2023-04-12
12487,Concert,Luxembourg,2023-12-27,2023-12-28
12488,Conférence,Buttes-Montmartre,2023-04-16,2023-04-20
12489,Salon,Reuilly,2023-11-02,2023-11-04
12490,Compétition Sportive,Élysée,2023-11-12,2023-11-13
12491,Conférence,Élysée,2023-10-27,2023-10-28
12492,Festival,Luxembourg,2023-08-05,2023-08-06
12493,Compétition Sportive,Gobelins,2023-09-15,2023-09-19
12494,Compétition Sportive,Palais-Bourbon,2023-04-18,2023-04-22
12495,Festival,Palais-Bourbon,2023-12-27,2023-12-28
12496,Festival,Vaugirard,2023-12-20,2023-12-21
12497,Compétition Sportive,Bourse,2023-05-23,2023-05-25
12498,Concert,Temple,2023-08-19,2023-08-21
12499,Festival,Entrepôt,2023-06-24,2023-06-26
12500,Conférence,Buttes-Montmartre,2023-07-23,2023-07-26
12501,Festival,Panthéon,2023-11-04,2023-11-05
12502,Compétition Sportive,Panthéon,2023-12-10,2023-12-13
12503,Compétition Sportive,Buttes-Chaumont,2023-05-14,2023-05-18
12504,Salon,Opéra,2023-07-17,2023-07-20
12505,Conférence,Temple,2023-06-25,2023-06-29
12506,Salon,Bourse,2023-07-05,2023-07-08
12507,Festival,Bourse,2023-04-11,2023-04-13
12508,Salon,Passy,2023-08-06,2023-08-07
12509,Compétition Sportive,Temple,2023-05-11,2023-05-13
12510,Concert,Buttes-Chaumont,2023-12-18,2023-12-22
12511,Festival,Buttes-Chaumont,2023-06-23,2023-06-26
12512,Compétition Sportive,Popincourt,2023-05-26,2023-05-27
12513,Festival,Panthéon,2023-07-03,2023-07-06
12514,Salon,Popincourt,2023-12-14,2023-12-17
12515,Salon,Élysée,2023-05-25,2023-05-27
12516,Festival,Temple,2023-10-15,2023-10-17
12517,Festival,Buttes-Montmartre,2023-03-17,2023-03-19
12518,Salon,Reuilly,2023-12-23,2023-12-27
12519,Festival,Panthéon,2023-08-01,2023-08-03
12520,Salon,Buttes-Montmartre,2023-06-03,2023-06-04
12521,Festival,Panthéon,2023-06-16,2023-06-19
12522,Concert,Entrepôt,2023-04-26,2023-04-30
12523,Festival,Louvre,2023-04-10,2023-04-11
12524,Festival,Palais-Bourbon,2023-02-03,2023-02-07
12525,Compétition Sportive,Gobelins,2023-01-19,2023-01-20
12526,Concert,Batignolles-Monceau,2023-11-14,2023-11-18
12527,Salon,Batignolles-Monceau,2023-11-02,2023-11-05
12528,Salon,Observatoire,2023-03-27,2023-03-31
12529,Conférence,Palais-Bourbon,2023-10-28,2023-10-31
12530,Concert,Popincourt,2023-08-19,2023-08-23
12531,Concert,Opéra,2023-03-23,2023-03-27
12532,Festival,Gobelins,2023-12-10,2023-12-11
12533,Compétition Sportive,Reuilly,2023-09-14,2023-09-17
12534,Salon,Luxembourg,2023-11-18,2023-11-19
12535,Salon,Buttes-Chaumont,2023-06-17,2023-06-21
12536,Compétition Sportive,Entrepôt,2023-06-01,2023-06-05
12537,Compétition Sportive,Buttes-Montmartre,2023-08-20,2023-08-23
12538,Concert,Reuilly,2023-02-21,2023-02-24
12539,Compétition Sportive,Luxembourg,2023-01-02,2023-01-04
12540,Compétition Sportive,Louvre,2023-07-08,2023-07-11
12541,Festival,Entrepôt,2023-07-13,2023-07-14
12542,Concert,Popincourt,2023-12-09,2023-12-12
12543,Conférence,Opéra,2023-10-15,2023-10-19
12544,Conférence,Vaugirard,2023-09-16,2023-09-19
12545,Salon,Luxembourg,2023-02-24,2023-02-26
12546,Compétition Sportive,Palais-Bourbon,2023-10-10,2023-10-14
12547,Festival,Temple,2023-07-23,2023-07-26
12548,Compétition Sportive,Luxembourg,2023-01-08,2023-01-12
12549,Salon,Passy,2023-10-03,2023-10-07
12550,Compétition Sportive,Vaugirard,2023-06-29,2023-07-02
12551,Conférence,Batignolles-Monceau,2023-09-30,2023-10-02
12552,Concert,Palais-Bourbon,2023-04-19,2023-04-21
12553,Compétition Sportive,Observatoire,2023-10-16,2023-10-18
12554,Conférence,Luxembourg,2023-11-07,2023-11-09
12555,Conférence,Panthéon,2023-07-22,2023-07-25
12556,Salon,Ménilmontant,2023-11-25,2023-11-29
12557,Concert,Temple,2023-04-08,2023-04-12
12558,Salon,Popincourt,2023-12-30,2024-01-01
12559,Festival,Opéra,2023-12-13,2023-12-14
12560,Concert,Luxembourg,2023-03-20,2023-03-22
12561,Festival,Élysée,2023-11-16,2023-11-20
12562,Concert,Hôtel-de-Ville,2023-03-29,2023-04-02
12563,Conférence,Élysée,2023-12-23,2023-12-27
12564,Festival,Hôtel-de-Ville,2023-06-17,2023-06-18
12565,Concert,Palais-Bourbon,2023-07-05,2023-07-08
12566,Concert,Gobelins,2023-03-24,2023-03-27
12567,Festival,Entrepôt,2023-01-23,2023-01-27
12568,Concert,Opéra,2023-04-13,2023-04-15
12569,Salon,Passy,2023-12-17,2023-12-20
12570,Salon,Observatoire,2023-12-16,2023-12-20
12571,Festival,Ménilmontant,2023-01-07,2023-01-08
12572,Conférence,Entrepôt,2023-04-19,2023-04-23
12573,Compétition Sportive,Observatoire,2023-11-11,2023-11-15
12574,Festival,Batignolles-Monceau,2023-09-16,2023-09-18
12575,Festival,Reuilly,2023-04-22,2023-04-23
12576,Festival,Luxembourg,2023-10-13,2023-10-14
12577,Festival,Ménilmontant,2023-09-09,2023-09-11
12578,Salon,Batignolles-Monceau,2023-04-08,2023-04-10
12579,Festival,Entrepôt,2023-01-13,2023-01-17
12580,Conférence,Louvre,2023-06-16,2023-06-17
12581,Compétition Sportive,Panthéon,2023-03-18,2023-03-22
12582,Compétition Sportive,Panthéon,2023-10-08,2023-10-12
12583,Conférence,Reuilly,2023-06-18,2023-06-20
12584,Festival,Palais-Bourbon,2023-08-14,2023-08-18
12585,Compétition Sportive,Gobelins,2023-11-14,2023-11-18
12586,Salon,Reuilly,2023-02-09,2023-02-11
12587,Compétition Sportive,Louvre,2023-12-01,2023-12-04
12588,Conférence,Buttes-Montmartre,2023-01-03,2023-01-06
12589,Compétition Sportive,Élysée,2023-09-08,2023-09-10
12590,Conférence,Batignolles-Monceau,2023-10-29,2023-10-30
12591,Festival,Buttes-Montmartre,2023-12-08,2023-12-10
12592,Compétition Sportive,Panthéon,2023-04-08,2023-04-12
12593,Conférence,Observatoire,2023-11-21,2023-11-24
12594,Salon,Reuilly,2023-10-24,2023-10-26
12595,Salon,Louvre,2023-11-12,2023-11-15
12596,Concert,Hôtel-de-Ville,2023-06-06,2023-06-10
12597,Compétition Sportive,Opéra,2023-12-20,2023-12-23
12598,Festival,Passy,2023-01-04,2023-01-05
12599,Concert,Gobelins,2023-10-08,2023-10-10
12600,Compétition Sportive,Bourse,2023-09-09,2023-09-12
12601,Salon,Gobelins,2023-09-12,2023-09-16
12602,Festival,Popincourt,2023-12-20,2023-12-22
12603,Salon,Temple,2023-11-22,2023-11-26
12604,Compétition Sportive,Passy,2023-04-08,2023-04-09
12605,Festival,Louvre,2023-05-29,2023-05-30
12606,Festival,Louvre,2023-04-18,2023-04-19
12607,Concert,Temple,2023-12-16,2023-12-17
12608,Festival,Buttes-Chaumont,2023-05-03,2023-05-05
12609,Compétition Sportive,Luxembourg,2023-11-08,2023-11-12
12610,Conférence,Panthéon,2023-09-16,2023-09-20
12611,Conférence,Temple,2023-03-20,2023-03-24
12612,Festival,Batignolles-Monceau,2023-07-30,2023-08-02
12613,Conférence,Ménilmontant,2023-06-26,2023-06-28
12614,Compétition Sportive,Opéra,2023-10-29,2023-10-31
12615,Concert,Luxembourg,2023-11-30,2023-12-03
12616,Salon,Opéra,2023-03-09,2023-03-10
12617,Salon,Opéra,2023-10-14,2023-10-18
12618,Compétition Sportive,Hôtel-de-Ville,2023-10-29,2023-10-31
12619,Concert,Ménilmontant,2023-10-28,2023-10-29
12620,Compétition Sportive,Popincourt,2023-09-17,2023-09-20
12621,Festival,Vaugirard,2023-05-05,2023-05-09
12622,Concert,Observatoire,2023-07-27,2023-07-31
12623,Conférence,Reuilly,2023-11-08,2023-11-11
12624,Festival,Palais-Bourbon,2023-06-15,2023-06-18
12625,Conférence,Élysée,2023-09-19,2023-09-20
12626,Festival,Buttes-Chaumont,2023-12-04,2023-12-05
12627,Festival,Popincourt,2023-08-05,2023-08-08
12628,Festival,Observatoire,2023-10-22,2023-10-23
12629,Festival,Élysée,2023-04-21,2023-04-22
12630,Concert,Palais-Bourbon,2023-03-14,2023-03-17
12631,Concert,Bourse,2023-06-14,2023-06-15
12632,Festival,Ménilmontant,2023-04-08,2023-04-10
12633,Compétition Sportive,Popincourt,2023-02-09,2023-02-12
12634,Festival,Louvre,2023-09-05,2023-09-09
12635,Festival,Batignolles-Monceau,2023-06-17,2023-06-20
12636,Compétition Sportive,Élysée,2023-10-20,2023-10-23
12637,Compétition Sportive,Élysée,2023-05-06,2023-05-07
12638,Festival,Vaugirard,2023-02-19,2023-02-22
12639,Salon,Gobelins,2023-09-24,2023-09-25
12640,Salon,Bourse,2023-07-25,2023-07-26
12641,Compétition Sportive,Louvre,2023-11-11,2023-11-13
12642,Festival,Hôtel-de-Ville,2023-09-09,2023-09-10
12643,Conférence,Louvre,2023-01-08,2023-01-12
12644,Conférence,Buttes-Chaumont,2023-10-11,2023-10-15
12645,Festival,Temple,2023-07-31,2023-08-02
12646,Festival,Batignolles-Monceau,2023-03-01,2023-03-03
12647,Festival,Hôtel-de-Ville,2023-09-13,2023-09-15
12648,Conférence,Opéra,2023-12-11,2023-12-13
12649,Conférence,Popincourt,2023-09-23,2023-09-25
12650,Compétition Sportive,Élysée,2023-03-04,2023-03-08
12651,Concert,Hôtel-de-Ville,2023-07-08,2023-07-09
12652,Compétition Sportive,Luxembourg,2023-11-27,2023-11-28
12653,Compétition Sportive,Luxembourg,2023-06-03,2023-06-05
12654,Salon,Hôtel-de-Ville,2023-05-31,2023-06-01
12655,Compétition Sportive,Opéra,2023-05-27,2023-05-28
12656,Compétition Sportive,Vaugirard,2023-05-26,2023-05-28
12657,Compétition Sportive,Popincourt,2023-06-27,2023-06-30
12658,Compétition Sportive,Reuilly,2023-05-27,2023-05-31
12659,Concert,Entrepôt,2023-08-19,2023-08-20
12660,Salon,Hôtel-de-Ville,2023-08-20,2023-08-21
12661,Conférence,Vaugirard,2023-09-28,2023-10-02
12662,Festival,Ménilmontant,2023-01-16,2023-01-20
12663,Conférence,Luxembourg,2023-05-27,2023-05-30
12664,Salon,Reuilly,2023-12-10,2023-12-11
12665,Compétition Sportive,Entrepôt,2023-10-14,2023-10-15
12666,Conférence,Luxembourg,2023-06-25,2023-06-28
12667,Compétition Sportive,Passy,2023-01-08,2023-01-12
12668,Concert,Observatoire,2023-02-19,2023-02-21
12669,Concert,Entrepôt,2023-07-08,2023-07-10
12670,Salon,Observatoire,2023-03-29,2023-03-30
12671,Conférence,Passy,2023-01-13,2023-01-17
12672,Concert,Entrepôt,2023-07-21,2023-07-22
12673,Salon,Buttes-Montmartre,2023-05-27,2023-05-31
12674,Salon,Buttes-Montmartre,2023-12-28,2024-01-01
12675,Salon,Batignolles-Monceau,2023-12-19,2023-12-21
12676,Conférence,Popincourt,2023-06-07,2023-06-09
12677,Conférence,Buttes-Chaumont,2023-03-02,2023-03-03
12678,Salon,Hôtel-de-Ville,2023-02-04,2023-02-07
12679,Festival,Hôtel-de-Ville,2023-10-08,2023-10-11
12680,Conférence,Louvre,2023-04-16,2023-04-18
12681,Conférence,Observatoire,2023-11-16,2023-11-18
12682,Festival,Bourse,2023-04-20,2023-04-21
12683,Conférence,Hôtel-de-Ville,2023-10-20,2023-10-23
12684,Conférence,Observatoire,2023-10-21,2023-10-25
12685,Concert,Hôtel-de-Ville,2023-09-21,2023-09-24
12686,Festival,Palais-Bourbon,2023-11-27,2023-12-01
12687,Concert,Temple,2023-10-06,2023-10-07
12688,Festival,Observatoire,2023-08-12,2023-08-16
12689,Festival,Gobelins,2023-06-22,2023-06-26
12690,Festival,Entrepôt,2023-05-09,2023-05-12
12691,Conférence,Reuilly,2023-09-03,2023-09-06
12692,Salon,Buttes-Montmartre,2023-01-09,2023-01-12
12693,Compétition Sportive,Entrepôt,2023-10-23,2023-10-26
12694,Salon,Ménilmontant,2023-06-05,2023-06-09
12695,Conférence,Passy,2023-04-07,2023-04-10
12696,Conférence,Buttes-Montmartre,2023-12-18,2023-12-22
12697,Compétition Sportive,Temple,2023-05-16,2023-05-18
12698,Conférence,Palais-Bourbon,2023-10-20,2023-10-21
12699,Festival,Gobelins,2023-07-29,2023-07-31
12700,Concert,Entrepôt,2023-10-01,2023-10-03
12701,Concert,Palais-Bourbon,2023-04-22,2023-04-26
12702,Festival,Élysée,2023-07-23,2023-07-26
12703,Salon,Hôtel-de-Ville,2023-03-18,2023-03-19
12704,Concert,Vaugirard,2023-03-16,2023-03-18
12705,Festival,Louvre,2023-03-21,2023-03-24
12706,Salon,Hôtel-de-Ville,2023-02-13,2023-02-16
12707,Concert,Palais-Bourbon,2023-03-19,2023-03-23
12708,Festival,Gobelins,2023-06-30,2023-07-04
12709,Concert,Panthéon,2023-08-02,2023-08-05
12710,Concert,Panthéon,2023-10-01,2023-10-02
12711,Concert,Reuilly,2023-07-08,2023-07-10
12712,Compétition Sportive,Popincourt,2023-10-08,2023-10-10
12713,Salon,Vaugirard,2023-02-04,2023-02-08
12714,Concert,Élysée,2023-03-12,2023-03-13
12715,Festival,Vaugirard,2023-07-31,2023-08-01
12716,Compétition Sportive,Batignolles-Monceau,2023-10-10,2023-10-13
12717,Conférence,Temple,2023-08-09,2023-08-12
12718,Conférence,Batignolles-Monceau,2023-05-18,2023-05-22
12719,Salon,Hôtel-de-Ville,2023-03-16,2023-03-20
12720,Festival,Batignolles-Monceau,2023-06-10,2023-06-12
12721,Compétition Sportive,Bourse,2023-08-23,2023-08-26
12722,Festival,Buttes-Montmartre,2023-09-03,2023-09-07
12723,Compétition Sportive,Buttes-Chaumont,2023-07-24,2023-07-27
12724,Compétition Sportive,Hôtel-de-Ville,2023-12-02,2023-12-03
12725,Conférence,Louvre,2023-11-19,2023-11-21
12726,Salon,Popincourt,2023-07-06,2023-07-09
12727,Salon,Opéra,2023-05-18,2023-05-21
12728,Festival,Observatoire,2023-01-06,2023-01-09
12729,Compétition Sportive,Opéra,2023-08-01,2023-08-02
12730,Compétition Sportive,Passy,2023-04-05,2023-04-07
12731,Concert,Entrepôt,2023-02-18,2023-02-19
12732,Salon,Louvre,2023-09-12,2023-09-15
12733,Compétition Sportive,Opéra,2023-10-15,2023-10-17
12734,Festival,Vaugirard,2023-10-12,2023-10-15
12735,Conférence,Batignolles-Monceau,2023-08-18,2023-08-20
12736,Conférence,Passy,2023-09-30,2023-10-04
12737,Salon,Luxembourg,2023-04-08,2023-04-09
12738,Salon,Batignolles-Monceau,2023-02-18,2023-02-19
12739,Concert,Louvre,2023-05-24,2023-05-27
12740,Salon,Entrepôt,2023-05-15,2023-05-18
12741,Compétition Sportive,Buttes-Chaumont,2023-08-16,2023-08-19
12742,Compétition Sportive,Panthéon,2023-09-26,2023-09-27
12743,Compétition Sportive,Panthéon,2023-07-31,2023-08-04
12744,Compétition Sportive,Batignolles-Monceau,2023-11-15,2023-11-19
12745,Concert,Gobelins,2023-07-16,2023-07-17
12746,Salon,Luxembourg,2023-05-04,2023-05-06
12747,Salon,Palais-Bourbon,2023-11-25,2023-11-29
12748,Salon,Opéra,2023-08-23,2023-08-27
12749,Concert,Opéra,2023-11-28,2023-11-30
12750,Concert,Batignolles-Monceau,2023-03-19,2023-03-21
12751,Compétition Sportive,Passy,2023-09-28,2023-09-29
12752,Concert,Panthéon,2023-10-25,2023-10-27
12753,Concert,Buttes-Chaumont,2023-10-01,2023-10-04
12754,Festival,Popincourt,2023-11-24,2023-11-27
12755,Compétition Sportive,Louvre,2023-05-16,2023-05-20
12756,Compétition Sportive,Entrepôt,2023-11-20,2023-11-21
12757,Festival,Palais-Bourbon,2023-06-03,2023-06-04
12758,Salon,Passy,2023-03-16,2023-03-18
12759,Festival,Passy,2023-11-22,2023-11-26
12760,Festival,Vaugirard,2023-01-22,2023-01-26
12761,Festival,Buttes-Montmartre,2023-09-13,2023-09-17
12762,Concert,Temple,2023-03-10,2023-03-11
12763,Festival,Hôtel-de-Ville,2023-05-09,2023-05-10
12764,Conférence,Buttes-Chaumont,2023-12-08,2023-12-11
12765,Festival,Buttes-Montmartre,2023-02-04,2023-02-06
12766,Salon,Batignolles-Monceau,2023-07-03,2023-07-04
12767,Salon,Panthéon,2023-08-11,2023-08-15
12768,Salon,Opéra,2023-05-06,2023-05-08
12769,Festival,Élysée,2023-11-19,2023-11-20
12770,Compétition Sportive,Gobelins,2023-05-11,2023-05-15
12771,Salon,Palais-Bourbon,2023-07-18,2023-07-22
12772,Festival,Louvre,2023-05-09,2023-05-11
12773,Salon,Élysée,2023-10-25,2023-10-28
12774,Concert,Passy,2023-02-27,2023-03-03
12775,Concert,Buttes-Chaumont,2023-12-10,2023-12-14
12776,Festival,Passy,2023-08-17,2023-08-21
12777,Salon,Opéra,2023-08-10,2023-08-14
12778,Salon,Passy,2023-08-12,2023-08-15
12779,Conférence,Batignolles-Monceau,2023-12-18,2023-12-21
12780,Salon,Bourse,2023-03-26,2023-03-29
12781,Compétition Sportive,Opéra,2023-08-28,2023-09-01
12782,Concert,Élysée,2023-09-17,2023-09-20
12783,Salon,Luxembourg,2023-01-17,2023-01-19
12784,Compétition Sportive,Buttes-Chaumont,2023-03-18,2023-03-22
12785,Festival,Bourse,2023-12-21,2023-12-25
12786,Concert,Buttes-Montmartre,2023-01-11,2023-01-15
12787,Festival,Luxembourg,2023-10-23,2023-10-27
12788,Salon,Élysée,2023-05-21,2023-05-22
12789,Festival,Bourse,2023-06-01,2023-06-04
12790,Concert,Reuilly,2023-04-10,2023-04-11
12791,Festival,Opéra,2023-10-17,2023-10-19
12792,Festival,Gobelins,2023-05-16,2023-05-17
12793,Festival,Palais-Bourbon,2023-09-04,2023-09-05
12794,Compétition Sportive,Opéra,2023-07-29,2023-07-30
12795,Compétition Sportive,Buttes-Chaumont,2023-11-14,2023-11-15
12796,Salon,Palais-Bourbon,2023-02-15,2023-02-18
12797,Festival,Bourse,2023-08-02,2023-08-05
12798,Compétition Sportive,Opéra,2023-07-18,2023-07-19
12799,Concert,Luxembourg,2023-05-07,2023-05-08
12800,Concert,Luxembourg,2023-01-13,2023-01-15
12801,Festival,Palais-Bourbon,2023-08-24,2023-08-26
12802,Salon,Reuilly,2023-09-15,2023-09-19
12803,Compétition Sportive,Louvre,2023-01-29,2023-01-30
12804,Compétition Sportive,Batignolles-Monceau,2023-12-13,2023-12-17
12805,Compétition Sportive,Opéra,2023-12-04,2023-12-07
12806,Salon,Bourse,2023-01-02,2023-01-05
12807,Conférence,Observatoire,2023-07-15,2023-07-18
12808,Compétition Sportive,Palais-Bourbon,2023-11-13,2023-11-16
12809,Festival,Buttes-Montmartre,2023-06-23,2023-06-27
12810,Compétition Sportive,Vaugirard,2023-11-24,2023-11-25
12811,Compétition Sportive,Reuilly,2023-04-10,2023-04-13
12812,Conférence,Élysée,2023-02-28,2023-03-02
12813,Festival,Buttes-Chaumont,2023-10-31,2023-11-04
12814,Festival,Temple,2023-11-02,2023-11-06
12815,Festival,Élysée,2023-12-08,2023-12-11
12816,Compétition Sportive,Buttes-Montmartre,2023-08-25,2023-08-26
12817,Compétition Sportive,Opéra,2023-07-22,2023-07-24
12818,Concert,Buttes-Montmartre,2023-06-04,2023-06-08
12819,Conférence,Palais-Bourbon,2023-11-18,2023-11-20
12820,Festival,Opéra,2023-03-07,2023-03-09
12821,Festival,Ménilmontant,2023-08-10,2023-08-14
12822,Concert,Opéra,2023-10-05,2023-10-06
12823,Compétition Sportive,Luxembourg,2023-12-08,2023-12-11
12824,Concert,Entrepôt,2023-06-01,2023-06-03
12825,Concert,Louvre,2023-12-13,2023-12-14
12826,Compétition Sportive,Luxembourg,2023-07-22,2023-07-25
12827,Salon,Palais-Bourbon,2023-08-07,2023-08-09
12828,Conférence,Popincourt,2023-05-23,2023-05-26
12829,Salon,Passy,2023-05-25,2023-05-29
12830,Salon,Observatoire,2023-10-22,2023-10-23
12831,Conférence,Observatoire,2023-07-20,2023-07-21
12832,Salon,Entrepôt,2023-03-28,2023-03-29
12833,Compétition Sportive,Élysée,2023-01-04,2023-01-06
12834,Salon,Observatoire,2023-01-15,2023-01-16
12835,Salon,Bourse,2023-06-20,2023-06-23
12836,Salon,Ménilmontant,2023-09-19,2023-09-21
12837,Compétition Sportive,Buttes-Chaumont,2023-11-17,2023-11-21
12838,Concert,Bourse,2023-12-08,2023-12-12
12839,Festival,Observatoire,2023-01-30,2023-02-02
12840,Conférence,Batignolles-Monceau,2023-11-10,2023-11-11
12841,Conférence,Opéra,2023-03-27,2023-03-31
12842,Compétition Sportive,Luxembourg,2023-08-13,2023-08-17
12843,Festival,Buttes-Chaumont,2023-02-25,2023-02-26
12844,Salon,Bourse,2023-07-16,2023-07-20
12845,Conférence,Temple,2023-10-29,2023-11-02
12846,Salon,Passy,2023-09-02,2023-09-06
12847,Compétition Sportive,Observatoire,2023-03-08,2023-03-12
12848,Compétition Sportive,Popincourt,2023-05-05,2023-05-08
12849,Compétition Sportive,Hôtel-de-Ville,2023-01-10,2023-01-12
12850,Concert,Palais-Bourbon,2023-01-01,2023-01-02
12851,Compétition Sportive,Bourse,2023-10-02,2023-10-06
12852,Salon,Passy,2023-12-04,2023-12-08
12853,Concert,Temple,2023-08-25,2023-08-29
12854,Salon,Louvre,2023-04-05,2023-04-09
12855,Compétition Sportive,Hôtel-de-Ville,2023-07-02,2023-07-04
12856,Concert,Louvre,2023-06-26,2023-06-27
12857,Festival,Gobelins,2023-07-02,2023-07-06
12858,Compétition Sportive,Bourse,2023-08-02,2023-08-05
12859,Concert,Luxembourg,2023-11-20,2023-11-23
12860,Concert,Gobelins,2023-10-24,2023-10-26
12861,Concert,Ménilmontant,2023-07-02,2023-07-04
12862,Conférence,Popincourt,2023-07-26,2023-07-30
12863,Concert,Ménilmontant,2023-03-10,2023-03-12
12864,Festival,Palais-Bourbon,2023-06-20,2023-06-21
12865,Compétition Sportive,Gobelins,2023-03-23,2023-03-26
12866,Compétition Sportive,Buttes-Chaumont,2023-11-09,2023-11-10
12867,Compétition Sportive,Batignolles-Monceau,2023-10-31,2023-11-02
12868,Concert,Panthéon,2023-11-02,2023-11-03
12869,Compétition Sportive,Batignolles-Monceau,2023-07-03,2023-07-05
12870,Festival,Observatoire,2023-04-20,2023-04-21
12871,Conférence,Passy,2023-08-05,2023-08-09
12872,Festival,Louvre,2023-04-26,2023-04-30
12873,Conférence,Hôtel-de-Ville,2023-04-19,2023-04-20
12874,Compétition Sportive,Reuilly,2023-10-06,2023-10-10
12875,Salon,Vaugirard,2023-02-10,2023-02-12
12876,Conférence,Entrepôt,2023-03-28,2023-03-29
12877,Festival,Ménilmontant,2023-04-03,2023-04-05
12878,Festival,Ménilmontant,2023-08-13,2023-08-16
12879,Salon,Louvre,2023-11-11,2023-11-15
12880,Conférence,Panthéon,2023-09-12,2023-09-16
12881,Conférence,Popincourt,2023-10-01,2023-10-03
12882,Festival,Buttes-Montmartre,2023-11-23,2023-11-25
12883,Conférence,Panthéon,2023-08-12,2023-08-15
12884,Salon,Gobelins,2023-07-18,2023-07-19
12885,Conférence,Luxembourg,2023-05-16,2023-05-18
12886,Conférence,Batignolles-Monceau,2023-04-24,2023-04-25
12887,Salon,Louvre,2023-12-28,2023-12-29
12888,Compétition Sportive,Popincourt,2023-09-30,2023-10-02
12889,Conférence,Vaugirard,2023-11-03,2023-11-07
12890,Festival,Passy,2023-10-13,2023-10-15
12891,Concert,Observatoire,2023-03-07,2023-03-09
12892,Festival,Observatoire,2023-07-07,2023-07-09
12893,Festival,Buttes-Chaumont,2023-06-23,2023-06-27
12894,Compétition Sportive,Gobelins,2023-10-05,2023-10-08
12895,Compétition Sportive,Reuilly,2023-02-01,2023-02-05
12896,Festival,Vaugirard,2023-08-29,2023-08-31
12897,Conférence,Observatoire,2023-05-16,2023-05-19
12898,Festival,Vaugirard,2023-03-04,2023-03-06
12899,Conférence,Bourse,2023-01-29,2023-01-30
12900,Salon,Opéra,2023-07-28,2023-07-30
12901,Salon,Popincourt,2023-02-09,2023-02-10
12902,Compétition Sportive,Passy,2023-06-22,2023-06-25
12903,Concert,Bourse,2023-01-02,2023-01-03
12904,Concert,Buttes-Montmartre,2023-09-13,2023-09-16
12905,Compétition Sportive,Buttes-Chaumont,2023-11-01,2023-11-03
12906,Salon,Gobelins,2023-08-28,2023-08-30
12907,Compétition Sportive,Buttes-Chaumont,2023-08-29,2023-08-30
12908,Salon,Batignolles-Monceau,2023-01-31,2023-02-04
12909,Conférence,Passy,2023-03-09,2023-03-13
12910,Salon,Hôtel-de-Ville,2023-08-22,2023-08-26
12911,Salon,Buttes-Montmartre,2023-12-12,2023-12-13
12912,Salon,Popincourt,2023-01-10,2023-01-11
12913,Concert,Ménilmontant,2023-02-20,2023-02-24
12914,Salon,Hôtel-de-Ville,2023-07-17,2023-07-18
12915,Festival,Bourse,2023-06-21,2023-06-25
12916,Conférence,Bourse,2023-01-26,2023-01-29
12917,Concert,Batignolles-Monceau,2023-07-22,2023-07-25
12918,Festival,Louvre,2023-12-01,2023-12-02
12919,Concert,Popincourt,2023-05-01,2023-05-03
12920,Concert,Batignolles-Monceau,2023-08-24,2023-08-25
12921,Festival,Temple,2023-04-18,2023-04-21
12922,Compétition Sportive,Palais-Bourbon,2023-04-01,2023-04-04
12923,Compétition Sportive,Batignolles-Monceau,2023-01-30,2023-02-03
12924,Salon,Élysée,2023-07-18,2023-07-22
12925,Festival,Palais-Bourbon,2023-08-17,2023-08-19
12926,Salon,Buttes-Chaumont,2023-05-23,2023-05-27
12927,Compétition Sportive,Temple,2023-03-21,2023-03-25
12928,Festival,Bourse,2023-05-03,2023-05-06
12929,Festival,Élysée,2023-08-23,2023-08-27
12930,Festival,Ménilmontant,2023-03-25,2023-03-26
12931,Salon,Bourse,2023-04-23,2023-04-26
12932,Concert,Buttes-Montmartre,2023-12-24,2023-12-25
12933,Concert,Gobelins,2023-12-06,2023-12-08
12934,Concert,Batignolles-Monceau,2023-11-22,2023-11-25
12935,Festival,Temple,2023-12-30,2024-01-01
12936,Compétition Sportive,Opéra,2023-04-14,2023-04-15
12937,Salon,Passy,2023-05-28,2023-05-30
12938,Salon,Hôtel-de-Ville,2023-07-16,2023-07-17
12939,Compétition Sportive,Ménilmontant,2023-11-05,2023-11-06
12940,Concert,Buttes-Chaumont,2023-07-22,2023-07-25
12941,Conférence,Palais-Bourbon,2023-05-10,2023-05-13
12942,Compétition Sportive,Palais-Bourbon,2023-06-07,2023-06-10
12943,Concert,Hôtel-de-Ville,2023-05-16,2023-05-17
12944,Festival,Bourse,2023-10-23,2023-10-27
12945,Compétition Sportive,Luxembourg,2023-05-16,2023-05-17
12946,Concert,Observatoire,2023-05-25,2023-05-26
12947,Salon,Hôtel-de-Ville,2023-08-19,2023-08-23
12948,Conférence,Reuilly,2023-04-09,2023-04-13
12949,Conférence,Élysée,2023-01-30,2023-02-01
12950,Conférence,Hôtel-de-Ville,2023-07-16,2023-07-17
12951,Concert,Luxembourg,2023-03-05,2023-03-08
12952,Concert,Passy,2023-02-05,2023-02-09
12953,Festival,Louvre,2023-03-20,2023-03-23
12954,Conférence,Louvre,2023-06-26,2023-06-28
12955,Salon,Palais-Bourbon,2023-03-22,2023-03-25
12956,Conférence,Entrepôt,2023-07-24,2023-07-25
12957,Compétition Sportive,Passy,2023-01-24,2023-01-25
12958,Compétition Sportive,Passy,2023-04-17,2023-04-20
12959,Salon,Buttes-Chaumont,2023-08-28,2023-08-31
12960,Concert,Opéra,2023-05-12,2023-05-13
12961,Conférence,Louvre,2023-08-27,2023-08-31
12962,Compétition Sportive,Reuilly,2023-04-20,2023-04-21
12963,Salon,Batignolles-Monceau,2023-03-18,2023-03-22
12964,Festival,Entrepôt,2023-05-17,2023-05-18
12965,Compétition Sportive,Gobelins,2023-10-09,2023-10-12
12966,Compétition Sportive,Palais-Bourbon,2023-10-30,2023-11-02
12967,Conférence,Hôtel-de-Ville,2023-08-22,2023-08-23
12968,Concert,Palais-Bourbon,2023-06-14,2023-06-18
12969,Compétition Sportive,Bourse,2023-04-17,2023-04-21
12970,Compétition Sportive,Luxembourg,2023-09-24,2023-09-28
12971,Conférence,Louvre,2023-05-03,2023-05-06
12972,Concert,Temple,2023-03-24,2023-03-26
12973,Festival,Élysée,2023-10-06,2023-10-09
12974,Festival,Hôtel-de-Ville,2023-06-24,2023-06-28
12975,Festival,Hôtel-de-Ville,2023-11-14,2023-11-17
12976,Festival,Buttes-Chaumont,2023-11-28,2023-11-29
12977,Concert,Reuilly,2023-02-08,2023-02-11
12978,Festival,Bourse,2023-11-12,2023-11-13
12979,Conférence,Passy,2023-04-20,2023-04-23
12980,Conférence,Hôtel-de-Ville,2023-12-01,2023-12-04
12981,Conférence,Vaugirard,2023-10-19,2023-10-22
12982,Festival,Luxembourg,2023-03-18,2023-03-22
12983,Conférence,Temple,2023-11-24,2023-11-25
12984,Conférence,Ménilmontant,2023-12-10,2023-12-13
12985,Salon,Buttes-Montmartre,2023-06-08,2023-06-12
12986,Festival,Buttes-Montmartre,2023-06-17,2023-06-20
12987,Conférence,Louvre,2023-03-01,2023-03-03
12988,Concert,Vaugirard,2023-12-15,2023-12-16
12989,Conférence,Bourse,2023-08-23,2023-08-27
12990,Salon,Observatoire,2023-02-06,2023-02-07
12991,Concert,Louvre,2023-09-08,2023-09-12
12992,Concert,Passy,2023-03-02,2023-03-06
12993,Compétition Sportive,Bourse,2023-05-26,2023-05-29
12994,Salon,Bourse,2023-11-06,2023-11-09
12995,Salon,Élysée,2023-10-14,2023-10-16
12996,Conférence,Buttes-Montmartre,2023-03-20,2023-03-24
12997,Salon,Reuilly,2023-06-14,2023-06-15
12998,Concert,Opéra,2023-12-06,2023-12-10
12999,Concert,Buttes-Montmartre,2023-12-14,2023-12-16
13000,Conférence,Reuilly,2023-03-09,2023-03-10
13001,Concert,Vaugirard,2023-07-29,2023-07-31
13002,Conférence,Buttes-Montmartre,2023-12-18,2023-12-21
13003,Compétition Sportive,Batignolles-Monceau,2023-03-28,2023-03-29
13004,Salon,Luxembourg,2023-03-03,2023-03-07
13005,Salon,Bourse,2023-03-20,2023-03-21
13006,Salon,Ménilmontant,2023-08-24,2023-08-27
13007,Compétition Sportive,Panthéon,2023-09-20,2023-09-21
13008,Salon,Opéra,2023-06-08,2023-06-11
13009,Compétition Sportive,Vaugirard,2023-09-12,2023-09-15
13010,Compétition Sportive,Buttes-Chaumont,2023-12-18,2023-12-20
13011,Conférence,Opéra,2023-02-09,2023-02-12
13012,Festival,Panthéon,2023-03-19,2023-03-23
13013,Festival,Panthéon,2023-12-05,2023-12-06
13014,Conférence,Gobelins,2023-06-27,2023-06-28
13015,Conférence,Hôtel-de-Ville,2023-03-21,2023-03-25
13016,Conférence,Entrepôt,2023-07-12,2023-07-13
13017,Salon,Hôtel-de-Ville,2023-01-25,2023-01-28
13018,Concert,Passy,2023-05-16,2023-05-19
13019,Conférence,Luxembourg,2023-10-22,2023-10-23
13020,Compétition Sportive,Palais-Bourbon,2023-06-09,2023-06-11
13021,Festival,Observatoire,2023-09-21,2023-09-24
13022,Salon,Vaugirard,2023-05-21,2023-05-22
13023,Concert,Palais-Bourbon,2023-07-14,2023-07-15
13024,Festival,Buttes-Montmartre,2023-07-13,2023-07-14
13025,Festival,Palais-Bourbon,2023-12-31,2024-01-04
13026,Festival,Luxembourg,2023-01-04,2023-01-05
13027,Compétition Sportive,Panthéon,2023-10-06,2023-10-07
13028,Compétition Sportive,Reuilly,2023-10-17,2023-10-18
13029,Compétition Sportive,Gobelins,2023-11-23,2023-11-24
13030,Concert,Passy,2023-04-04,2023-04-06
13031,Festival,Reuilly,2023-07-05,2023-07-09
13032,Conférence,Hôtel-de-Ville,2023-11-25,2023-11-26
13033,Concert,Palais-Bourbon,2023-10-02,2023-10-06
13034,Compétition Sportive,Panthéon,2023-05-17,2023-05-18
13035,Compétition Sportive,Passy,2023-01-23,2023-01-26
13036,Compétition Sportive,Popincourt,2023-07-22,2023-07-23
13037,Salon,Vaugirard,2023-01-13,2023-01-14
13038,Festival,Reuilly,2023-11-24,2023-11-26
13039,Conférence,Reuilly,2023-10-02,2023-10-04
13040,Festival,Ménilmontant,2023-01-05,2023-01-07
13041,Concert,Observatoire,2023-05-30,2023-06-03
13042,Salon,Bourse,2023-09-18,2023-09-22
13043,Concert,Entrepôt,2023-12-02,2023-12-04
13044,Compétition Sportive,Buttes-Chaumont,2023-10-09,2023-10-13
13045,Compétition Sportive,Ménilmontant,2023-04-27,2023-04-28
13046,Conférence,Buttes-Montmartre,2023-03-21,2023-03-23
13047,Festival,Entrepôt,2023-05-05,2023-05-06
13048,Concert,Passy,2023-11-01,2023-11-02
13049,Compétition Sportive,Buttes-Montmartre,2023-05-20,2023-05-22
13050,Conférence,Vaugirard,2023-12-18,2023-12-20
13051,Conférence,Louvre,2023-04-10,2023-04-12
13052,Concert,Observatoire,2023-04-02,2023-04-03
13053,Festival,Panthéon,2023-05-04,2023-05-05
13054,Salon,Luxembourg,2023-09-04,2023-09-07
13055,Conférence,Opéra,2023-08-24,2023-08-25
13056,Concert,Observatoire,2023-01-04,2023-01-06
13057,Compétition Sportive,Passy,2023-12-25,2023-12-29
13058,Salon,Panthéon,2023-12-25,2023-12-26
13059,Salon,Ménilmontant,2023-04-03,2023-04-05
13060,Festival,Buttes-Montmartre,2023-10-08,2023-10-10
13061,Concert,Buttes-Montmartre,2023-08-15,2023-08-17
13062,Festival,Panthéon,2023-06-01,2023-06-05
13063,Conférence,Buttes-Montmartre,2023-07-03,2023-07-07
13064,Conférence,Buttes-Chaumont,2023-10-02,2023-10-05
13065,Concert,Batignolles-Monceau,2023-10-06,2023-10-07
13066,Compétition Sportive,Buttes-Chaumont,2023-12-17,2023-12-21
13067,Conférence,Vaugirard,2023-03-24,2023-03-27
13068,Conférence,Luxembourg,2023-04-06,2023-04-08
13069,Compétition Sportive,Luxembourg,2023-07-24,2023-07-27
13070,Salon,Passy,2023-02-15,2023-02-18
13071,Concert,Panthéon,2023-05-26,2023-05-29
13072,Salon,Buttes-Montmartre,2023-07-08,2023-07-09
13073,Festival,Ménilmontant,2023-03-12,2023-03-16
13074,Compétition Sportive,Gobelins,2023-02-14,2023-02-18
13075,Concert,Hôtel-de-Ville,2023-08-04,2023-08-06
13076,Compétition Sportive,Élysée,2023-05-01,2023-05-04
13077,Compétition Sportive,Luxembourg,2023-01-17,2023-01-20
13078,Salon,Vaugirard,2023-11-25,2023-11-27
13079,Salon,Hôtel-de-Ville,2023-10-17,2023-10-21
13080,Festival,Passy,2023-04-09,2023-04-10
13081,Concert,Gobelins,2023-02-19,2023-02-21
13082,Compétition Sportive,Luxembourg,2023-05-19,2023-05-21
13083,Festival,Louvre,2023-12-10,2023-12-11
13084,Compétition Sportive,Entrepôt,2023-06-19,2023-06-23
13085,Festival,Observatoire,2023-04-04,2023-04-06
13086,Compétition Sportive,Observatoire,2023-08-01,2023-08-04
13087,Salon,Reuilly,2023-02-04,2023-02-05
13088,Conférence,Buttes-Montmartre,2023-02-28,2023-03-04
13089,Festival,Élysée,2023-05-20,2023-05-22
13090,Festival,Temple,2023-01-12,2023-01-13
13091,Conférence,Observatoire,2023-01-28,2023-01-31
13092,Salon,Élysée,2023-08-09,2023-08-12
13093,Festival,Temple,2023-06-23,2023-06-27
13094,Salon,Élysée,2023-12-31,2024-01-01
13095,Compétition Sportive,Opéra,2023-10-23,2023-10-24
13096,Compétition Sportive,Bourse,2023-12-21,2023-12-22
13097,Conférence,Buttes-Montmartre,2023-10-12,2023-10-15
13098,Concert,Gobelins,2023-05-08,2023-05-12
13099,Salon,Luxembourg,2023-05-24,2023-05-27
13100,Concert,Palais-Bourbon,2023-09-13,2023-09-16
13101,Concert,Opéra,2023-10-29,2023-11-02
13102,Salon,Reuilly,2023-08-08,2023-08-11
13103,Concert,Palais-Bourbon,2023-07-12,2023-07-16
13104,Festival,Buttes-Chaumont,2023-10-12,2023-10-16
13105,Compétition Sportive,Observatoire,2023-02-21,2023-02-23
13106,Conférence,Louvre,2023-02-09,2023-02-12
13107,Salon,Passy,2023-01-06,2023-01-10
13108,Conférence,Palais-Bourbon,2023-10-10,2023-10-11
13109,Compétition Sportive,Buttes-Montmartre,2023-06-14,2023-06-18
13110,Conférence,Entrepôt,2023-09-20,2023-09-21
13111,Salon,Passy,2023-03-18,2023-03-22
13112,Conférence,Ménilmontant,2023-06-25,2023-06-27
13113,Concert,Buttes-Chaumont,2023-08-24,2023-08-26
13114,Concert,Buttes-Montmartre,2023-05-22,2023-05-26
13115,Compétition Sportive,Panthéon,2023-12-01,2023-12-03
13116,Concert,Batignolles-Monceau,2023-09-12,2023-09-13
13117,Conférence,Buttes-Montmartre,2023-06-26,2023-06-28
13118,Festival,Panthéon,2023-07-15,2023-07-17
13119,Conférence,Observatoire,2023-08-30,2023-08-31
13120,Festival,Opéra,2023-08-24,2023-08-25
13121,Conférence,Observatoire,2023-04-17,2023-04-20
13122,Festival,Temple,2023-08-01,2023-08-03
13123,Festival,Luxembourg,2023-03-26,2023-03-27
13124,Salon,Ménilmontant,2023-11-09,2023-11-11
13125,Salon,Popincourt,2023-05-22,2023-05-26
13126,Conférence,Palais-Bourbon,2023-11-18,2023-11-21
13127,Concert,Élysée,2023-03-16,2023-03-18
13128,Salon,Opéra,2023-06-14,2023-06-16
13129,Festival,Panthéon,2023-03-19,2023-03-22
13130,Conférence,Observatoire,2023-07-08,2023-07-10
13131,Concert,Palais-Bourbon,2023-12-06,2023-12-09
13132,Conférence,Gobelins,2023-08-15,2023-08-19
13133,Festival,Batignolles-Monceau,2023-10-10,2023-10-13
13134,Salon,Passy,2023-06-26,2023-06-30
13135,Salon,Vaugirard,2023-03-12,2023-03-15
13136,Compétition Sportive,Bourse,2023-09-14,2023-09-16
13137,Compétition Sportive,Luxembourg,2023-09-26,2023-09-28
13138,Conférence,Observatoire,2023-10-21,2023-10-22
13139,Conférence,Palais-Bourbon,2023-12-22,2023-12-24
13140,Concert,Entrepôt,2023-05-09,2023-05-11
13141,Salon,Gobelins,2023-03-24,2023-03-27
13142,Salon,Reuilly,2023-06-07,2023-06-10
13143,Compétition Sportive,Temple,2023-01-07,2023-01-11
13144,Festival,Popincourt,2023-12-29,2023-12-31
13145,Festival,Hôtel-de-Ville,2023-05-28,2023-05-30
13146,Compétition Sportive,Entrepôt,2023-02-13,2023-02-17
13147,Conférence,Palais-Bourbon,2023-01-13,2023-01-15
13148,Salon,Reuilly,2023-10-22,2023-10-23
13149,Salon,Bourse,2023-01-20,2023-01-21
13150,Salon,Popincourt,2023-01-05,2023-01-09
13151,Festival,Vaugirard,2023-04-22,2023-04-25
13152,Conférence,Opéra,2023-02-21,2023-02-25
13153,Festival,Gobelins,2023-03-13,2023-03-15
13154,Conférence,Luxembourg,2023-06-26,2023-06-29
13155,Compétition Sportive,Opéra,2023-01-22,2023-01-23
13156,Conférence,Hôtel-de-Ville,2023-03-26,2023-03-30
13157,Festival,Reuilly,2023-01-31,2023-02-01
13158,Salon,Observatoire,2023-08-21,2023-08-22
13159,Festival,Bourse,2023-09-15,2023-09-18
13160,Compétition Sportive,Gobelins,2023-12-15,2023-12-16
13161,Salon,Buttes-Chaumont,2023-10-25,2023-10-27
13162,Festival,Bourse,2023-10-18,2023-10-21
13163,Salon,Buttes-Montmartre,2023-04-19,2023-04-23
13164,Compétition Sportive,Buttes-Montmartre,2023-02-04,2023-02-05
13165,Conférence,Buttes-Montmartre,2023-10-06,2023-10-09
13166,Conférence,Palais-Bourbon,2023-01-23,2023-01-26
13167,Concert,Palais-Bourbon,2023-08-23,2023-08-26
13168,Salon,Louvre,2023-10-29,2023-11-02
13169,Compétition Sportive,Vaugirard,2023-10-02,2023-10-03
13170,Festival,Palais-Bourbon,2023-03-20,2023-03-24
13171,Festival,Temple,2023-03-13,2023-03-14
13172,Concert,Hôtel-de-Ville,2023-04-07,2023-04-09
13173,Festival,Opéra,2023-08-20,2023-08-24
13174,Compétition Sportive,Observatoire,2023-01-13,2023-01-15
13175,Compétition Sportive,Passy,2023-07-18,2023-07-20
13176,Conférence,Reuilly,2023-12-06,2023-12-08
13177,Salon,Reuilly,2023-05-07,2023-05-11
13178,Salon,Panthéon,2023-11-09,2023-11-13
13179,Festival,Passy,2023-09-21,2023-09-23
13180,Salon,Ménilmontant,2023-04-10,2023-04-13
13181,Concert,Hôtel-de-Ville,2023-01-14,2023-01-18
13182,Salon,Élysée,2023-12-16,2023-12-18
13183,Festival,Bourse,2023-06-28,2023-06-29
13184,Salon,Élysée,2023-01-09,2023-01-12
13185,Compétition Sportive,Observatoire,2023-05-21,2023-05-25
13186,Compétition Sportive,Passy,2023-07-23,2023-07-25
13187,Conférence,Bourse,2023-07-13,2023-07-15
13188,Conférence,Buttes-Chaumont,2023-02-07,2023-02-10
13189,Conférence,Buttes-Montmartre,2023-01-21,2023-01-25
13190,Conférence,Louvre,2023-06-06,2023-06-09
13191,Salon,Temple,2023-03-25,2023-03-28
13192,Festival,Hôtel-de-Ville,2023-06-27,2023-07-01
13193,Salon,Gobelins,2023-07-11,2023-07-14
13194,Festival,Élysée,2023-09-22,2023-09-24
13195,Festival,Ménilmontant,2023-09-28,2023-10-01
13196,Festival,Vaugirard,2023-08-13,2023-08-16
13197,Festival,Vaugirard,2023-06-30,2023-07-02
13198,Compétition Sportive,Panthéon,2023-09-16,2023-09-19
13199,Festival,Batignolles-Monceau,2023-12-09,2023-12-10
13200,Salon,Palais-Bourbon,2023-01-22,2023-01-24
13201,Festival,Vaugirard,2023-10-22,2023-10-24
13202,Compétition Sportive,Batignolles-Monceau,2023-09-22,2023-09-25
13203,Salon,Vaugirard,2023-01-12,2023-01-14
13204,Concert,Panthéon,2023-02-03,2023-02-05
13205,Salon,Entrepôt,2023-10-28,2023-10-30
13206,Compétition Sportive,Popincourt,2023-12-19,2023-12-20
13207,Compétition Sportive,Buttes-Chaumont,2023-09-08,2023-09-10
13208,Conférence,Popincourt,2023-11-02,2023-11-03
13209,Concert,Hôtel-de-Ville,2023-12-21,2023-12-22
13210,Festival,Passy,2023-06-05,2023-06-09
13211,Compétition Sportive,Reuilly,2023-10-22,2023-10-24
13212,Conférence,Bourse,2023-09-16,2023-09-18
13213,Conférence,Observatoire,2023-06-24,2023-06-27
13214,Festival,Popincourt,2023-01-12,2023-01-13
13215,Salon,Opéra,2023-02-12,2023-02-14
13216,Concert,Élysée,2023-11-29,2023-12-01
13217,Festival,Buttes-Chaumont,2023-07-14,2023-07-15
13218,Festival,Entrepôt,2023-10-01,2023-10-02
13219,Salon,Louvre,2023-04-21,2023-04-25
13220,Salon,Bourse,2023-03-31,2023-04-04
13221,Compétition Sportive,Gobelins,2023-09-23,2023-09-27
13222,Salon,Louvre,2023-09-17,2023-09-19
13223,Salon,Entrepôt,2023-12-23,2023-12-27
13224,Concert,Panthéon,2023-09-25,2023-09-26
13225,Concert,Gobelins,2023-02-22,2023-02-24
13226,Concert,Bourse,2023-06-28,2023-06-30
13227,Festival,Hôtel-de-Ville,2023-09-29,2023-09-30
13228,Concert,Bourse,2023-05-25,2023-05-27
13229,Concert,Popincourt,2023-12-17,2023-12-19
13230,Conférence,Observatoire,2023-09-15,2023-09-16
13231,Concert,Palais-Bourbon,2023-01-29,2023-02-01
13232,Festival,Hôtel-de-Ville,2023-12-16,2023-12-20
13233,Conférence,Panthéon,2023-06-24,2023-06-26
13234,Festival,Ménilmontant,2023-12-23,2023-12-25
13235,Festival,Hôtel-de-Ville,2023-06-11,2023-06-12
13236,Conférence,Louvre,2023-08-19,2023-08-20
13237,Conférence,Buttes-Montmartre,2023-01-29,2023-01-30
13238,Conférence,Popincourt,2023-05-01,2023-05-02
13239,Conférence,Entrepôt,2023-06-26,2023-06-27
13240,Festival,Bourse,2023-04-30,2023-05-03
13241,Conférence,Luxembourg,2023-12-13,2023-12-16
13242,Salon,Ménilmontant,2023-05-24,2023-05-26
13243,Concert,Bourse,2023-12-03,2023-12-05
13244,Concert,Palais-Bourbon,2023-07-22,2023-07-25
13245,Salon,Gobelins,2023-09-26,2023-09-29
13246,Festival,Bourse,2023-02-21,2023-02-22
13247,Festival,Gobelins,2023-01-25,2023-01-27
13248,Concert,Reuilly,2023-08-20,2023-08-21
13249,Compétition Sportive,Entrepôt,2023-08-24,2023-08-25
13250,Salon,Palais-Bourbon,2023-08-27,2023-08-28
13251,Salon,Hôtel-de-Ville,2023-03-09,2023-03-11
13252,Concert,Luxembourg,2023-08-29,2023-09-02
13253,Conférence,Observatoire,2023-08-07,2023-08-09
13254,Compétition Sportive,Luxembourg,2023-04-28,2023-05-02
13255,Festival,Palais-Bourbon,2023-03-13,2023-03-14
13256,Festival,Bourse,2023-09-04,2023-09-08
13257,Festival,Hôtel-de-Ville,2023-03-13,2023-03-15
13258,Festival,Luxembourg,2023-10-12,2023-10-15
13259,Salon,Temple,2023-01-03,2023-01-04
13260,Salon,Palais-Bourbon,2023-10-04,2023-10-05
13261,Conférence,Hôtel-de-Ville,2023-05-21,2023-05-22
13262,Salon,Gobelins,2023-08-11,2023-08-12
13263,Conférence,Panthéon,2023-06-25,2023-06-29
13264,Conférence,Temple,2023-12-18,2023-12-19
13265,Festival,Panthéon,2023-10-07,2023-10-10
13266,Festival,Élysée,2023-09-15,2023-09-16
13267,Salon,Temple,2023-08-22,2023-08-24
13268,Salon,Entrepôt,2023-01-03,2023-01-05
13269,Conférence,Opéra,2023-06-03,2023-06-06
13270,Concert,Vaugirard,2023-01-02,2023-01-03
13271,Festival,Temple,2023-02-02,2023-02-06
13272,Compétition Sportive,Popincourt,2023-02-03,2023-02-06
13273,Concert,Passy,2023-12-12,2023-12-15
13274,Festival,Passy,2023-04-08,2023-04-10
13275,Festival,Batignolles-Monceau,2023-02-07,2023-02-08
13276,Salon,Gobelins,2023-05-07,2023-05-08
13277,Compétition Sportive,Palais-Bourbon,2023-07-25,2023-07-26
13278,Compétition Sportive,Ménilmontant,2023-08-11,2023-08-14
13279,Festival,Luxembourg,2023-05-28,2023-06-01
13280,Conférence,Palais-Bourbon,2023-05-18,2023-05-19
13281,Compétition Sportive,Buttes-Montmartre,2023-06-10,2023-06-13
13282,Concert,Luxembourg,2023-05-02,2023-05-05
13283,Conférence,Buttes-Montmartre,2023-02-14,2023-02-16
13284,Salon,Batignolles-Monceau,2023-03-01,2023-03-02
13285,Festival,Louvre,2023-08-26,2023-08-29
13286,Festival,Louvre,2023-07-08,2023-07-10
13287,Concert,Batignolles-Monceau,2023-06-28,2023-06-30
13288,Concert,Ménilmontant,2023-01-12,2023-01-13
13289,Salon,Vaugirard,2023-07-27,2023-07-31
13290,Salon,Opéra,2023-05-17,2023-05-21
13291,Compétition Sportive,Hôtel-de-Ville,2023-09-24,2023-09-26
13292,Conférence,Buttes-Chaumont,2023-05-29,2023-05-31
13293,Festival,Louvre,2023-07-23,2023-07-27
13294,Compétition Sportive,Observatoire,2023-07-15,2023-07-18
13295,Salon,Vaugirard,2023-10-09,2023-10-11
13296,Concert,Observatoire,2023-05-27,2023-05-30
13297,Compétition Sportive,Entrepôt,2023-09-30,2023-10-01
13298,Concert,Louvre,2023-09-08,2023-09-12
13299,Conférence,Temple,2023-06-21,2023-06-25
13300,Concert,Observatoire,2023-07-08,2023-07-11
13301,Festival,Ménilmontant,2023-05-09,2023-05-12
13302,Conférence,Reuilly,2023-08-28,2023-08-30
13303,Concert,Bourse,2023-07-19,2023-07-20
13304,Compétition Sportive,Bourse,2023-12-16,2023-12-20
13305,Festival,Batignolles-Monceau,2023-05-01,2023-05-05
13306,Festival,Luxembourg,2023-04-25,2023-04-27
13307,Salon,Buttes-Chaumont,2023-02-10,2023-02-13
13308,Salon,Hôtel-de-Ville,2023-06-01,2023-06-04
13309,Compétition Sportive,Bourse,2023-06-20,2023-06-23
13310,Salon,Opéra,2023-12-03,2023-12-04
13311,Concert,Élysée,2023-04-04,2023-04-08
13312,Salon,Vaugirard,2023-04-26,2023-04-30
13313,Festival,Palais-Bourbon,2023-08-23,2023-08-27
13314,Compétition Sportive,Luxembourg,2023-09-22,2023-09-23
13315,Concert,Panthéon,2023-08-06,2023-08-07
13316,Festival,Ménilmontant,2023-06-09,2023-06-11
13317,Festival,Ménilmontant,2023-08-07,2023-08-09
13318,Conférence,Passy,2023-01-11,2023-01-15
13319,Salon,Élysée,2023-04-26,2023-04-28
13320,Concert,Ménilmontant,2023-08-17,2023-08-19
13321,Compétition Sportive,Entrepôt,2023-10-01,2023-10-05
13322,Compétition Sportive,Luxembourg,2023-01-08,2023-01-12
13323,Compétition Sportive,Entrepôt,2023-10-10,2023-10-11
13324,Conférence,Entrepôt,2023-07-29,2023-07-30
13325,Concert,Luxembourg,2023-09-22,2023-09-26
13326,Festival,Buttes-Montmartre,2023-01-02,2023-01-05
13327,Conférence,Panthéon,2023-03-22,2023-03-23
13328,Salon,Panthéon,2023-10-29,2023-10-31
13329,Festival,Passy,2023-07-17,2023-07-21
13330,Compétition Sportive,Opéra,2023-05-20,2023-05-22
13331,Salon,Temple,2023-06-21,2023-06-23
13332,Concert,Batignolles-Monceau,2023-12-21,2023-12-22
13333,Concert,Observatoire,2023-06-07,2023-06-11
13334,Conférence,Buttes-Chaumont,2023-02-21,2023-02-22
13335,Concert,Buttes-Montmartre,2023-10-30,2023-10-31
13336,Compétition Sportive,Entrepôt,2023-02-05,2023-02-06
13337,Conférence,Entrepôt,2023-03-11,2023-03-13
13338,Conférence,Passy,2023-10-15,2023-10-16
13339,Compétition Sportive,Buttes-Chaumont,2023-08-14,2023-08-17
13340,Concert,Gobelins,2023-10-27,2023-10-31
13341,Salon,Popincourt,2023-03-12,2023-03-15
13342,Conférence,Buttes-Chaumont,2023-12-18,2023-12-19
13343,Salon,Opéra,2023-05-25,2023-05-29
13344,Salon,Observatoire,2023-06-09,2023-06-12
13345,Salon,Gobelins,2023-01-14,2023-01-15
13346,Salon,Panthéon,2023-05-21,2023-05-25
13347,Compétition Sportive,Observatoire,2023-05-08,2023-05-11
13348,Festival,Hôtel-de-Ville,2023-08-05,2023-08-09
13349,Concert,Temple,2023-09-25,2023-09-29
13350,Festival,Ménilmontant,2023-06-22,2023-06-23
13351,Festival,Hôtel-de-Ville,2023-05-24,2023-05-25
13352,Conférence,Louvre,2023-11-04,2023-11-05
13353,Festival,Luxembourg,2023-05-29,2023-06-02
13354,Festival,Élysée,2023-01-24,2023-01-26
13355,Compétition Sportive,Gobelins,2023-02-12,2023-02-15
13356,Salon,Élysée,2023-05-03,2023-05-06
13357,Festival,Popincourt,2023-04-21,2023-04-25
13358,Festival,Luxembourg,2023-10-16,2023-10-17
13359,Conférence,Opéra,2023-06-08,2023-06-10
13360,Concert,Passy,2023-01-09,2023-01-13
13361,Conférence,Passy,2023-08-29,2023-09-02
13362,Concert,Bourse,2023-02-04,2023-02-06
13363,Concert,Opéra,2023-01-08,2023-01-12
13364,Concert,Élysée,2023-11-27,2023-12-01
13365,Compétition Sportive,Temple,2023-05-25,2023-05-29
13366,Compétition Sportive,Opéra,2023-03-21,2023-03-23
13367,Salon,Palais-Bourbon,2023-01-20,2023-01-22
13368,Concert,Buttes-Montmartre,2023-09-05,2023-09-09
13369,Compétition Sportive,Hôtel-de-Ville,2023-11-30,2023-12-03
13370,Compétition Sportive,Panthéon,2023-01-22,2023-01-24
13371,Festival,Luxembourg,2023-03-12,2023-03-15
13372,Concert,Passy,2023-07-28,2023-08-01
13373,Conférence,Gobelins,2023-03-18,2023-03-19
13374,Festival,Gobelins,2023-03-22,2023-03-23
13375,Compétition Sportive,Batignolles-Monceau,2023-09-05,2023-09-06
13376,Compétition Sportive,Vaugirard,2023-07-27,2023-07-31
13377,Compétition Sportive,Élysée,2023-06-08,2023-06-10
13378,Compétition Sportive,Reuilly,2023-12-07,2023-12-10
13379,Conférence,Reuilly,2023-05-21,2023-05-24
13380,Salon,Vaugirard,2023-04-23,2023-04-25
13381,Salon,Popincourt,2023-09-10,2023-09-13
13382,Concert,Palais-Bourbon,2023-01-29,2023-02-02
13383,Compétition Sportive,Reuilly,2023-05-18,2023-05-20
13384,Concert,Luxembourg,2023-05-03,2023-05-05
13385,Conférence,Louvre,2023-12-29,2023-12-31
13386,Concert,Louvre,2023-03-18,2023-03-21
13387,Salon,Temple,2023-02-04,2023-02-06
13388,Salon,Gobelins,2023-11-06,2023-11-08
13389,Salon,Observatoire,2023-06-07,2023-06-08
13390,Concert,Élysée,2023-06-23,2023-06-24
13391,Compétition Sportive,Observatoire,2023-08-23,2023-08-25
13392,Festival,Opéra,2023-10-25,2023-10-27
13393,Salon,Élysée,2023-07-18,2023-07-19
13394,Concert,Buttes-Montmartre,2023-06-26,2023-06-30
13395,Festival,Palais-Bourbon,2023-07-27,2023-07-28
13396,Salon,Bourse,2023-03-10,2023-03-14
13397,Salon,Vaugirard,2023-05-14,2023-05-18
13398,Conférence,Palais-Bourbon,2023-01-03,2023-01-06
13399,Salon,Batignolles-Monceau,2023-11-05,2023-11-09
13400,Festival,Ménilmontant,2023-01-10,2023-01-13
13401,Festival,Opéra,2023-01-24,2023-01-25
13402,Compétition Sportive,Panthéon,2023-04-22,2023-04-26
13403,Festival,Entrepôt,2023-12-06,2023-12-10
13404,Concert,Entrepôt,2023-10-05,2023-10-08
13405,Concert,Temple,2023-11-13,2023-11-16
13406,Salon,Observatoire,2023-08-10,2023-08-14
13407,Compétition Sportive,Palais-Bourbon,2023-11-19,2023-11-22
13408,Salon,Hôtel-de-Ville,2023-09-17,2023-09-21
13409,Compétition Sportive,Opéra,2023-06-28,2023-06-30
13410,Conférence,Buttes-Chaumont,2023-01-04,2023-01-05
13411,Compétition Sportive,Buttes-Chaumont,2023-10-22,2023-10-25
13412,Conférence,Élysée,2023-01-31,2023-02-01
13413,Conférence,Passy,2023-07-20,2023-07-22
13414,Salon,Reuilly,2023-01-30,2023-02-03
13415,Concert,Opéra,2023-09-02,2023-09-05
13416,Compétition Sportive,Luxembourg,2023-12-15,2023-12-19
13417,Salon,Palais-Bourbon,2023-06-16,2023-06-20
13418,Conférence,Panthéon,2023-04-09,2023-04-11
13419,Conférence,Palais-Bourbon,2023-01-25,2023-01-29
13420,Festival,Popincourt,2023-09-06,2023-09-08
13421,Festival,Batignolles-Monceau,2023-02-27,2023-03-02
13422,Compétition Sportive,Luxembourg,2023-08-17,2023-08-19
13423,Concert,Louvre,2023-06-13,2023-06-14
13424,Festival,Entrepôt,2023-04-16,2023-04-20
13425,Conférence,Observatoire,2023-10-29,2023-10-31
13426,Salon,Popincourt,2023-12-11,2023-12-13
13427,Concert,Opéra,2023-10-04,2023-10-08
13428,Compétition Sportive,Ménilmontant,2023-07-21,2023-07-24
13429,Salon,Passy,2023-10-22,2023-10-23
13430,Compétition Sportive,Vaugirard,2023-04-09,2023-04-10
13431,Salon,Passy,2023-08-21,2023-08-24
13432,Salon,Buttes-Chaumont,2023-01-31,2023-02-04
13433,Concert,Temple,2023-11-19,2023-11-22
13434,Compétition Sportive,Élysée,2023-03-06,2023-03-09
13435,Festival,Popincourt,2023-06-22,2023-06-23
13436,Salon,Panthéon,2023-06-16,2023-06-19
13437,Salon,Gobelins,2023-08-24,2023-08-28
13438,Festival,Ménilmontant,2023-03-28,2023-03-31
13439,Concert,Élysée,2023-12-27,2023-12-28
13440,Concert,Vaugirard,2023-08-30,2023-09-02
13441,Concert,Panthéon,2023-08-05,2023-08-08
13442,Conférence,Observatoire,2023-05-21,2023-05-25
13443,Conférence,Opéra,2023-04-08,2023-04-10
13444,Concert,Temple,2023-06-06,2023-06-08
13445,Concert,Élysée,2023-11-13,2023-11-14
13446,Festival,Louvre,2023-12-17,2023-12-21
13447,Conférence,Passy,2023-03-13,2023-03-17
13448,Compétition Sportive,Palais-Bourbon,2023-09-25,2023-09-27
13449,Concert,Opéra,2023-11-08,2023-11-11
13450,Concert,Hôtel-de-Ville,2023-08-13,2023-08-14
13451,Concert,Passy,2023-12-16,2023-12-19
13452,Salon,Gobelins,2023-10-24,2023-10-28
13453,Conférence,Observatoire,2023-05-01,2023-05-05
13454,Compétition Sportive,Observatoire,2023-12-02,2023-12-04
13455,Salon,Bourse,2023-09-08,2023-09-10
13456,Salon,Vaugirard,2023-06-09,2023-06-11
13457,Compétition Sportive,Louvre,2023-11-18,2023-11-22
13458,Compétition Sportive,Buttes-Montmartre,2023-05-28,2023-05-31
13459,Compétition Sportive,Opéra,2023-02-26,2023-03-02
13460,Compétition Sportive,Gobelins,2023-03-03,2023-03-04
13461,Compétition Sportive,Popincourt,2023-03-27,2023-03-31
13462,Concert,Vaugirard,2023-06-25,2023-06-29
13463,Compétition Sportive,Bourse,2023-07-30,2023-08-02
13464,Compétition Sportive,Luxembourg,2023-05-15,2023-05-17
13465,Conférence,Luxembourg,2023-03-08,2023-03-09
13466,Concert,Ménilmontant,2023-11-02,2023-11-05
13467,Salon,Temple,2023-09-09,2023-09-10
13468,Concert,Observatoire,2023-10-17,2023-10-20
13469,Festival,Élysée,2023-04-15,2023-04-17
13470,Compétition Sportive,Passy,2023-12-09,2023-12-13
13471,Salon,Temple,2023-03-10,2023-03-11
13472,Festival,Buttes-Chaumont,2023-12-29,2024-01-01
13473,Salon,Opéra,2023-11-19,2023-11-20
13474,Concert,Palais-Bourbon,2023-03-29,2023-04-01
13475,Festival,Palais-Bourbon,2023-08-07,2023-08-11
13476,Compétition Sportive,Bourse,2023-06-11,2023-06-14
13477,Compétition Sportive,Buttes-Chaumont,2023-04-25,2023-04-29
13478,Festival,Temple,2023-10-26,2023-10-27
13479,Concert,Opéra,2023-01-21,2023-01-24
13480,Festival,Louvre,2023-01-12,2023-01-13
13481,Concert,Buttes-Montmartre,2023-02-01,2023-02-05
13482,Salon,Luxembourg,2023-06-24,2023-06-26
13483,Concert,Hôtel-de-Ville,2023-12-20,2023-12-23
13484,Festival,Passy,2023-03-28,2023-03-31
13485,Festival,Buttes-Chaumont,2023-11-07,2023-11-09
13486,Salon,Observatoire,2023-11-20,2023-11-21
13487,Festival,Vaugirard,2023-09-30,2023-10-03
13488,Conférence,Observatoire,2023-10-09,2023-10-10
13489,Festival,Observatoire,2023-12-17,2023-12-21
13490,Conférence,Bourse,2023-12-25,2023-12-26
13491,Festival,Gobelins,2023-12-23,2023-12-27
13492,Festival,Buttes-Montmartre,2023-12-26,2023-12-29
13493,Salon,Hôtel-de-Ville,2023-06-10,2023-06-14
13494,Conférence,Passy,2023-07-11,2023-07-14
13495,Salon,Buttes-Montmartre,2023-05-18,2023-05-22
13496,Conférence,Palais-Bourbon,2023-12-22,2023-12-24
13497,Conférence,Buttes-Montmartre,2023-04-20,2023-04-21
13498,Compétition Sportive,Entrepôt,2023-02-20,2023-02-24
13499,Conférence,Luxembourg,2023-10-17,2023-10-19
13500,Salon,Élysée,2023-06-18,2023-06-20
13501,Salon,Panthéon,2023-12-23,2023-12-25
13502,Concert,Reuilly,2023-10-21,2023-10-22
13503,Festival,Louvre,2023-02-17,2023-02-21
13504,Compétition Sportive,Panthéon,2023-01-28,2023-01-29
13505,Festival,Opéra,2023-08-24,2023-08-28
13506,Salon,Louvre,2023-03-17,2023-03-19
13507,Compétition Sportive,Buttes-Chaumont,2023-11-17,2023-11-19
13508,Conférence,Ménilmontant,2023-03-01,2023-03-03
13509,Salon,Louvre,2023-08-13,2023-08-14
13510,Salon,Vaugirard,2023-09-26,2023-09-28
13511,Salon,Buttes-Montmartre,2023-02-21,2023-02-24
13512,Salon,Hôtel-de-Ville,2023-04-11,2023-04-14
13513,Compétition Sportive,Vaugirard,2023-12-26,2023-12-28
13514,Festival,Entrepôt,2023-10-26,2023-10-27
13515,Festival,Batignolles-Monceau,2023-08-08,2023-08-10
13516,Conférence,Entrepôt,2023-09-07,2023-09-11
13517,Salon,Gobelins,2023-07-31,2023-08-03
13518,Salon,Panthéon,2023-02-11,2023-02-15
13519,Festival,Ménilmontant,2023-11-19,2023-11-21
13520,Conférence,Bourse,2023-11-21,2023-11-23
13521,Concert,Buttes-Chaumont,2023-12-01,2023-12-05
13522,Compétition Sportive,Batignolles-Monceau,2023-04-20,2023-04-23
13523,Festival,Gobelins,2023-04-27,2023-04-28
13524,Compétition Sportive,Élysée,2023-03-10,2023-03-13
13525,Festival,Batignolles-Monceau,2023-04-08,2023-04-10
13526,Conférence,Ménilmontant,2023-09-07,2023-09-11
13527,Salon,Buttes-Montmartre,2023-07-05,2023-07-06
13528,Concert,Entrepôt,2023-08-19,2023-08-20
13529,Compétition Sportive,Entrepôt,2023-10-29,2023-10-30
13530,Concert,Reuilly,2023-12-09,2023-12-12
13531,Salon,Opéra,2023-09-30,2023-10-01
13532,Festival,Panthéon,2023-11-20,2023-11-24
13533,Conférence,Hôtel-de-Ville,2023-08-10,2023-08-11
13534,Salon,Reuilly,2023-08-28,2023-08-31
13535,Concert,Buttes-Chaumont,2023-10-13,2023-10-14
13536,Concert,Temple,2023-12-17,2023-12-21
13537,Concert,Gobelins,2023-03-02,2023-03-06
13538,Festival,Luxembourg,2023-07-12,2023-07-15
13539,Concert,Hôtel-de-Ville,2023-07-13,2023-07-16
13540,Festival,Observatoire,2023-10-28,2023-11-01
13541,Concert,Louvre,2023-02-09,2023-02-13
13542,Compétition Sportive,Temple,2023-11-13,2023-11-17
13543,Compétition Sportive,Observatoire,2023-10-24,2023-10-28
13544,Salon,Bourse,2023-07-21,2023-07-24
13545,Salon,Buttes-Montmartre,2023-03-29,2023-03-31
13546,Conférence,Vaugirard,2023-06-19,2023-06-21
13547,Concert,Buttes-Chaumont,2023-07-09,2023-07-10
13548,Concert,Opéra,2023-04-29,2023-05-03
13549,Festival,Luxembourg,2023-03-21,2023-03-22
13550,Salon,Temple,2023-04-15,2023-04-18
13551,Compétition Sportive,Élysée,2023-02-07,2023-02-08
13552,Festival,Panthéon,2023-08-24,2023-08-25
13553,Compétition Sportive,Vaugirard,2023-06-26,2023-06-27
13554,Festival,Reuilly,2023-08-22,2023-08-23
13555,Salon,Reuilly,2023-08-23,2023-08-25
13556,Concert,Batignolles-Monceau,2023-08-21,2023-08-23
13557,Concert,Louvre,2023-12-21,2023-12-25
13558,Salon,Palais-Bourbon,2023-08-10,2023-08-14
13559,Compétition Sportive,Vaugirard,2023-09-18,2023-09-19
13560,Conférence,Panthéon,2023-12-23,2023-12-27
13561,Conférence,Batignolles-Monceau,2023-05-19,2023-05-20
13562,Salon,Observatoire,2023-01-04,2023-01-05
13563,Festival,Palais-Bourbon,2023-12-23,2023-12-26
13564,Concert,Panthéon,2023-03-02,2023-03-04
13565,Compétition Sportive,Buttes-Chaumont,2023-05-04,2023-05-05
13566,Conférence,Buttes-Chaumont,2023-07-22,2023-07-25
13567,Concert,Gobelins,2023-01-12,2023-01-14
13568,Salon,Bourse,2023-11-01,2023-11-05
13569,Concert,Temple,2023-04-21,2023-04-25
13570,Conférence,Passy,2023-10-11,2023-10-13
13571,Compétition Sportive,Luxembourg,2023-09-04,2023-09-06
13572,Festival,Luxembourg,2023-08-06,2023-08-07
13573,Festival,Buttes-Montmartre,2023-10-17,2023-10-21
13574,Concert,Luxembourg,2023-07-12,2023-07-14
13575,Festival,Gobelins,2023-09-19,2023-09-20
13576,Conférence,Luxembourg,2023-06-01,2023-06-02
13577,Compétition Sportive,Observatoire,2023-02-03,2023-02-05
13578,Festival,Panthéon,2023-03-13,2023-03-14
13579,Festival,Observatoire,2023-01-16,2023-01-19
13580,Salon,Popincourt,2023-03-21,2023-03-24
13581,Festival,Palais-Bourbon,2023-09-29,2023-10-02
13582,Festival,Élysée,2023-03-25,2023-03-29
13583,Conférence,Opéra,2023-05-22,2023-05-24
13584,Festival,Entrepôt,2023-05-02,2023-05-05
13585,Salon,Louvre,2023-11-11,2023-11-15
13586,Salon,Gobelins,2023-07-09,2023-07-11
13587,Salon,Buttes-Montmartre,2023-08-06,2023-08-07
13588,Festival,Bourse,2023-07-08,2023-07-09
13589,Concert,Batignolles-Monceau,2023-10-09,2023-10-11
13590,Concert,Opéra,2023-08-05,2023-08-07
13591,Conférence,Entrepôt,2023-10-02,2023-10-03
13592,Concert,Luxembourg,2023-11-01,2023-11-03
13593,Conférence,Popincourt,2023-08-31,2023-09-04
13594,Conférence,Luxembourg,2023-07-28,2023-07-30
13595,Salon,Batignolles-Monceau,2023-01-30,2023-01-31
13596,Compétition Sportive,Gobelins,2023-02-26,2023-03-02
13597,Conférence,Panthéon,2023-03-26,2023-03-30
13598,Festival,Buttes-Montmartre,2023-10-19,2023-10-22
13599,Salon,Observatoire,2023-06-17,2023-06-18
13600,Festival,Élysée,2023-10-11,2023-10-12
13601,Festival,Bourse,2023-04-07,2023-04-11
13602,Concert,Vaugirard,2023-06-23,2023-06-25
13603,Festival,Opéra,2023-07-29,2023-07-31
13604,Conférence,Temple,2023-08-04,2023-08-05
13605,Festival,Entrepôt,2023-02-01,2023-02-02
13606,Festival,Luxembourg,2023-03-28,2023-03-31
13607,Concert,Ménilmontant,2023-11-28,2023-11-29
13608,Festival,Vaugirard,2023-08-14,2023-08-18
13609,Conférence,Élysée,2023-06-03,2023-06-04
13610,Conférence,Opéra,2023-11-22,2023-11-26
13611,Festival,Buttes-Chaumont,2023-07-16,2023-07-20
13612,Conférence,Popincourt,2023-03-28,2023-04-01
13613,Conférence,Entrepôt,2023-06-27,2023-06-28
13614,Concert,Louvre,2023-03-20,2023-03-23
13615,Salon,Passy,2023-02-01,2023-02-05
13616,Salon,Hôtel-de-Ville,2023-07-05,2023-07-09
13617,Compétition Sportive,Luxembourg,2023-03-05,2023-03-06
13618,Salon,Bourse,2023-11-29,2023-12-03
13619,Festival,Luxembourg,2023-08-21,2023-08-24
13620,Conférence,Opéra,2023-06-05,2023-06-08
13621,Salon,Buttes-Chaumont,2023-12-19,2023-12-23
13622,Concert,Vaugirard,2023-07-27,2023-07-28
13623,Compétition Sportive,Passy,2023-10-22,2023-10-26
13624,Festival,Panthéon,2023-07-27,2023-07-30
13625,Salon,Élysée,2023-10-28,2023-10-30
13626,Conférence,Buttes-Montmartre,2023-05-21,2023-05-24
13627,Concert,Élysée,2023-02-27,2023-03-01
13628,Salon,Luxembourg,2023-07-22,2023-07-24
13629,Conférence,Palais-Bourbon,2023-12-13,2023-12-15
13630,Salon,Buttes-Chaumont,2023-07-27,2023-07-31
13631,Festival,Observatoire,2023-11-29,2023-11-30
13632,Compétition Sportive,Buttes-Chaumont,2023-05-27,2023-05-28
13633,Conférence,Popincourt,2023-11-07,2023-11-11
13634,Compétition Sportive,Gobelins,2023-09-08,2023-09-11
13635,Compétition Sportive,Hôtel-de-Ville,2023-12-28,2024-01-01
13636,Concert,Bourse,2023-02-08,2023-02-09
13637,Conférence,Entrepôt,2023-05-25,2023-05-28
13638,Concert,Observatoire,2023-11-12,2023-11-13
13639,Compétition Sportive,Reuilly,2023-10-25,2023-10-29
13640,Festival,Palais-Bourbon,2023-02-19,2023-02-23
13641,Festival,Vaugirard,2023-03-08,2023-03-12
13642,Salon,Bourse,2023-01-01,2023-01-05
13643,Salon,Observatoire,2023-05-13,2023-05-16
13644,Conférence,Reuilly,2023-12-19,2023-12-20
13645,Festival,Buttes-Montmartre,2023-03-28,2023-03-31
13646,Compétition Sportive,Gobelins,2023-05-26,2023-05-30
13647,Festival,Hôtel-de-Ville,2023-03-09,2023-03-11
13648,Conférence,Passy,2023-12-27,2023-12-30
13649,Salon,Élysée,2023-04-07,2023-04-09
13650,Salon,Gobelins,2023-10-05,2023-10-07
13651,Concert,Passy,2023-10-13,2023-10-16
13652,Salon,Passy,2023-03-31,2023-04-02
13653,Compétition Sportive,Buttes-Chaumont,2023-09-14,2023-09-15
13654,Conférence,Batignolles-Monceau,2023-03-11,2023-03-14
13655,Salon,Buttes-Montmartre,2023-03-22,2023-03-23
13656,Salon,Palais-Bourbon,2023-08-11,2023-08-15
13657,Compétition Sportive,Opéra,2023-11-03,2023-11-04
13658,Salon,Passy,2023-11-20,2023-11-24
13659,Compétition Sportive,Opéra,2023-03-15,2023-03-19
13660,Salon,Reuilly,2023-07-08,2023-07-11
13661,Compétition Sportive,Bourse,2023-06-25,2023-06-29
13662,Salon,Palais-Bourbon,2023-11-05,2023-11-06
13663,Conférence,Élysée,2023-12-25,2023-12-29
13664,Concert,Ménilmontant,2023-10-17,2023-10-20
13665,Concert,Ménilmontant,2023-08-02,2023-08-06
13666,Festival,Vaugirard,2023-12-08,2023-12-12
13667,Concert,Opéra,2023-05-15,2023-05-18
13668,Compétition Sportive,Temple,2023-02-08,2023-02-09
13669,Compétition Sportive,Ménilmontant,2023-10-20,2023-10-23
13670,Concert,Buttes-Montmartre,2023-03-04,2023-03-07
13671,Compétition Sportive,Popincourt,2023-09-28,2023-10-01
13672,Conférence,Gobelins,2023-07-30,2023-08-03
13673,Compétition Sportive,Gobelins,2023-03-15,2023-03-16
13674,Conférence,Observatoire,2023-12-23,2023-12-27
13675,Conférence,Passy,2023-04-11,2023-04-15
13676,Conférence,Luxembourg,2023-07-09,2023-07-12
13677,Salon,Vaugirard,2023-04-24,2023-04-28
13678,Festival,Buttes-Montmartre,2023-11-20,2023-11-22
13679,Compétition Sportive,Passy,2023-04-20,2023-04-24
13680,Salon,Buttes-Chaumont,2023-03-02,2023-03-06
13681,Festival,Luxembourg,2023-10-08,2023-10-10
13682,Salon,Élysée,2023-06-05,2023-06-09
13683,Compétition Sportive,Louvre,2023-08-29,2023-09-02
13684,Conférence,Temple,2023-07-29,2023-07-31
13685,Salon,Luxembourg,2023-08-28,2023-08-29
13686,Festival,Palais-Bourbon,2023-10-18,2023-10-19
13687,Festival,Gobelins,2023-12-05,2023-12-06
13688,Festival,Bourse,2023-08-22,2023-08-25
13689,Salon,Ménilmontant,2023-09-03,2023-09-06
13690,Festival,Opéra,2023-06-16,2023-06-17
13691,Concert,Observatoire,2023-11-11,2023-11-15
13692,Festival,Batignolles-Monceau,2023-03-06,2023-03-07
13693,Festival,Temple,2023-05-09,2023-05-11
13694,Salon,Popincourt,2023-04-30,2023-05-02
13695,Compétition Sportive,Vaugirard,2023-08-21,2023-08-25
13696,Salon,Temple,2023-10-28,2023-10-30
13697,Salon,Passy,2023-01-19,2023-01-21
13698,Concert,Hôtel-de-Ville,2023-06-25,2023-06-26
13699,Compétition Sportive,Temple,2023-07-20,2023-07-21
13700,Salon,Entrepôt,2023-09-27,2023-09-29
13701,Concert,Louvre,2023-03-08,2023-03-10
13702,Salon,Buttes-Montmartre,2023-06-07,2023-06-11
13703,Concert,Élysée,2023-08-21,2023-08-23
13704,Conférence,Temple,2023-04-26,2023-04-27
13705,Festival,Gobelins,2023-07-12,2023-07-13
13706,Festival,Reuilly,2023-11-21,2023-11-22
13707,Salon,Temple,2023-08-03,2023-08-06
13708,Concert,Luxembourg,2023-01-06,2023-01-07
13709,Conférence,Observatoire,2023-03-25,2023-03-28
13710,Festival,Observatoire,2023-02-15,2023-02-16
13711,Salon,Hôtel-de-Ville,2023-02-11,2023-02-12
13712,Salon,Louvre,2023-07-19,2023-07-23
13713,Concert,Popincourt,2023-07-08,2023-07-11
13714,Compétition Sportive,Passy,2023-01-31,2023-02-02
13715,Salon,Hôtel-de-Ville,2023-10-16,2023-10-18
13716,Conférence,Passy,2023-11-04,2023-11-08
13717,Conférence,Temple,2023-12-25,2023-12-29
13718,Compétition Sportive,Élysée,2023-10-15,2023-10-18
13719,Conférence,Panthéon,2023-02-23,2023-02-26
13720,Concert,Gobelins,2023-05-09,2023-05-13
13721,Salon,Reuilly,2023-12-28,2023-12-31
13722,Concert,Vaugirard,2023-05-13,2023-05-17
13723,Compétition Sportive,Temple,2023-01-08,2023-01-09
13724,Compétition Sportive,Ménilmontant,2023-03-11,2023-03-15
13725,Concert,Entrepôt,2023-11-15,2023-11-18
13726,Festival,Opéra,2023-01-10,2023-01-11
13727,Compétition Sportive,Ménilmontant,2023-08-26,2023-08-30
13728,Salon,Bourse,2023-07-09,2023-07-12
13729,Compétition Sportive,Palais-Bourbon,2023-10-23,2023-10-26
13730,Concert,Observatoire,2023-04-12,2023-04-15
13731,Concert,Opéra,2023-08-21,2023-08-25
13732,Conférence,Vaugirard,2023-12-02,2023-12-06
13733,Festival,Hôtel-de-Ville,2023-11-08,2023-11-10
13734,Concert,Vaugirard,2023-10-11,2023-10-15
13735,Conférence,Ménilmontant,2023-02-25,2023-03-01
13736,Conférence,Panthéon,2023-01-01,2023-01-04
13737,Salon,Buttes-Montmartre,2023-08-26,2023-08-27
13738,Conférence,Gobelins,2023-11-04,2023-11-06
13739,Festival,Panthéon,2023-07-29,2023-07-31
13740,Salon,Palais-Bourbon,2023-03-03,2023-03-05
13741,Concert,Observatoire,2023-08-19,2023-08-21
13742,Concert,Popincourt,2023-04-18,2023-04-20
13743,Conférence,Popincourt,2023-06-19,2023-06-21
13744,Compétition Sportive,Opéra,2023-06-24,2023-06-27
13745,Festival,Passy,2023-04-28,2023-05-01
13746,Festival,Entrepôt,2023-12-25,2023-12-29
13747,Conférence,Palais-Bourbon,2023-10-20,2023-10-22
13748,Festival,Batignolles-Monceau,2023-05-19,2023-05-23
13749,Salon,Opéra,2023-07-14,2023-07-16
13750,Conférence,Louvre,2023-01-29,2023-02-02
13751,Compétition Sportive,Reuilly,2023-09-17,2023-09-21
13752,Concert,Luxembourg,2023-05-19,2023-05-23
13753,Festival,Palais-Bourbon,2023-01-30,2023-01-31
13754,Concert,Louvre,2023-03-20,2023-03-21
13755,Compétition Sportive,Hôtel-de-Ville,2023-03-20,2023-03-22
13756,Compétition Sportive,Hôtel-de-Ville,2023-07-05,2023-07-06
13757,Salon,Panthéon,2023-06-09,2023-06-10
13758,Compétition Sportive,Buttes-Chaumont,2023-06-06,2023-06-09
13759,Compétition Sportive,Opéra,2023-04-23,2023-04-26
13760,Festival,Opéra,2023-10-26,2023-10-27
13761,Concert,Batignolles-Monceau,2023-03-26,2023-03-29
13762,Festival,Buttes-Montmartre,2023-08-18,2023-08-19
13763,Festival,Bourse,2023-02-08,2023-02-12
13764,Conférence,Gobelins,2023-12-18,2023-12-22
13765,Conférence,Entrepôt,2023-06-04,2023-06-08
13766,Salon,Élysée,2023-10-07,2023-10-10
13767,Salon,Bourse,2023-10-20,2023-10-22
13768,Compétition Sportive,Entrepôt,2023-11-17,2023-11-19
13769,Salon,Gobelins,2023-10-15,2023-10-19
13770,Salon,Luxembourg,2023-02-22,2023-02-23
13771,Compétition Sportive,Reuilly,2023-05-09,2023-05-10
13772,Concert,Buttes-Chaumont,2023-04-19,2023-04-20
13773,Compétition Sportive,Observatoire,2023-07-03,2023-07-06
13774,Compétition Sportive,Panthéon,2023-07-29,2023-07-30
13775,Concert,Passy,2023-06-06,2023-06-10
13776,Compétition Sportive,Hôtel-de-Ville,2023-01-06,2023-01-09
13777,Conférence,Buttes-Chaumont,2023-07-04,2023-07-06
13778,Salon,Palais-Bourbon,2023-04-05,2023-04-07
13779,Compétition Sportive,Élysée,2023-01-14,2023-01-16
13780,Festival,Opéra,2023-03-10,2023-03-13
13781,Salon,Ménilmontant,2023-07-09,2023-07-12
13782,Conférence,Entrepôt,2023-03-27,2023-03-29
13783,Conférence,Élysée,2023-02-20,2023-02-23
13784,Compétition Sportive,Buttes-Montmartre,2023-01-13,2023-01-16
13785,Concert,Louvre,2023-09-11,2023-09-12
13786,Festival,Entrepôt,2023-11-28,2023-12-01
13787,Compétition Sportive,Reuilly,2023-04-15,2023-04-19
13788,Concert,Palais-Bourbon,2023-05-12,2023-05-15
13789,Conférence,Passy,2023-02-07,2023-02-08
13790,Salon,Luxembourg,2023-05-12,2023-05-14
13791,Conférence,Gobelins,2023-06-07,2023-06-09
13792,Compétition Sportive,Buttes-Montmartre,2023-11-06,2023-11-07
13793,Concert,Gobelins,2023-03-06,2023-03-08
13794,Compétition Sportive,Passy,2023-07-08,2023-07-10
13795,Conférence,Passy,2023-10-06,2023-10-08
13796,Festival,Luxembourg,2023-08-15,2023-08-19
13797,Conférence,Gobelins,2023-07-28,2023-07-30
13798,Compétition Sportive,Reuilly,2023-11-12,2023-11-15
13799,Concert,Luxembourg,2023-02-25,2023-02-27
13800,Compétition Sportive,Reuilly,2023-04-10,2023-04-13
13801,Salon,Temple,2023-03-28,2023-03-31
13802,Salon,Ménilmontant,2023-10-17,2023-10-19
13803,Concert,Entrepôt,2023-08-18,2023-08-19
13804,Conférence,Ménilmontant,2023-06-18,2023-06-21
13805,Compétition Sportive,Élysée,2023-10-22,2023-10-23
13806,Salon,Panthéon,2023-08-02,2023-08-06
13807,Festival,Palais-Bourbon,2023-10-25,2023-10-27
13808,Salon,Luxembourg,2023-11-18,2023-11-20
13809,Conférence,Élysée,2023-05-28,2023-05-29
13810,Concert,Buttes-Chaumont,2023-09-27,2023-10-01
13811,Festival,Observatoire,2023-06-15,2023-06-18
13812,Compétition Sportive,Observatoire,2023-10-20,2023-10-23
13813,Compétition Sportive,Buttes-Chaumont,2023-10-20,2023-10-24
13814,Concert,Buttes-Chaumont,2023-01-12,2023-01-15
13815,Festival,Reuilly,2023-05-26,2023-05-29
13816,Festival,Élysée,2023-04-22,2023-04-26
13817,Festival,Élysée,2023-03-04,2023-03-06
13818,Concert,Temple,2023-07-30,2023-08-02
13819,Concert,Observatoire,2023-12-09,2023-12-13
13820,Compétition Sportive,Reuilly,2023-01-30,2023-02-01
13821,Salon,Hôtel-de-Ville,2023-12-08,2023-12-11
13822,Conférence,Luxembourg,2023-11-11,2023-11-13
13823,Compétition Sportive,Popincourt,2023-02-24,2023-02-28
13824,Festival,Passy,2023-07-17,2023-07-20
13825,Salon,Bourse,2023-11-02,2023-11-03
13826,Conférence,Panthéon,2023-07-16,2023-07-20
13827,Festival,Reuilly,2023-10-29,2023-11-01
13828,Concert,Observatoire,2023-02-04,2023-02-08
13829,Salon,Opéra,2023-07-18,2023-07-21
13830,Concert,Passy,2023-04-08,2023-04-09
13831,Conférence,Observatoire,2023-12-24,2023-12-26
13832,Conférence,Observatoire,2023-10-25,2023-10-28
13833,Festival,Gobelins,2023-01-19,2023-01-20
13834,Concert,Batignolles-Monceau,2023-06-22,2023-06-25
13835,Compétition Sportive,Vaugirard,2023-11-06,2023-11-10
13836,Compétition Sportive,Entrepôt,2023-07-11,2023-07-13
13837,Concert,Observatoire,2023-09-24,2023-09-27
13838,Conférence,Panthéon,2023-05-07,2023-05-09
13839,Salon,Observatoire,2023-04-19,2023-04-23
13840,Concert,Passy,2023-12-14,2023-12-18
13841,Festival,Buttes-Chaumont,2023-05-11,2023-05-13
13842,Compétition Sportive,Louvre,2023-10-07,2023-10-08
13843,Festival,Popincourt,2023-09-08,2023-09-12
13844,Salon,Panthéon,2023-11-08,2023-11-11
13845,Compétition Sportive,Buttes-Chaumont,2023-10-09,2023-10-12
13846,Compétition Sportive,Hôtel-de-Ville,2023-11-21,2023-11-25
13847,Compétition Sportive,Passy,2023-06-01,2023-06-02
13848,Festival,Observatoire,2023-06-21,2023-06-23
13849,Conférence,Gobelins,2023-06-03,2023-06-04
13850,Festival,Luxembourg,2023-11-23,2023-11-24
13851,Conférence,Bourse,2023-11-28,2023-11-29
13852,Concert,Buttes-Chaumont,2023-07-04,2023-07-08
13853,Compétition Sportive,Temple,2023-08-24,2023-08-26
13854,Festival,Reuilly,2023-10-19,2023-10-23
13855,Salon,Observatoire,2023-01-17,2023-01-19
13856,Salon,Observatoire,2023-07-27,2023-07-30
13857,Conférence,Entrepôt,2023-10-01,2023-10-02
13858,Conférence,Gobelins,2023-04-06,2023-04-10
13859,Compétition Sportive,Opéra,2023-11-18,2023-11-19
13860,Conférence,Reuilly,2023-04-23,2023-04-26
13861,Salon,Louvre,2023-05-18,2023-05-20
13862,Festival,Opéra,2023-10-22,2023-10-26
13863,Festival,Ménilmontant,2023-06-24,2023-06-26
13864,Conférence,Temple,2023-05-18,2023-05-21
13865,Conférence,Gobelins,2023-11-07,2023-11-11
13866,Salon,Entrepôt,2023-08-08,2023-08-12
13867,Concert,Bourse,2023-06-01,2023-06-04
13868,Festival,Reuilly,2023-05-06,2023-05-09
13869,Conférence,Élysée,2023-09-03,2023-09-06
13870,Compétition Sportive,Élysée,2023-02-09,2023-02-10
13871,Conférence,Gobelins,2023-07-10,2023-07-14
13872,Conférence,Luxembourg,2023-06-11,2023-06-13
13873,Festival,Opéra,2023-05-04,2023-05-08
13874,Conférence,Reuilly,2023-06-26,2023-06-30
13875,Compétition Sportive,Gobelins,2023-11-15,2023-11-16
13876,Compétition Sportive,Buttes-Chaumont,2023-12-27,2023-12-29
13877,Compétition Sportive,Hôtel-de-Ville,2023-09-22,2023-09-24
13878,Salon,Reuilly,2023-06-24,2023-06-28
13879,Compétition Sportive,Buttes-Chaumont,2023-08-09,2023-08-13
13880,Festival,Opéra,2023-06-22,2023-06-24
13881,Concert,Opéra,2023-08-21,2023-08-24
13882,Conférence,Louvre,2023-05-17,2023-05-19
13883,Conférence,Buttes-Chaumont,2023-08-21,2023-08-23
13884,Conférence,Passy,2023-08-27,2023-08-30
13885,Compétition Sportive,Luxembourg,2023-05-19,2023-05-22
13886,Compétition Sportive,Passy,2023-03-26,2023-03-30
13887,Compétition Sportive,Palais-Bourbon,2023-01-24,2023-01-25
13888,Concert,Popincourt,2023-09-14,2023-09-17
13889,Concert,Palais-Bourbon,2023-08-15,2023-08-16
13890,Concert,Popincourt,2023-11-13,2023-11-17
13891,Concert,Luxembourg,2023-12-07,2023-12-10
13892,Concert,Reuilly,2023-08-27,2023-08-31
13893,Conférence,Popincourt,2023-10-04,2023-10-08
13894,Conférence,Ménilmontant,2023-09-17,2023-09-18
13895,Concert,Palais-Bourbon,2023-08-13,2023-08-15
13896,Conférence,Batignolles-Monceau,2023-04-10,2023-04-14
13897,Concert,Reuilly,2023-02-27,2023-03-02
13898,Concert,Ménilmontant,2023-08-09,2023-08-10
13899,Concert,Bourse,2023-09-02,2023-09-04
13900,Conférence,Temple,2023-03-18,2023-03-20
13901,Salon,Temple,2023-08-06,2023-08-07
13902,Salon,Buttes-Chaumont,2023-07-23,2023-07-25
13903,Salon,Louvre,2023-05-16,2023-05-17
13904,Festival,Reuilly,2023-04-27,2023-04-29
13905,Salon,Palais-Bourbon,2023-03-01,2023-03-03
13906,Salon,Popincourt,2023-09-11,2023-09-15
13907,Salon,Vaugirard,2023-12-08,2023-12-11
13908,Compétition Sportive,Vaugirard,2023-01-09,2023-01-11
13909,Concert,Palais-Bourbon,2023-03-14,2023-03-16
13910,Conférence,Passy,2023-12-04,2023-12-07
13911,Compétition Sportive,Batignolles-Monceau,2023-01-17,2023-01-20
13912,Concert,Buttes-Chaumont,2023-01-07,2023-01-10
13913,Salon,Vaugirard,2023-04-13,2023-04-15
13914,Salon,Panthéon,2023-11-03,2023-11-07
13915,Compétition Sportive,Opéra,2023-12-14,2023-12-18
13916,Conférence,Louvre,2023-10-08,2023-10-11
13917,Compétition Sportive,Ménilmontant,2023-10-05,2023-10-06
13918,Compétition Sportive,Reuilly,2023-10-17,2023-10-19
13919,Concert,Opéra,2023-09-29,2023-10-03
13920,Festival,Gobelins,2023-09-29,2023-09-30
13921,Conférence,Ménilmontant,2023-10-21,2023-10-22
13922,Conférence,Temple,2023-12-08,2023-12-09
13923,Compétition Sportive,Ménilmontant,2023-12-15,2023-12-19
13924,Compétition Sportive,Reuilly,2023-06-09,2023-06-11
13925,Salon,Observatoire,2023-03-29,2023-03-31
13926,Compétition Sportive,Luxembourg,2023-12-27,2023-12-28
13927,Concert,Hôtel-de-Ville,2023-11-02,2023-11-04
13928,Salon,Observatoire,2023-07-04,2023-07-06
13929,Festival,Buttes-Montmartre,2023-02-07,2023-02-11
13930,Concert,Palais-Bourbon,2023-01-23,2023-01-24
13931,Conférence,Louvre,2023-03-30,2023-04-01
13932,Conférence,Luxembourg,2023-02-05,2023-02-08
13933,Concert,Luxembourg,2023-04-08,2023-04-10
13934,Compétition Sportive,Opéra,2023-12-19,2023-12-21
13935,Compétition Sportive,Observatoire,2023-04-15,2023-04-16
13936,Compétition Sportive,Gobelins,2023-04-27,2023-04-29
13937,Conférence,Ménilmontant,2023-10-19,2023-10-20
13938,Concert,Opéra,2023-07-31,2023-08-04
13939,Compétition Sportive,Popincourt,2023-11-06,2023-11-09
13940,Salon,Entrepôt,2023-03-20,2023-03-24
13941,Conférence,Élysée,2023-03-01,2023-03-05
13942,Concert,Palais-Bourbon,2023-05-22,2023-05-26
13943,Concert,Popincourt,2023-03-01,2023-03-04
13944,Concert,Observatoire,2023-11-12,2023-11-13
13945,Concert,Louvre,2023-01-22,2023-01-23
13946,Festival,Élysée,2023-03-06,2023-03-07
13947,Salon,Temple,2023-07-12,2023-07-15
13948,Festival,Hôtel-de-Ville,2023-04-12,2023-04-15
13949,Compétition Sportive,Reuilly,2023-08-04,2023-08-05
13950,Festival,Panthéon,2023-08-19,2023-08-20
13951,Festival,Ménilmontant,2023-05-05,2023-05-06
13952,Conférence,Observatoire,2023-12-08,2023-12-10
13953,Concert,Buttes-Montmartre,2023-01-04,2023-01-06
13954,Festival,Bourse,2023-08-05,2023-08-07
13955,Concert,Bourse,2023-07-26,2023-07-28
13956,Salon,Élysée,2023-04-14,2023-04-16
13957,Festival,Élysée,2023-09-20,2023-09-22
13958,Conférence,Panthéon,2023-06-04,2023-06-05
13959,Conférence,Luxembourg,2023-08-07,2023-08-11
13960,Compétition Sportive,Observatoire,2023-12-21,2023-12-24
13961,Festival,Reuilly,2023-07-08,2023-07-10
13962,Salon,Panthéon,2023-12-24,2023-12-28
13963,Concert,Élysée,2023-08-10,2023-08-12
13964,Festival,Luxembourg,2023-06-16,2023-06-20
13965,Compétition Sportive,Observatoire,2023-12-15,2023-12-16
13966,Conférence,Passy,2023-09-11,2023-09-14
13967,Festival,Panthéon,2023-09-18,2023-09-20
13968,Compétition Sportive,Passy,2023-12-04,2023-12-07
13969,Salon,Luxembourg,2023-03-31,2023-04-01
13970,Concert,Batignolles-Monceau,2023-11-07,2023-11-09
13971,Salon,Opéra,2023-09-08,2023-09-11
13972,Salon,Hôtel-de-Ville,2023-09-15,2023-09-18
13973,Concert,Buttes-Montmartre,2023-12-17,2023-12-19
13974,Festival,Hôtel-de-Ville,2023-09-10,2023-09-11
13975,Concert,Temple,2023-03-30,2023-04-02
13976,Compétition Sportive,Gobelins,2023-06-09,2023-06-11
13977,Salon,Luxembourg,2023-10-05,2023-10-07
13978,Concert,Opéra,2023-06-29,2023-07-02
13979,Conférence,Luxembourg,2023-07-21,2023-07-24
13980,Concert,Ménilmontant,2023-07-23,2023-07-26
13981,Concert,Reuilly,2023-01-21,2023-01-23
13982,Compétition Sportive,Temple,2023-07-09,2023-07-11
13983,Salon,Bourse,2023-01-15,2023-01-16
13984,Compétition Sportive,Panthéon,2023-01-11,2023-01-15
13985,Compétition Sportive,Luxembourg,2023-02-15,2023-02-19
13986,Conférence,Buttes-Montmartre,2023-03-12,2023-03-16
13987,Compétition Sportive,Luxembourg,2023-09-07,2023-09-10
13988,Compétition Sportive,Observatoire,2023-02-09,2023-02-10
13989,Conférence,Élysée,2023-08-26,2023-08-30
13990,Festival,Gobelins,2023-11-22,2023-11-23
13991,Compétition Sportive,Bourse,2023-02-15,2023-02-16
13992,Concert,Palais-Bourbon,2023-03-13,2023-03-17
13993,Compétition Sportive,Hôtel-de-Ville,2023-10-19,2023-10-23
13994,Salon,Hôtel-de-Ville,2023-11-08,2023-11-12
13995,Concert,Batignolles-Monceau,2023-05-20,2023-05-23
13996,Concert,Élysée,2023-03-18,2023-03-19
13997,Festival,Panthéon,2023-10-02,2023-10-03
13998,Salon,Palais-Bourbon,2023-05-30,2023-06-01
13999,Salon,Louvre,2023-01-12,2023-01-15
14000,Salon,Ménilmontant,2023-10-15,2023-10-17
14001,Compétition Sportive,Entrepôt,2023-02-07,2023-02-08
14002,Compétition Sportive,Hôtel-de-Ville,2023-02-07,2023-02-11
14003,Concert,Popincourt,2023-07-28,2023-07-30
14004,Festival,Observatoire,2023-12-02,2023-12-03
14005,Compétition Sportive,Palais-Bourbon,2023-01-12,2023-01-16
14006,Compétition Sportive,Louvre,2023-12-23,2023-12-25
14007,Festival,Luxembourg,2023-02-15,2023-02-18
14008,Salon,Opéra,2023-12-02,2023-12-03
14009,Concert,Reuilly,2023-03-10,2023-03-13
14010,Compétition Sportive,Palais-Bourbon,2023-03-12,2023-03-15
14011,Festival,Buttes-Montmartre,2023-09-06,2023-09-07
14012,Festival,Hôtel-de-Ville,2023-08-07,2023-08-10
14013,Salon,Temple,2023-10-09,2023-10-10
14014,Conférence,Gobelins,2023-03-18,2023-03-19
14015,Conférence,Popincourt,2023-08-15,2023-08-19
14016,Conférence,Hôtel-de-Ville,2023-02-15,2023-02-17
14017,Conférence,Ménilmontant,2023-04-16,2023-04-17
14018,Compétition Sportive,Passy,2023-03-05,2023-03-07
14019,Festival,Buttes-Montmartre,2023-04-29,2023-04-30
14020,Concert,Hôtel-de-Ville,2023-12-31,2024-01-03
14021,Compétition Sportive,Ménilmontant,2023-05-05,2023-05-07
14022,Conférence,Entrepôt,2023-09-07,2023-09-08
14023,Concert,Bourse,2023-02-22,2023-02-23
14024,Concert,Reuilly,2023-05-22,2023-05-26
14025,Conférence,Buttes-Chaumont,2023-02-06,2023-02-09
14026,Concert,Élysée,2023-01-13,2023-01-14
14027,Compétition Sportive,Reuilly,2023-03-13,2023-03-16
14028,Salon,Popincourt,2023-11-04,2023-11-06
14029,Compétition Sportive,Buttes-Chaumont,2023-06-10,2023-06-13
14030,Compétition Sportive,Louvre,2023-12-23,2023-12-24
14031,Salon,Hôtel-de-Ville,2023-11-20,2023-11-23
14032,Conférence,Opéra,2023-07-30,2023-08-03
14033,Conférence,Observatoire,2023-07-08,2023-07-12
14034,Salon,Entrepôt,2023-07-01,2023-07-04
14035,Compétition Sportive,Popincourt,2023-09-03,2023-09-07
14036,Festival,Buttes-Chaumont,2023-11-27,2023-11-30
14037,Concert,Ménilmontant,2023-08-02,2023-08-06
14038,Concert,Panthéon,2023-06-14,2023-06-15
14039,Concert,Temple,2023-07-14,2023-07-15
14040,Festival,Panthéon,2023-03-22,2023-03-25
14041,Compétition Sportive,Opéra,2023-08-28,2023-08-30
14042,Conférence,Buttes-Chaumont,2023-10-23,2023-10-24
14043,Salon,Reuilly,2023-02-04,2023-02-06
14044,Concert,Buttes-Chaumont,2023-08-24,2023-08-25
14045,Festival,Batignolles-Monceau,2023-12-01,2023-12-04
14046,Salon,Gobelins,2023-07-22,2023-07-25
14047,Compétition Sportive,Buttes-Montmartre,2023-05-21,2023-05-24
14048,Festival,Bourse,2023-03-31,2023-04-02
14049,Festival,Reuilly,2023-05-31,2023-06-02
14050,Salon,Temple,2023-09-26,2023-09-28
14051,Salon,Hôtel-de-Ville,2023-02-17,2023-02-20
14052,Concert,Ménilmontant,2023-02-19,2023-02-22
14053,Compétition Sportive,Vaugirard,2023-04-19,2023-04-23
14054,Salon,Vaugirard,2023-03-19,2023-03-20
14055,Concert,Louvre,2023-02-21,2023-02-24
14056,Concert,Popincourt,2023-12-20,2023-12-22
14057,Salon,Opéra,2023-08-20,2023-08-24
14058,Festival,Reuilly,2023-12-15,2023-12-16
14059,Festival,Gobelins,2023-08-08,2023-08-10
14060,Festival,Bourse,2023-01-27,2023-01-30
14061,Concert,Popincourt,2023-06-15,2023-06-19
14062,Festival,Ménilmontant,2023-03-18,2023-03-20
14063,Compétition Sportive,Batignolles-Monceau,2023-11-19,2023-11-22
14064,Festival,Palais-Bourbon,2023-04-13,2023-04-16
14065,Festival,Opéra,2023-12-24,2023-12-26
14066,Concert,Entrepôt,2023-07-16,2023-07-20
14067,Conférence,Ménilmontant,2023-11-11,2023-11-13
14068,Compétition Sportive,Gobelins,2023-12-02,2023-12-05
14069,Concert,Palais-Bourbon,2023-06-08,2023-06-10
14070,Compétition Sportive,Temple,2023-03-27,2023-03-28
14071,Compétition Sportive,Observatoire,2023-11-21,2023-11-25
14072,Festival,Popincourt,2023-07-14,2023-07-15
14073,Compétition Sportive,Reuilly,2023-12-01,2023-12-04
14074,Festival,Ménilmontant,2023-08-14,2023-08-15
14075,Compétition Sportive,Entrepôt,2023-09-28,2023-10-01
14076,Conférence,Hôtel-de-Ville,2023-06-04,2023-06-07
14077,Compétition Sportive,Reuilly,2023-03-18,2023-03-22
14078,Salon,Buttes-Montmartre,2023-05-26,2023-05-28
14079,Festival,Entrepôt,2023-01-10,2023-01-13
14080,Conférence,Luxembourg,2023-06-09,2023-06-10
14081,Festival,Palais-Bourbon,2023-05-08,2023-05-10
14082,Conférence,Ménilmontant,2023-06-07,2023-06-08
14083,Festival,Hôtel-de-Ville,2023-08-11,2023-08-12
14084,Salon,Reuilly,2023-11-09,2023-11-10
14085,Salon,Batignolles-Monceau,2023-06-23,2023-06-26
14086,Conférence,Palais-Bourbon,2023-01-03,2023-01-05
14087,Concert,Batignolles-Monceau,2023-11-15,2023-11-18
14088,Festival,Hôtel-de-Ville,2023-03-10,2023-03-12
14089,Concert,Buttes-Montmartre,2023-04-08,2023-04-10
14090,Compétition Sportive,Bourse,2023-11-07,2023-11-09
14091,Salon,Élysée,2023-02-27,2023-03-03
14092,Festival,Popincourt,2023-03-03,2023-03-07
14093,Salon,Popincourt,2023-01-07,2023-01-10
14094,Compétition Sportive,Luxembourg,2023-07-26,2023-07-30
14095,Conférence,Reuilly,2023-10-02,2023-10-03
14096,Festival,Gobelins,2023-10-02,2023-10-04
14097,Festival,Ménilmontant,2023-03-22,2023-03-24
14098,Festival,Passy,2023-08-20,2023-08-24
14099,Conférence,Louvre,2023-07-04,2023-07-05
14100,Salon,Vaugirard,2023-04-17,2023-04-18
14101,Conférence,Bourse,2023-09-14,2023-09-15
14102,Salon,Palais-Bourbon,2023-12-04,2023-12-08
14103,Festival,Panthéon,2023-10-07,2023-10-10
14104,Conférence,Reuilly,2023-06-07,2023-06-08
14105,Compétition Sportive,Batignolles-Monceau,2023-07-09,2023-07-12
14106,Conférence,Temple,2023-10-10,2023-10-12
14107,Salon,Ménilmontant,2023-11-19,2023-11-23
14108,Festival,Louvre,2023-04-27,2023-04-28
14109,Salon,Élysée,2023-07-27,2023-07-29
14110,Concert,Batignolles-Monceau,2023-01-04,2023-01-08
14111,Festival,Temple,2023-07-04,2023-07-06
14112,Compétition Sportive,Temple,2023-08-13,2023-08-14
14113,Compétition Sportive,Bourse,2023-02-13,2023-02-16
14114,Concert,Luxembourg,2023-04-19,2023-04-23
14115,Salon,Hôtel-de-Ville,2023-12-12,2023-12-14
14116,Compétition Sportive,Louvre,2023-12-25,2023-12-27
14117,Salon,Buttes-Montmartre,2023-07-14,2023-07-17
14118,Festival,Observatoire,2023-01-04,2023-01-06
14119,Conférence,Temple,2023-05-13,2023-05-14
14120,Festival,Opéra,2023-08-09,2023-08-12
14121,Salon,Observatoire,2023-11-04,2023-11-05
14122,Concert,Batignolles-Monceau,2023-01-11,2023-01-12
14123,Festival,Passy,2023-05-11,2023-05-12
14124,Compétition Sportive,Entrepôt,2023-10-01,2023-10-05
14125,Festival,Hôtel-de-Ville,2023-10-13,2023-10-15
14126,Festival,Entrepôt,2023-06-23,2023-06-27
14127,Festival,Reuilly,2023-08-10,2023-08-12
14128,Concert,Hôtel-de-Ville,2023-04-04,2023-04-07
14129,Salon,Passy,2023-05-25,2023-05-29
14130,Concert,Louvre,2023-06-16,2023-06-18
14131,Compétition Sportive,Batignolles-Monceau,2023-03-21,2023-03-22
14132,Salon,Vaugirard,2023-10-16,2023-10-19
14133,Compétition Sportive,Palais-Bourbon,2023-03-07,2023-03-10
14134,Salon,Temple,2023-05-13,2023-05-14
14135,Salon,Palais-Bourbon,2023-06-13,2023-06-17
14136,Festival,Palais-Bourbon,2023-09-16,2023-09-18
14137,Festival,Ménilmontant,2023-12-26,2023-12-29
14138,Concert,Observatoire,2023-06-09,2023-06-11
14139,Salon,Observatoire,2023-05-22,2023-05-25
14140,Compétition Sportive,Hôtel-de-Ville,2023-09-04,2023-09-05
14141,Festival,Entrepôt,2023-05-13,2023-05-14
14142,Compétition Sportive,Luxembourg,2023-06-23,2023-06-27
14143,Festival,Palais-Bourbon,2023-07-03,2023-07-06
14144,Salon,Hôtel-de-Ville,2023-11-12,2023-11-13
14145,Compétition Sportive,Entrepôt,2023-03-24,2023-03-25
14146,Concert,Reuilly,2023-03-16,2023-03-17
14147,Concert,Popincourt,2023-09-20,2023-09-22
14148,Concert,Observatoire,2023-04-25,2023-04-28
14149,Festival,Popincourt,2023-06-02,2023-06-06
14150,Festival,Gobelins,2023-04-22,2023-04-24
14151,Concert,Buttes-Montmartre,2023-05-20,2023-05-24
14152,Compétition Sportive,Buttes-Chaumont,2023-01-31,2023-02-01
14153,Festival,Vaugirard,2023-08-08,2023-08-12
14154,Concert,Entrepôt,2023-09-28,2023-10-02
14155,Festival,Élysée,2023-04-07,2023-04-08
14156,Conférence,Ménilmontant,2023-01-11,2023-01-14
14157,Compétition Sportive,Entrepôt,2023-04-13,2023-04-16
14158,Salon,Batignolles-Monceau,2023-09-22,2023-09-24
14159,Compétition Sportive,Buttes-Chaumont,2023-02-21,2023-02-25
14160,Salon,Entrepôt,2023-06-18,2023-06-21
14161,Concert,Opéra,2023-05-20,2023-05-22
14162,Festival,Élysée,2023-03-24,2023-03-26
14163,Concert,Panthéon,2023-09-25,2023-09-28
14164,Salon,Temple,2023-12-10,2023-12-13
14165,Conférence,Gobelins,2023-03-14,2023-03-18
14166,Salon,Vaugirard,2023-05-20,2023-05-23
14167,Festival,Observatoire,2023-04-19,2023-04-22
14168,Conférence,Panthéon,2023-02-06,2023-02-08
14169,Festival,Opéra,2023-05-13,2023-05-16
14170,Conférence,Panthéon,2023-01-09,2023-01-10
14171,Festival,Batignolles-Monceau,2023-07-04,2023-07-05
14172,Salon,Reuilly,2023-08-31,2023-09-03
14173,Salon,Popincourt,2023-05-28,2023-06-01
14174,Salon,Popincourt,2023-03-11,2023-03-15
14175,Salon,Gobelins,2023-08-20,2023-08-21
14176,Conférence,Reuilly,2023-12-02,2023-12-06
14177,Compétition Sportive,Passy,2023-05-13,2023-05-15
14178,Compétition Sportive,Louvre,2023-04-28,2023-04-29
14179,Concert,Bourse,2023-06-20,2023-06-23
14180,Compétition Sportive,Gobelins,2023-12-03,2023-12-04
14181,Concert,Buttes-Montmartre,2023-07-01,2023-07-02
14182,Salon,Gobelins,2023-11-14,2023-11-17
14183,Festival,Élysée,2023-09-23,2023-09-25
14184,Compétition Sportive,Temple,2023-06-07,2023-06-11
14185,Compétition Sportive,Reuilly,2023-09-20,2023-09-22
14186,Salon,Louvre,2023-07-04,2023-07-07
14187,Salon,Palais-Bourbon,2023-05-19,2023-05-20
14188,Compétition Sportive,Popincourt,2023-07-19,2023-07-21
14189,Salon,Entrepôt,2023-11-03,2023-11-06
14190,Compétition Sportive,Gobelins,2023-03-05,2023-03-09
14191,Festival,Gobelins,2023-08-17,2023-08-19
14192,Festival,Buttes-Chaumont,2023-01-31,2023-02-04
14193,Concert,Vaugirard,2023-04-22,2023-04-25
14194,Compétition Sportive,Gobelins,2023-01-01,2023-01-03
14195,Festival,Popincourt,2023-03-30,2023-04-02
14196,Festival,Luxembourg,2023-12-14,2023-12-18
14197,Conférence,Hôtel-de-Ville,2023-08-03,2023-08-05
14198,Festival,Luxembourg,2023-11-03,2023-11-06
14199,Concert,Reuilly,2023-12-15,2023-12-16
14200,Festival,Temple,2023-07-21,2023-07-24
14201,Salon,Entrepôt,2023-02-15,2023-02-16
14202,Conférence,Panthéon,2023-09-26,2023-09-29
14203,Compétition Sportive,Ménilmontant,2023-12-02,2023-12-03
14204,Concert,Entrepôt,2023-03-17,2023-03-21
14205,Festival,Buttes-Montmartre,2023-08-28,2023-08-31
14206,Compétition Sportive,Buttes-Chaumont,2023-04-23,2023-04-24
14207,Festival,Reuilly,2023-07-26,2023-07-29
14208,Conférence,Bourse,2023-10-22,2023-10-26
14209,Compétition Sportive,Reuilly,2023-10-02,2023-10-04
14210,Salon,Temple,2023-08-01,2023-08-03
14211,Salon,Reuilly,2023-11-13,2023-11-15
14212,Compétition Sportive,Popincourt,2023-04-06,2023-04-08
14213,Salon,Temple,2023-02-26,2023-03-02
14214,Concert,Élysée,2023-02-16,2023-02-20
14215,Conférence,Luxembourg,2023-12-01,2023-12-05
14216,Concert,Entrepôt,2023-06-09,2023-06-12
14217,Compétition Sportive,Luxembourg,2023-01-01,2023-01-05
14218,Concert,Observatoire,2023-07-26,2023-07-28
14219,Conférence,Batignolles-Monceau,2023-02-04,2023-02-07
14220,Conférence,Hôtel-de-Ville,2023-07-31,2023-08-04
14221,Compétition Sportive,Bourse,2023-06-08,2023-06-09
14222,Concert,Panthéon,2023-10-30,2023-11-03
14223,Conférence,Panthéon,2023-01-24,2023-01-26
14224,Compétition Sportive,Opéra,2023-02-09,2023-02-11
14225,Conférence,Buttes-Montmartre,2023-11-26,2023-11-28
14226,Festival,Reuilly,2023-11-30,2023-12-02
14227,Festival,Ménilmontant,2023-09-06,2023-09-09
14228,Conférence,Palais-Bourbon,2023-07-11,2023-07-13
14229,Compétition Sportive,Reuilly,2023-04-03,2023-04-05
14230,Festival,Observatoire,2023-07-20,2023-07-23
14231,Conférence,Bourse,2023-04-30,2023-05-04
14232,Salon,Louvre,2023-09-01,2023-09-02
14233,Concert,Vaugirard,2023-05-18,2023-05-21
14234,Conférence,Observatoire,2023-09-13,2023-09-14
14235,Festival,Buttes-Montmartre,2023-04-27,2023-04-28
14236,Conférence,Buttes-Chaumont,2023-01-02,2023-01-05
14237,Compétition Sportive,Buttes-Montmartre,2023-10-06,2023-10-08
14238,Festival,Panthéon,2023-12-04,2023-12-07
14239,Compétition Sportive,Luxembourg,2023-07-12,2023-07-14
14240,Compétition Sportive,Bourse,2023-12-23,2023-12-26
14241,Compétition Sportive,Batignolles-Monceau,2023-12-19,2023-12-23
14242,Conférence,Luxembourg,2023-03-04,2023-03-05
14243,Festival,Luxembourg,2023-02-05,2023-02-08
14244,Compétition Sportive,Palais-Bourbon,2023-12-11,2023-12-12
14245,Salon,Batignolles-Monceau,2023-10-06,2023-10-09
14246,Concert,Opéra,2023-03-04,2023-03-08
14247,Conférence,Batignolles-Monceau,2023-08-02,2023-08-05
14248,Salon,Vaugirard,2023-02-02,2023-02-04
14249,Festival,Observatoire,2023-06-24,2023-06-27
14250,Concert,Hôtel-de-Ville,2023-01-19,2023-01-21
14251,Compétition Sportive,Popincourt,2023-10-06,2023-10-09
14252,Salon,Élysée,2023-04-20,2023-04-24
14253,Salon,Vaugirard,2023-03-27,2023-03-28
14254,Compétition Sportive,Bourse,2023-01-04,2023-01-07
14255,Compétition Sportive,Hôtel-de-Ville,2023-04-07,2023-04-09
14256,Salon,Palais-Bourbon,2023-03-25,2023-03-29
14257,Festival,Louvre,2023-08-30,2023-09-01
14258,Conférence,Ménilmontant,2023-05-08,2023-05-12
14259,Festival,Élysée,2023-04-06,2023-04-09
14260,Festival,Gobelins,2023-06-30,2023-07-01
14261,Conférence,Reuilly,2023-04-22,2023-04-25
14262,Festival,Batignolles-Monceau,2023-05-01,2023-05-03
14263,Concert,Palais-Bourbon,2023-09-30,2023-10-04
14264,Compétition Sportive,Buttes-Chaumont,2023-01-25,2023-01-28
14265,Salon,Luxembourg,2023-01-14,2023-01-18
14266,Conférence,Vaugirard,2023-04-20,2023-04-22
14267,Festival,Vaugirard,2023-11-02,2023-11-06
14268,Salon,Batignolles-Monceau,2023-01-30,2023-02-02
14269,Concert,Bourse,2023-01-22,2023-01-24
14270,Festival,Buttes-Chaumont,2023-12-05,2023-12-08
14271,Festival,Entrepôt,2023-04-12,2023-04-15
14272,Festival,Buttes-Chaumont,2023-09-17,2023-09-20
14273,Concert,Observatoire,2023-03-13,2023-03-14
14274,Compétition Sportive,Temple,2023-10-28,2023-11-01
14275,Salon,Opéra,2023-04-26,2023-04-28
14276,Festival,Panthéon,2023-09-13,2023-09-14
14277,Festival,Gobelins,2023-11-26,2023-11-27
14278,Concert,Reuilly,2023-04-24,2023-04-25
14279,Concert,Observatoire,2023-01-28,2023-02-01
14280,Salon,Popincourt,2023-07-01,2023-07-04
14281,Salon,Buttes-Chaumont,2023-07-05,2023-07-07
14282,Festival,Buttes-Chaumont,2023-12-07,2023-12-09
14283,Festival,Popincourt,2023-11-17,2023-11-18
14284,Festival,Opéra,2023-09-08,2023-09-12
14285,Festival,Luxembourg,2023-07-01,2023-07-02
14286,Festival,Opéra,2023-12-20,2023-12-21
14287,Concert,Opéra,2023-05-24,2023-05-25
14288,Compétition Sportive,Observatoire,2023-07-25,2023-07-27
14289,Salon,Luxembourg,2023-09-09,2023-09-10
14290,Concert,Reuilly,2023-12-17,2023-12-20
14291,Conférence,Passy,2023-06-21,2023-06-22
14292,Conférence,Passy,2023-06-20,2023-06-22
14293,Conférence,Panthéon,2023-08-29,2023-09-01
14294,Salon,Panthéon,2023-12-03,2023-12-05
14295,Festival,Louvre,2023-08-30,2023-09-02
14296,Conférence,Élysée,2023-03-21,2023-03-22
14297,Conférence,Opéra,2023-09-14,2023-09-17
14298,Compétition Sportive,Entrepôt,2023-09-04,2023-09-06
14299,Concert,Élysée,2023-01-30,2023-02-02
14300,Salon,Observatoire,2023-05-03,2023-05-07
14301,Salon,Palais-Bourbon,2023-07-11,2023-07-14
14302,Compétition Sportive,Opéra,2023-01-27,2023-01-30
14303,Conférence,Popincourt,2023-12-23,2023-12-27
14304,Compétition Sportive,Ménilmontant,2023-03-21,2023-03-25
14305,Festival,Buttes-Montmartre,2023-03-29,2023-03-31
14306,Conférence,Popincourt,2023-06-05,2023-06-08
14307,Salon,Buttes-Chaumont,2023-03-29,2023-04-01
14308,Concert,Buttes-Montmartre,2023-12-17,2023-12-18
14309,Compétition Sportive,Louvre,2023-08-05,2023-08-09
14310,Compétition Sportive,Ménilmontant,2023-06-28,2023-07-01
14311,Salon,Reuilly,2023-05-10,2023-05-11
14312,Conférence,Buttes-Chaumont,2023-09-10,2023-09-13
14313,Conférence,Entrepôt,2023-03-12,2023-03-14
14314,Conférence,Palais-Bourbon,2023-03-28,2023-03-31
14315,Concert,Passy,2023-12-15,2023-12-18
14316,Concert,Entrepôt,2023-02-04,2023-02-05
14317,Conférence,Panthéon,2023-04-04,2023-04-06
14318,Concert,Popincourt,2023-07-13,2023-07-14
14319,Compétition Sportive,Passy,2023-12-01,2023-12-02
14320,Conférence,Gobelins,2023-01-16,2023-01-18
14321,Concert,Buttes-Montmartre,2023-01-08,2023-01-10
14322,Compétition Sportive,Vaugirard,2023-11-13,2023-11-16
14323,Compétition Sportive,Reuilly,2023-04-02,2023-04-03
14324,Concert,Élysée,2023-02-09,2023-02-10
14325,Conférence,Panthéon,2023-07-28,2023-07-30
14326,Conférence,Ménilmontant,2023-07-04,2023-07-07
14327,Concert,Bourse,2023-09-02,2023-09-04
14328,Concert,Batignolles-Monceau,2023-07-25,2023-07-28
14329,Festival,Hôtel-de-Ville,2023-03-26,2023-03-30
14330,Compétition Sportive,Opéra,2023-10-10,2023-10-13
14331,Conférence,Batignolles-Monceau,2023-12-07,2023-12-10
14332,Salon,Vaugirard,2023-06-09,2023-06-13
14333,Compétition Sportive,Panthéon,2023-08-18,2023-08-19
14334,Conférence,Passy,2023-04-29,2023-05-01
14335,Festival,Vaugirard,2023-10-12,2023-10-15
14336,Compétition Sportive,Passy,2023-08-31,2023-09-02
14337,Compétition Sportive,Buttes-Montmartre,2023-06-13,2023-06-16
14338,Conférence,Buttes-Chaumont,2023-04-29,2023-04-30
14339,Salon,Temple,2023-01-24,2023-01-28
14340,Concert,Reuilly,2023-12-07,2023-12-09
14341,Salon,Bourse,2023-06-16,2023-06-17
14342,Festival,Buttes-Montmartre,2023-06-27,2023-06-30
14343,Compétition Sportive,Buttes-Chaumont,2023-12-04,2023-12-05
14344,Conférence,Vaugirard,2023-05-27,2023-05-28
14345,Compétition Sportive,Entrepôt,2023-06-15,2023-06-17
14346,Concert,Entrepôt,2023-10-09,2023-10-13
14347,Salon,Temple,2023-03-11,2023-03-14
14348,Salon,Buttes-Montmartre,2023-08-26,2023-08-30
14349,Festival,Élysée,2023-06-26,2023-06-29
14350,Conférence,Temple,2023-10-09,2023-10-10
14351,Concert,Buttes-Montmartre,2023-04-02,2023-04-04
14352,Concert,Ménilmontant,2023-08-24,2023-08-26
14353,Conférence,Ménilmontant,2023-06-22,2023-06-24
14354,Festival,Observatoire,2023-10-20,2023-10-24
14355,Concert,Reuilly,2023-03-30,2023-04-03
14356,Festival,Batignolles-Monceau,2023-08-02,2023-08-03
14357,Conférence,Temple,2023-12-17,2023-12-20
14358,Conférence,Opéra,2023-09-19,2023-09-22
14359,Conférence,Observatoire,2023-06-08,2023-06-10
14360,Concert,Luxembourg,2023-03-06,2023-03-08
14361,Conférence,Opéra,2023-04-14,2023-04-16
14362,Concert,Ménilmontant,2023-08-22,2023-08-23
14363,Festival,Luxembourg,2023-03-08,2023-03-10
14364,Compétition Sportive,Panthéon,2023-09-13,2023-09-16
14365,Festival,Élysée,2023-06-23,2023-06-27
14366,Concert,Reuilly,2023-05-13,2023-05-15
14367,Salon,Hôtel-de-Ville,2023-02-06,2023-02-07
14368,Salon,Opéra,2023-11-29,2023-12-03
14369,Compétition Sportive,Ménilmontant,2023-01-29,2023-02-01
14370,Conférence,Popincourt,2023-04-02,2023-04-06
14371,Festival,Louvre,2023-02-18,2023-02-22
14372,Festival,Hôtel-de-Ville,2023-06-02,2023-06-05
14373,Concert,Popincourt,2023-05-18,2023-05-20
14374,Compétition Sportive,Vaugirard,2023-04-08,2023-04-09
14375,Conférence,Hôtel-de-Ville,2023-01-15,2023-01-18
14376,Compétition Sportive,Gobelins,2023-07-24,2023-07-25
14377,Salon,Opéra,2023-08-17,2023-08-21
14378,Compétition Sportive,Ménilmontant,2023-07-06,2023-07-10
14379,Conférence,Temple,2023-08-29,2023-09-02
14380,Conférence,Observatoire,2023-02-24,2023-02-25
14381,Festival,Batignolles-Monceau,2023-11-07,2023-11-10
14382,Festival,Bourse,2023-05-22,2023-05-25
14383,Conférence,Buttes-Chaumont,2023-07-21,2023-07-25
14384,Festival,Batignolles-Monceau,2023-07-03,2023-07-04
14385,Festival,Batignolles-Monceau,2023-11-13,2023-11-15
14386,Festival,Reuilly,2023-09-18,2023-09-21
14387,Conférence,Temple,2023-09-19,2023-09-21
14388,Festival,Gobelins,2023-09-03,2023-09-07
14389,Salon,Opéra,2023-09-26,2023-09-30
14390,Conférence,Gobelins,2023-10-29,2023-11-02
14391,Compétition Sportive,Batignolles-Monceau,2023-08-28,2023-08-31
14392,Concert,Ménilmontant,2023-12-19,2023-12-21
14393,Concert,Vaugirard,2023-08-17,2023-08-20
14394,Salon,Bourse,2023-05-08,2023-05-10
14395,Conférence,Luxembourg,2023-05-31,2023-06-01
14396,Compétition Sportive,Reuilly,2023-05-29,2023-06-01
14397,Conférence,Batignolles-Monceau,2023-11-24,2023-11-26
14398,Compétition Sportive,Buttes-Montmartre,2023-10-17,2023-10-18
14399,Compétition Sportive,Passy,2023-11-05,2023-11-07
14400,Conférence,Panthéon,2023-01-31,2023-02-04
14401,Festival,Gobelins,2023-12-06,2023-12-09
14402,Concert,Vaugirard,2023-08-15,2023-08-16
14403,Festival,Buttes-Chaumont,2023-07-13,2023-07-14
14404,Concert,Luxembourg,2023-12-10,2023-12-13
14405,Festival,Vaugirard,2023-11-27,2023-11-29
14406,Conférence,Buttes-Montmartre,2023-05-22,2023-05-25
14407,Conférence,Ménilmontant,2023-08-22,2023-08-26
14408,Compétition Sportive,Palais-Bourbon,2023-12-06,2023-12-08
14409,Salon,Louvre,2023-04-10,2023-04-13
14410,Conférence,Opéra,2023-06-02,2023-06-05
14411,Concert,Opéra,2023-12-25,2023-12-28
14412,Compétition Sportive,Passy,2023-11-26,2023-11-28
14413,Concert,Élysée,2023-07-11,2023-07-13
14414,Festival,Panthéon,2023-03-10,2023-03-14
14415,Salon,Entrepôt,2023-11-20,2023-11-24
14416,Conférence,Élysée,2023-04-23,2023-04-27
14417,Festival,Panthéon,2023-08-03,2023-08-05
14418,Compétition Sportive,Vaugirard,2023-02-12,2023-02-13
14419,Concert,Opéra,2023-12-15,2023-12-16
14420,Salon,Temple,2023-08-24,2023-08-26
14421,Conférence,Batignolles-Monceau,2023-04-20,2023-04-22
14422,Concert,Bourse,2023-12-08,2023-12-12
14423,Conférence,Louvre,2023-10-28,2023-10-29
14424,Conférence,Reuilly,2023-09-03,2023-09-06
14425,Concert,Entrepôt,2023-12-30,2024-01-02
14426,Conférence,Louvre,2023-03-12,2023-03-14
14427,Compétition Sportive,Luxembourg,2023-02-10,2023-02-13
14428,Salon,Luxembourg,2023-11-10,2023-11-12
14429,Festival,Popincourt,2023-07-06,2023-07-07
14430,Salon,Opéra,2023-01-28,2023-01-30
14431,Festival,Observatoire,2023-08-01,2023-08-02
14432,Compétition Sportive,Panthéon,2023-02-24,2023-02-27
14433,Salon,Buttes-Montmartre,2023-11-03,2023-11-05
14434,Compétition Sportive,Hôtel-de-Ville,2023-02-05,2023-02-07
14435,Concert,Bourse,2023-09-19,2023-09-23
14436,Festival,Panthéon,2023-07-30,2023-08-01
14437,Concert,Temple,2023-11-03,2023-11-04
14438,Concert,Buttes-Chaumont,2023-02-22,2023-02-25
14439,Salon,Vaugirard,2023-05-19,2023-05-21
14440,Conférence,Luxembourg,2023-06-27,2023-06-30
14441,Conférence,Popincourt,2023-02-15,2023-02-16
14442,Compétition Sportive,Batignolles-Monceau,2023-03-23,2023-03-26
14443,Salon,Vaugirard,2023-06-23,2023-06-25
14444,Concert,Panthéon,2023-11-29,2023-12-01
14445,Compétition Sportive,Observatoire,2023-02-10,2023-02-11
14446,Concert,Buttes-Montmartre,2023-11-03,2023-11-06
14447,Compétition Sportive,Bourse,2023-09-24,2023-09-26
14448,Festival,Luxembourg,2023-11-03,2023-11-04
14449,Compétition Sportive,Louvre,2023-01-27,2023-01-30
14450,Compétition Sportive,Popincourt,2023-02-18,2023-02-20
14451,Concert,Luxembourg,2023-09-29,2023-09-30
14452,Conférence,Gobelins,2023-11-02,2023-11-06
14453,Concert,Hôtel-de-Ville,2023-09-27,2023-09-28
14454,Salon,Temple,2023-07-29,2023-07-30
14455,Concert,Palais-Bourbon,2023-07-23,2023-07-24
14456,Conférence,Luxembourg,2023-10-09,2023-10-10
14457,Salon,Luxembourg,2023-08-22,2023-08-25
14458,Conférence,Buttes-Montmartre,2023-02-09,2023-02-13
14459,Salon,Vaugirard,2023-09-03,2023-09-05
14460,Concert,Buttes-Chaumont,2023-01-18,2023-01-21
14461,Conférence,Palais-Bourbon,2023-04-20,2023-04-21
14462,Conférence,Luxembourg,2023-09-14,2023-09-16
14463,Festival,Opéra,2023-01-16,2023-01-17
14464,Festival,Opéra,2023-12-23,2023-12-27
14465,Compétition Sportive,Batignolles-Monceau,2023-05-29,2023-05-30
14466,Festival,Temple,2023-04-29,2023-05-01
14467,Conférence,Popincourt,2023-07-30,2023-08-02
14468,Compétition Sportive,Élysée,2023-09-21,2023-09-25
14469,Concert,Buttes-Chaumont,2023-09-09,2023-09-13
14470,Compétition Sportive,Hôtel-de-Ville,2023-04-09,2023-04-11
14471,Salon,Luxembourg,2023-01-18,2023-01-22
14472,Compétition Sportive,Hôtel-de-Ville,2023-03-31,2023-04-03
14473,Festival,Buttes-Montmartre,2023-01-25,2023-01-29
14474,Concert,Louvre,2023-10-01,2023-10-05
14475,Salon,Buttes-Montmartre,2023-01-24,2023-01-25
14476,Compétition Sportive,Temple,2023-03-10,2023-03-11
14477,Concert,Luxembourg,2023-11-26,2023-11-29
14478,Festival,Gobelins,2023-01-11,2023-01-12
14479,Concert,Temple,2023-09-17,2023-09-21
14480,Concert,Luxembourg,2023-01-10,2023-01-13
14481,Salon,Popincourt,2023-04-11,2023-04-14
14482,Conférence,Popincourt,2023-01-12,2023-01-14
14483,Festival,Bourse,2023-03-15,2023-03-16
14484,Salon,Élysée,2023-05-13,2023-05-15
14485,Salon,Popincourt,2023-08-23,2023-08-25
14486,Salon,Buttes-Montmartre,2023-04-01,2023-04-02
14487,Conférence,Luxembourg,2023-08-13,2023-08-15
14488,Conférence,Vaugirard,2023-01-05,2023-01-09
14489,Compétition Sportive,Gobelins,2023-01-23,2023-01-24
14490,Compétition Sportive,Reuilly,2023-07-03,2023-07-04
14491,Festival,Gobelins,2023-08-04,2023-08-06
14492,Festival,Batignolles-Monceau,2023-02-15,2023-02-16
14493,Conférence,Luxembourg,2023-05-10,2023-05-11
14494,Conférence,Palais-Bourbon,2023-12-16,2023-12-17
14495,Conférence,Élysée,2023-03-15,2023-03-19
14496,Salon,Temple,2023-01-01,2023-01-02
14497,Conférence,Opéra,2023-05-21,2023-05-23
14498,Salon,Popincourt,2023-10-19,2023-10-22
14499,Salon,Gobelins,2023-03-03,2023-03-05
14500,Festival,Reuilly,2023-03-04,2023-03-08
14501,Concert,Luxembourg,2023-11-19,2023-11-22
14502,Compétition Sportive,Panthéon,2023-04-18,2023-04-21
14503,Compétition Sportive,Luxembourg,2023-08-24,2023-08-27
14504,Festival,Reuilly,2023-01-16,2023-01-20
14505,Festival,Élysée,2023-09-03,2023-09-04
14506,Conférence,Palais-Bourbon,2023-08-25,2023-08-28
14507,Conférence,Reuilly,2023-10-31,2023-11-04
14508,Conférence,Ménilmontant,2023-04-21,2023-04-22
14509,Salon,Gobelins,2023-06-23,2023-06-27
14510,Salon,Ménilmontant,2023-01-05,2023-01-09
14511,Conférence,Popincourt,2023-10-21,2023-10-25
14512,Salon,Vaugirard,2023-07-01,2023-07-02
14513,Festival,Bourse,2023-12-03,2023-12-04
14514,Conférence,Bourse,2023-03-23,2023-03-25
14515,Compétition Sportive,Vaugirard,2023-04-23,2023-04-26
14516,Compétition Sportive,Reuilly,2023-06-16,2023-06-18
14517,Salon,Bourse,2023-06-05,2023-06-09
14518,Compétition Sportive,Passy,2023-09-11,2023-09-12
14519,Conférence,Élysée,2023-02-22,2023-02-24
14520,Compétition Sportive,Luxembourg,2023-11-06,2023-11-07
14521,Festival,Ménilmontant,2023-04-06,2023-04-08
14522,Salon,Palais-Bourbon,2023-10-03,2023-10-04
14523,Compétition Sportive,Observatoire,2023-11-07,2023-11-08
14524,Salon,Buttes-Chaumont,2023-07-23,2023-07-25
14525,Festival,Palais-Bourbon,2023-10-05,2023-10-06
14526,Compétition Sportive,Ménilmontant,2023-11-03,2023-11-07
14527,Conférence,Batignolles-Monceau,2023-05-20,2023-05-23
14528,Concert,Opéra,2023-08-18,2023-08-20
14529,Compétition Sportive,Élysée,2023-07-06,2023-07-10
14530,Festival,Ménilmontant,2023-02-23,2023-02-25
14531,Concert,Louvre,2023-02-22,2023-02-23
14532,Compétition Sportive,Temple,2023-03-29,2023-03-31
14533,Salon,Entrepôt,2023-10-21,2023-10-24
14534,Festival,Vaugirard,2023-04-13,2023-04-15
14535,Compétition Sportive,Buttes-Montmartre,2023-12-14,2023-12-18
14536,Festival,Reuilly,2023-05-20,2023-05-24
14537,Conférence,Reuilly,2023-12-17,2023-12-20
14538,Concert,Bourse,2023-08-18,2023-08-20
14539,Concert,Opéra,2023-12-14,2023-12-17
14540,Conférence,Observatoire,2023-03-27,2023-03-29
14541,Concert,Vaugirard,2023-09-20,2023-09-23
14542,Concert,Buttes-Montmartre,2023-11-20,2023-11-21
14543,Conférence,Buttes-Montmartre,2023-06-06,2023-06-08
14544,Salon,Ménilmontant,2023-04-30,2023-05-02
14545,Concert,Palais-Bourbon,2023-10-28,2023-10-31
14546,Salon,Vaugirard,2023-12-28,2024-01-01
14547,Festival,Reuilly,2023-05-12,2023-05-14
14548,Festival,Buttes-Montmartre,2023-10-07,2023-10-10
14549,Concert,Vaugirard,2023-03-26,2023-03-30
14550,Festival,Temple,2023-03-23,2023-03-24
14551,Conférence,Observatoire,2023-11-24,2023-11-28
14552,Concert,Entrepôt,2023-01-23,2023-01-27
14553,Conférence,Louvre,2023-08-27,2023-08-31
14554,Salon,Passy,2023-09-22,2023-09-26
14555,Compétition Sportive,Panthéon,2023-01-25,2023-01-28
14556,Compétition Sportive,Entrepôt,2023-08-16,2023-08-18
14557,Concert,Observatoire,2023-10-15,2023-10-16
14558,Conférence,Entrepôt,2023-05-15,2023-05-19
14559,Compétition Sportive,Observatoire,2023-12-19,2023-12-22
14560,Concert,Louvre,2023-07-06,2023-07-10
14561,Compétition Sportive,Palais-Bourbon,2023-11-14,2023-11-17
14562,Compétition Sportive,Batignolles-Monceau,2023-06-12,2023-06-13
14563,Festival,Entrepôt,2023-12-08,2023-12-12
14564,Concert,Batignolles-Monceau,2023-11-10,2023-11-12
14565,Compétition Sportive,Opéra,2023-01-29,2023-01-31
14566,Concert,Panthéon,2023-11-08,2023-11-12
14567,Festival,Entrepôt,2023-04-25,2023-04-29
14568,Concert,Temple,2023-11-15,2023-11-17
14569,Festival,Temple,2023-07-29,2023-07-30
14570,Compétition Sportive,Popincourt,2023-02-16,2023-02-20
14571,Compétition Sportive,Gobelins,2023-11-26,2023-11-30
14572,Compétition Sportive,Batignolles-Monceau,2023-09-28,2023-10-01
14573,Festival,Élysée,2023-04-30,2023-05-04
14574,Salon,Bourse,2023-11-09,2023-11-13
14575,Festival,Panthéon,2023-05-15,2023-05-16
14576,Festival,Popincourt,2023-04-12,2023-04-15
14577,Conférence,Popincourt,2023-07-25,2023-07-26
14578,Compétition Sportive,Hôtel-de-Ville,2023-08-06,2023-08-10
14579,Compétition Sportive,Ménilmontant,2023-10-01,2023-10-05
14580,Conférence,Popincourt,2023-12-04,2023-12-07
14581,Salon,Palais-Bourbon,2023-09-19,2023-09-22
14582,Concert,Louvre,2023-10-26,2023-10-27
14583,Compétition Sportive,Louvre,2023-07-04,2023-07-08
14584,Compétition Sportive,Panthéon,2023-02-10,2023-02-14
14585,Festival,Gobelins,2023-03-17,2023-03-18
14586,Salon,Reuilly,2023-02-20,2023-02-21
14587,Salon,Passy,2023-03-02,2023-03-05
14588,Salon,Passy,2023-04-04,2023-04-08
14589,Salon,Élysée,2023-01-19,2023-01-23
14590,Conférence,Bourse,2023-01-21,2023-01-22
14591,Festival,Popincourt,2023-03-21,2023-03-25
14592,Conférence,Observatoire,2023-03-12,2023-03-16
14593,Conférence,Opéra,2023-02-23,2023-02-26
14594,Concert,Popincourt,2023-12-28,2024-01-01
14595,Festival,Luxembourg,2023-12-05,2023-12-08
14596,Salon,Gobelins,2023-01-26,2023-01-30
14597,Festival,Panthéon,2023-06-18,2023-06-22
14598,Salon,Panthéon,2023-01-05,2023-01-09
14599,Concert,Passy,2023-01-26,2023-01-27
14600,Compétition Sportive,Buttes-Montmartre,2023-06-15,2023-06-19
14601,Conférence,Luxembourg,2023-03-23,2023-03-27
14602,Concert,Buttes-Montmartre,2023-09-19,2023-09-21
14603,Conférence,Entrepôt,2023-09-14,2023-09-16
14604,Salon,Élysée,2023-03-16,2023-03-19
14605,Salon,Élysée,2023-05-06,2023-05-10
14606,Concert,Batignolles-Monceau,2023-03-21,2023-03-24
14607,Compétition Sportive,Gobelins,2023-12-12,2023-12-14
14608,Compétition Sportive,Passy,2023-02-18,2023-02-21
14609,Conférence,Vaugirard,2023-03-23,2023-03-27
14610,Salon,Temple,2023-02-06,2023-02-08
14611,Salon,Batignolles-Monceau,2023-12-12,2023-12-16
14612,Compétition Sportive,Batignolles-Monceau,2023-08-13,2023-08-16
14613,Salon,Temple,2023-09-14,2023-09-17
14614,Salon,Vaugirard,2023-08-07,2023-08-08
14615,Concert,Buttes-Montmartre,2023-10-20,2023-10-22
14616,Compétition Sportive,Buttes-Montmartre,2023-08-02,2023-08-05
14617,Compétition Sportive,Vaugirard,2023-10-02,2023-10-04
14618,Festival,Luxembourg,2023-06-14,2023-06-15
14619,Compétition Sportive,Élysée,2023-04-24,2023-04-26
14620,Compétition Sportive,Reuilly,2023-02-25,2023-02-28
14621,Festival,Buttes-Chaumont,2023-11-19,2023-11-21
14622,Salon,Élysée,2023-08-07,2023-08-08
14623,Salon,Luxembourg,2023-10-18,2023-10-20
14624,Conférence,Buttes-Montmartre,2023-03-25,2023-03-27
14625,Salon,Louvre,2023-10-09,2023-10-11
14626,Compétition Sportive,Passy,2023-06-23,2023-06-25
14627,Conférence,Palais-Bourbon,2023-06-12,2023-06-15
14628,Conférence,Luxembourg,2023-01-22,2023-01-26
14629,Salon,Élysée,2023-05-22,2023-05-24
14630,Conférence,Bourse,2023-07-05,2023-07-06
14631,Festival,Observatoire,2023-06-08,2023-06-10
14632,Conférence,Batignolles-Monceau,2023-09-30,2023-10-01
14633,Concert,Passy,2023-05-31,2023-06-04
14634,Festival,Observatoire,2023-02-28,2023-03-01
14635,Compétition Sportive,Reuilly,2023-03-30,2023-04-03
14636,Salon,Bourse,2023-11-11,2023-11-12
14637,Salon,Passy,2023-12-02,2023-12-03
14638,Concert,Batignolles-Monceau,2023-05-10,2023-05-13
14639,Salon,Palais-Bourbon,2023-03-31,2023-04-04
14640,Compétition Sportive,Observatoire,2023-09-25,2023-09-27
14641,Conférence,Vaugirard,2023-08-28,2023-08-30
14642,Salon,Élysée,2023-09-23,2023-09-26
14643,Compétition Sportive,Ménilmontant,2023-08-09,2023-08-11
14644,Festival,Hôtel-de-Ville,2023-04-30,2023-05-03
14645,Compétition Sportive,Hôtel-de-Ville,2023-09-15,2023-09-16
14646,Concert,Buttes-Montmartre,2023-01-16,2023-01-18
14647,Compétition Sportive,Buttes-Chaumont,2023-06-13,2023-06-17
14648,Salon,Reuilly,2023-12-28,2023-12-29
14649,Conférence,Entrepôt,2023-05-03,2023-05-07
14650,Compétition Sportive,Bourse,2023-06-26,2023-06-30
14651,Concert,Reuilly,2023-10-19,2023-10-21
14652,Festival,Passy,2023-08-02,2023-08-04
14653,Concert,Bourse,2023-04-15,2023-04-17
14654,Festival,Passy,2023-04-11,2023-04-12
14655,Compétition Sportive,Entrepôt,2023-04-05,2023-04-09
14656,Conférence,Vaugirard,2023-04-15,2023-04-18
14657,Concert,Batignolles-Monceau,2023-08-25,2023-08-26
14658,Conférence,Buttes-Chaumont,2023-05-10,2023-05-13
14659,Compétition Sportive,Batignolles-Monceau,2023-08-15,2023-08-17
14660,Conférence,Louvre,2023-06-05,2023-06-09
14661,Conférence,Opéra,2023-05-15,2023-05-17
14662,Concert,Observatoire,2023-10-04,2023-10-06
14663,Compétition Sportive,Bourse,2023-04-18,2023-04-20
14664,Conférence,Opéra,2023-08-05,2023-08-06
14665,Festival,Passy,2023-08-25,2023-08-28
14666,Salon,Passy,2023-10-26,2023-10-29
14667,Festival,Louvre,2023-03-18,2023-03-21
14668,Conférence,Batignolles-Monceau,2023-05-22,2023-05-24
14669,Compétition Sportive,Observatoire,2023-03-18,2023-03-19
14670,Festival,Bourse,2023-01-11,2023-01-13
14671,Compétition Sportive,Buttes-Montmartre,2023-01-10,2023-01-13
14672,Festival,Batignolles-Monceau,2023-11-07,2023-11-11
14673,Compétition Sportive,Opéra,2023-01-02,2023-01-03
14674,Conférence,Buttes-Montmartre,2023-01-01,2023-01-05
14675,Concert,Buttes-Montmartre,2023-02-16,2023-02-17
14676,Festival,Temple,2023-04-01,2023-04-05
14677,Compétition Sportive,Panthéon,2023-03-24,2023-03-26
14678,Festival,Batignolles-Monceau,2023-10-01,2023-10-02
14679,Compétition Sportive,Luxembourg,2023-10-18,2023-10-19
14680,Compétition Sportive,Temple,2023-07-20,2023-07-21
14681,Concert,Louvre,2023-03-03,2023-03-07
14682,Compétition Sportive,Hôtel-de-Ville,2023-01-25,2023-01-27
14683,Festival,Passy,2023-08-02,2023-08-04
14684,Conférence,Louvre,2023-04-17,2023-04-18
14685,Salon,Hôtel-de-Ville,2023-06-06,2023-06-08
14686,Compétition Sportive,Élysée,2023-03-21,2023-03-25
14687,Salon,Buttes-Montmartre,2023-05-27,2023-05-31
14688,Conférence,Bourse,2023-07-19,2023-07-20
14689,Salon,Bourse,2023-07-23,2023-07-26
14690,Compétition Sportive,Gobelins,2023-07-13,2023-07-16
14691,Festival,Élysée,2023-11-21,2023-11-22
14692,Concert,Ménilmontant,2023-07-25,2023-07-29
14693,Compétition Sportive,Élysée,2023-07-27,2023-07-30
14694,Compétition Sportive,Batignolles-Monceau,2023-08-31,2023-09-03
14695,Concert,Hôtel-de-Ville,2023-04-08,2023-04-11
14696,Concert,Luxembourg,2023-08-22,2023-08-23
14697,Concert,Passy,2023-01-10,2023-01-14
14698,Concert,Buttes-Chaumont,2023-07-19,2023-07-21
14699,Concert,Popincourt,2023-04-18,2023-04-19
14700,Compétition Sportive,Élysée,2023-10-08,2023-10-09
14701,Salon,Reuilly,2023-04-25,2023-04-29
14702,Festival,Entrepôt,2023-01-27,2023-01-31
14703,Compétition Sportive,Popincourt,2023-01-10,2023-01-12
14704,Conférence,Passy,2023-02-08,2023-02-09
14705,Compétition Sportive,Panthéon,2023-09-28,2023-09-29
14706,Compétition Sportive,Ménilmontant,2023-05-21,2023-05-22
14707,Salon,Palais-Bourbon,2023-02-02,2023-02-05
14708,Concert,Gobelins,2023-12-21,2023-12-25
14709,Conférence,Ménilmontant,2023-04-14,2023-04-15
14710,Salon,Buttes-Montmartre,2023-01-11,2023-01-12
14711,Festival,Observatoire,2023-08-05,2023-08-07
14712,Conférence,Hôtel-de-Ville,2023-05-31,2023-06-03
14713,Conférence,Popincourt,2023-02-13,2023-02-16
14714,Salon,Buttes-Chaumont,2023-03-11,2023-03-12
14715,Conférence,Reuilly,2023-08-29,2023-09-01
14716,Compétition Sportive,Buttes-Montmartre,2023-07-29,2023-08-01
14717,Compétition Sportive,Observatoire,2023-08-29,2023-08-31
14718,Concert,Panthéon,2023-06-19,2023-06-21
14719,Salon,Opéra,2023-12-23,2023-12-26
14720,Compétition Sportive,Gobelins,2023-05-09,2023-05-11
14721,Conférence,Entrepôt,2023-08-08,2023-08-09
14722,Conférence,Louvre,2023-07-09,2023-07-11
14723,Compétition Sportive,Passy,2023-03-28,2023-04-01
14724,Salon,Bourse,2023-08-22,2023-08-23
14725,Salon,Ménilmontant,2023-05-15,2023-05-17
14726,Festival,Luxembourg,2023-03-25,2023-03-28
14727,Salon,Passy,2023-09-22,2023-09-23
14728,Compétition Sportive,Vaugirard,2023-09-24,2023-09-26
14729,Festival,Opéra,2023-01-06,2023-01-10
14730,Conférence,Palais-Bourbon,2023-02-28,2023-03-02
14731,Compétition Sportive,Gobelins,2023-04-20,2023-04-21
14732,Concert,Gobelins,2023-01-18,2023-01-20
14733,Concert,Buttes-Montmartre,2023-10-12,2023-10-16
14734,Salon,Vaugirard,2023-02-13,2023-02-17
14735,Festival,Hôtel-de-Ville,2023-06-10,2023-06-13
14736,Festival,Opéra,2023-11-19,2023-11-20
14737,Conférence,Louvre,2023-02-07,2023-02-11
14738,Salon,Entrepôt,2023-08-25,2023-08-29
14739,Festival,Popincourt,2023-04-11,2023-04-15
14740,Compétition Sportive,Ménilmontant,2023-06-18,2023-06-21
14741,Conférence,Vaugirard,2023-09-29,2023-09-30
14742,Festival,Ménilmontant,2023-10-21,2023-10-25
14743,Concert,Ménilmontant,2023-03-04,2023-03-05
14744,Concert,Passy,2023-08-15,2023-08-19
14745,Festival,Buttes-Montmartre,2023-12-12,2023-12-16
14746,Concert,Hôtel-de-Ville,2023-08-16,2023-08-17
14747,Compétition Sportive,Hôtel-de-Ville,2023-12-07,2023-12-08
14748,Conférence,Buttes-Montmartre,2023-09-22,2023-09-25
14749,Compétition Sportive,Gobelins,2023-05-23,2023-05-26
14750,Concert,Batignolles-Monceau,2023-08-12,2023-08-13
14751,Festival,Vaugirard,2023-09-22,2023-09-23
14752,Festival,Gobelins,2023-10-27,2023-10-30
14753,Conférence,Luxembourg,2023-04-11,2023-04-12
14754,Concert,Palais-Bourbon,2023-07-28,2023-07-29
14755,Concert,Batignolles-Monceau,2023-08-29,2023-09-01
14756,Concert,Passy,2023-11-30,2023-12-03
14757,Salon,Reuilly,2023-02-08,2023-02-11
14758,Festival,Ménilmontant,2023-06-28,2023-07-02
14759,Concert,Palais-Bourbon,2023-02-09,2023-02-11
14760,Conférence,Gobelins,2023-09-03,2023-09-07
14761,Salon,Hôtel-de-Ville,2023-03-04,2023-03-05
14762,Concert,Opéra,2023-05-14,2023-05-17
14763,Festival,Louvre,2023-02-07,2023-02-11
14764,Salon,Reuilly,2023-09-19,2023-09-23
14765,Compétition Sportive,Vaugirard,2023-04-25,2023-04-26
14766,Conférence,Luxembourg,2023-11-06,2023-11-10
14767,Festival,Élysée,2023-02-20,2023-02-22
14768,Compétition Sportive,Reuilly,2023-04-27,2023-04-30
14769,Festival,Bourse,2023-08-12,2023-08-15
14770,Conférence,Luxembourg,2023-04-08,2023-04-09
14771,Concert,Buttes-Montmartre,2023-06-11,2023-06-12
14772,Compétition Sportive,Buttes-Chaumont,2023-11-28,2023-12-01
14773,Compétition Sportive,Élysée,2023-12-03,2023-12-06
14774,Salon,Vaugirard,2023-08-08,2023-08-12
14775,Concert,Temple,2023-03-02,2023-03-03
14776,Conférence,Hôtel-de-Ville,2023-08-02,2023-08-03
14777,Salon,Batignolles-Monceau,2023-06-27,2023-06-30
14778,Compétition Sportive,Gobelins,2023-02-01,2023-02-03
14779,Festival,Louvre,2023-02-27,2023-02-28
14780,Conférence,Popincourt,2023-02-17,2023-02-18
14781,Salon,Opéra,2023-04-19,2023-04-20
14782,Concert,Élysée,2023-09-30,2023-10-03
14783,Festival,Gobelins,2023-11-12,2023-11-16
14784,Salon,Batignolles-Monceau,2023-05-18,2023-05-21
14785,Conférence,Observatoire,2023-07-26,2023-07-29
14786,Festival,Panthéon,2023-02-19,2023-02-20
14787,Salon,Buttes-Montmartre,2023-12-25,2023-12-26
14788,Salon,Bourse,2023-02-07,2023-02-09
14789,Conférence,Entrepôt,2023-04-22,2023-04-25
14790,Concert,Popincourt,2023-06-17,2023-06-21
14791,Festival,Passy,2023-05-11,2023-05-15
14792,Salon,Entrepôt,2023-08-10,2023-08-13
14793,Conférence,Hôtel-de-Ville,2023-12-01,2023-12-02
14794,Salon,Panthéon,2023-12-13,2023-12-14
14795,Conférence,Vaugirard,2023-01-31,2023-02-02
14796,Conférence,Vaugirard,2023-09-29,2023-10-03
14797,Salon,Popincourt,2023-01-28,2023-01-29
14798,Conférence,Louvre,2023-12-26,2023-12-27
14799,Festival,Ménilmontant,2023-06-14,2023-06-15
14800,Conférence,Ménilmontant,2023-11-25,2023-11-27
14801,Concert,Entrepôt,2023-03-14,2023-03-18
14802,Concert,Vaugirard,2023-11-23,2023-11-25
14803,Conférence,Buttes-Chaumont,2023-11-12,2023-11-14
14804,Festival,Observatoire,2023-11-16,2023-11-18
14805,Compétition Sportive,Élysée,2023-11-12,2023-11-14
14806,Compétition Sportive,Hôtel-de-Ville,2023-04-09,2023-04-12
14807,Festival,Bourse,2023-02-05,2023-02-06
14808,Concert,Entrepôt,2023-06-15,2023-06-17
14809,Conférence,Panthéon,2023-07-12,2023-07-16
14810,Salon,Panthéon,2023-02-03,2023-02-05
14811,Conférence,Palais-Bourbon,2023-05-30,2023-06-01
14812,Conférence,Louvre,2023-04-04,2023-04-08
14813,Compétition Sportive,Bourse,2023-06-28,2023-06-30
14814,Conférence,Observatoire,2023-07-19,2023-07-20
14815,Compétition Sportive,Palais-Bourbon,2023-10-28,2023-11-01
14816,Salon,Gobelins,2023-11-23,2023-11-24
14817,Conférence,Observatoire,2023-09-15,2023-09-19
14818,Festival,Buttes-Chaumont,2023-04-04,2023-04-07
14819,Conférence,Luxembourg,2023-12-22,2023-12-23
14820,Festival,Hôtel-de-Ville,2023-12-24,2023-12-26
14821,Compétition Sportive,Entrepôt,2023-10-10,2023-10-12
14822,Conférence,Luxembourg,2023-04-08,2023-04-10
14823,Compétition Sportive,Louvre,2023-11-27,2023-12-01
14824,Festival,Popincourt,2023-10-15,2023-10-17
14825,Compétition Sportive,Luxembourg,2023-08-06,2023-08-07
14826,Concert,Popincourt,2023-05-31,2023-06-01
14827,Festival,Hôtel-de-Ville,2023-02-10,2023-02-13
14828,Compétition Sportive,Reuilly,2023-03-29,2023-04-02
14829,Conférence,Élysée,2023-01-02,2023-01-03
14830,Compétition Sportive,Passy,2023-03-03,2023-03-05
14831,Salon,Palais-Bourbon,2023-08-21,2023-08-23
14832,Festival,Entrepôt,2023-08-12,2023-08-13
14833,Compétition Sportive,Ménilmontant,2023-04-30,2023-05-03
14834,Concert,Louvre,2023-02-22,2023-02-25
14835,Salon,Observatoire,2023-02-26,2023-02-27
14836,Festival,Reuilly,2023-02-17,2023-02-18
14837,Salon,Panthéon,2023-07-26,2023-07-30
14838,Conférence,Gobelins,2023-05-14,2023-05-18
14839,Concert,Popincourt,2023-04-19,2023-04-20
14840,Conférence,Buttes-Montmartre,2023-10-29,2023-10-31
14841,Compétition Sportive,Palais-Bourbon,2023-03-14,2023-03-15
14842,Salon,Bourse,2023-02-26,2023-03-02
14843,Conférence,Popincourt,2023-09-20,2023-09-21
14844,Compétition Sportive,Ménilmontant,2023-11-04,2023-11-07
14845,Concert,Palais-Bourbon,2023-01-30,2023-02-03
14846,Conférence,Élysée,2023-02-24,2023-02-27
14847,Salon,Buttes-Chaumont,2023-05-30,2023-06-03
14848,Conférence,Opéra,2023-09-17,2023-09-21
14849,Concert,Entrepôt,2023-01-05,2023-01-09
14850,Compétition Sportive,Vaugirard,2023-11-20,2023-11-22
14851,Conférence,Buttes-Montmartre,2023-12-26,2023-12-30
14852,Conférence,Opéra,2023-05-12,2023-05-15
14853,Festival,Popincourt,2023-06-20,2023-06-24
14854,Compétition Sportive,Reuilly,2023-12-31,2024-01-03
14855,Festival,Hôtel-de-Ville,2023-01-15,2023-01-16
14856,Festival,Batignolles-Monceau,2023-08-22,2023-08-25
14857,Concert,Panthéon,2023-03-25,2023-03-28
14858,Concert,Opéra,2023-07-05,2023-07-08
14859,Salon,Passy,2023-10-16,2023-10-20
14860,Compétition Sportive,Observatoire,2023-04-05,2023-04-08
14861,Compétition Sportive,Batignolles-Monceau,2023-08-18,2023-08-21
14862,Concert,Buttes-Chaumont,2023-08-24,2023-08-27
14863,Concert,Gobelins,2023-09-13,2023-09-16
14864,Festival,Reuilly,2023-10-08,2023-10-11
14865,Concert,Batignolles-Monceau,2023-10-20,2023-10-22
14866,Conférence,Luxembourg,2023-01-18,2023-01-19
14867,Compétition Sportive,Opéra,2023-10-08,2023-10-11
14868,Salon,Opéra,2023-02-04,2023-02-05
14869,Festival,Passy,2023-11-20,2023-11-24
14870,Conférence,Louvre,2023-05-05,2023-05-08
14871,Concert,Reuilly,2023-09-13,2023-09-17
14872,Salon,Entrepôt,2023-12-06,2023-12-08
14873,Concert,Passy,2023-01-12,2023-01-16
14874,Conférence,Reuilly,2023-04-04,2023-04-08
14875,Salon,Buttes-Montmartre,2023-12-27,2023-12-31
14876,Concert,Observatoire,2023-05-30,2023-06-02
14877,Conférence,Palais-Bourbon,2023-02-28,2023-03-04
14878,Conférence,Bourse,2023-08-01,2023-08-03
14879,Salon,Passy,2023-03-02,2023-03-05
14880,Conférence,Vaugirard,2023-06-10,2023-06-13
14881,Concert,Palais-Bourbon,2023-05-27,2023-05-28
14882,Salon,Gobelins,2023-05-28,2023-06-01
14883,Festival,Gobelins,2023-05-13,2023-05-17
14884,Conférence,Observatoire,2023-08-10,2023-08-13
14885,Concert,Élysée,2023-04-25,2023-04-28
14886,Salon,Palais-Bourbon,2023-09-20,2023-09-24
14887,Festival,Observatoire,2023-06-24,2023-06-26
14888,Festival,Vaugirard,2023-07-28,2023-07-29
14889,Compétition Sportive,Opéra,2023-09-02,2023-09-06
14890,Compétition Sportive,Entrepôt,2023-04-08,2023-04-11
14891,Salon,Passy,2023-05-15,2023-05-16
14892,Conférence,Reuilly,2023-07-29,2023-07-30
14893,Concert,Buttes-Montmartre,2023-12-06,2023-12-10
14894,Conférence,Observatoire,2023-03-05,2023-03-08
14895,Concert,Buttes-Chaumont,2023-11-18,2023-11-21
14896,Concert,Batignolles-Monceau,2023-09-20,2023-09-23
14897,Compétition Sportive,Gobelins,2023-04-01,2023-04-05
14898,Compétition Sportive,Buttes-Chaumont,2023-09-28,2023-10-01
14899,Conférence,Hôtel-de-Ville,2023-12-05,2023-12-09
14900,Salon,Buttes-Montmartre,2023-02-03,2023-02-06
14901,Concert,Temple,2023-11-18,2023-11-19
14902,Compétition Sportive,Reuilly,2023-07-13,2023-07-15
14903,Salon,Panthéon,2023-09-24,2023-09-25
14904,Compétition Sportive,Hôtel-de-Ville,2023-07-17,2023-07-20
14905,Concert,Temple,2023-01-10,2023-01-11
14906,Festival,Palais-Bourbon,2023-07-30,2023-08-01
14907,Compétition Sportive,Gobelins,2023-07-22,2023-07-23
14908,Salon,Bourse,2023-04-02,2023-04-05
14909,Conférence,Temple,2023-04-19,2023-04-22
14910,Conférence,Hôtel-de-Ville,2023-01-12,2023-01-16
14911,Concert,Luxembourg,2023-05-01,2023-05-04
14912,Festival,Passy,2023-08-08,2023-08-10
14913,Compétition Sportive,Élysée,2023-01-05,2023-01-09
14914,Compétition Sportive,Panthéon,2023-10-02,2023-10-05
14915,Festival,Hôtel-de-Ville,2023-11-24,2023-11-27
14916,Concert,Palais-Bourbon,2023-08-24,2023-08-27
14917,Concert,Buttes-Chaumont,2023-02-06,2023-02-09
14918,Salon,Panthéon,2023-01-28,2023-01-29
14919,Salon,Palais-Bourbon,2023-10-27,2023-10-31
14920,Salon,Palais-Bourbon,2023-06-20,2023-06-24
14921,Concert,Vaugirard,2023-07-16,2023-07-19
14922,Compétition Sportive,Élysée,2023-11-24,2023-11-25
14923,Conférence,Vaugirard,2023-08-28,2023-08-30
14924,Concert,Vaugirard,2023-08-04,2023-08-05
14925,Festival,Palais-Bourbon,2023-04-30,2023-05-01
14926,Conférence,Louvre,2023-10-03,2023-10-04
14927,Concert,Opéra,2023-12-21,2023-12-25
14928,Concert,Popincourt,2023-05-14,2023-05-15
14929,Salon,Buttes-Montmartre,2023-11-21,2023-11-22
14930,Compétition Sportive,Vaugirard,2023-08-08,2023-08-09
14931,Compétition Sportive,Buttes-Chaumont,2023-05-08,2023-05-10
14932,Conférence,Panthéon,2023-09-25,2023-09-29
14933,Concert,Temple,2023-04-27,2023-04-30
14934,Salon,Temple,2023-03-28,2023-04-01
14935,Festival,Observatoire,2023-03-04,2023-03-06
14936,Concert,Buttes-Montmartre,2023-01-07,2023-01-08
14937,Salon,Reuilly,2023-09-14,2023-09-15
14938,Festival,Opéra,2023-11-24,2023-11-25
14939,Festival,Popincourt,2023-08-07,2023-08-09
14940,Conférence,Palais-Bourbon,2023-05-30,2023-05-31
14941,Compétition Sportive,Palais-Bourbon,2023-11-04,2023-11-06
14942,Compétition Sportive,Observatoire,2023-12-17,2023-12-18
14943,Conférence,Gobelins,2023-02-12,2023-02-13
14944,Concert,Élysée,2023-10-22,2023-10-24
14945,Salon,Opéra,2023-07-22,2023-07-24
14946,Compétition Sportive,Temple,2023-06-20,2023-06-22
14947,Conférence,Observatoire,2023-05-29,2023-05-31
14948,Compétition Sportive,Buttes-Chaumont,2023-04-27,2023-05-01
14949,Compétition Sportive,Vaugirard,2023-01-15,2023-01-19
14950,Compétition Sportive,Palais-Bourbon,2023-12-14,2023-12-15
14951,Concert,Opéra,2023-06-15,2023-06-16
14952,Conférence,Bourse,2023-10-06,2023-10-09
14953,Compétition Sportive,Louvre,2023-04-01,2023-04-02
14954,Compétition Sportive,Opéra,2023-07-30,2023-07-31
14955,Conférence,Bourse,2023-08-25,2023-08-26
14956,Festival,Palais-Bourbon,2023-12-02,2023-12-06
14957,Concert,Hôtel-de-Ville,2023-07-23,2023-07-24
14958,Concert,Palais-Bourbon,2023-11-03,2023-11-04
14959,Salon,Luxembourg,2023-10-06,2023-10-09
14960,Salon,Observatoire,2023-06-28,2023-07-02
14961,Festival,Opéra,2023-09-05,2023-09-09
14962,Salon,Élysée,2023-02-15,2023-02-17
14963,Compétition Sportive,Entrepôt,2023-09-06,2023-09-07
14964,Compétition Sportive,Opéra,2023-08-26,2023-08-27
14965,Salon,Passy,2023-09-03,2023-09-07
14966,Concert,Vaugirard,2023-04-04,2023-04-06
14967,Festival,Opéra,2023-11-13,2023-11-15
14968,Compétition Sportive,Panthéon,2023-03-01,2023-03-04
14969,Festival,Entrepôt,2023-06-18,2023-06-21
14970,Salon,Gobelins,2023-09-11,2023-09-15
14971,Conférence,Reuilly,2023-01-07,2023-01-11
14972,Festival,Vaugirard,2023-08-23,2023-08-27
14973,Festival,Entrepôt,2023-11-22,2023-11-26
14974,Salon,Gobelins,2023-10-03,2023-10-06
14975,Salon,Opéra,2023-06-21,2023-06-23
14976,Compétition Sportive,Buttes-Montmartre,2023-10-27,2023-10-31
14977,Conférence,Hôtel-de-Ville,2023-05-20,2023-05-21
14978,Conférence,Luxembourg,2023-02-28,2023-03-02
14979,Festival,Passy,2023-08-22,2023-08-23
14980,Conférence,Reuilly,2023-06-11,2023-06-15
14981,Salon,Ménilmontant,2023-09-01,2023-09-03
14982,Salon,Panthéon,2023-10-27,2023-10-31
14983,Salon,Panthéon,2023-03-22,2023-03-24
14984,Festival,Louvre,2023-10-23,2023-10-25
14985,Concert,Batignolles-Monceau,2023-05-10,2023-05-12
14986,Salon,Panthéon,2023-07-08,2023-07-09
14987,Conférence,Vaugirard,2023-01-21,2023-01-22
14988,Conférence,Hôtel-de-Ville,2023-05-20,2023-05-24
14989,Salon,Popincourt,2023-09-09,2023-09-10
14990,Concert,Entrepôt,2023-03-19,2023-03-20
14991,Festival,Panthéon,2023-08-11,2023-08-15
14992,Salon,Buttes-Chaumont,2023-03-29,2023-04-02
14993,Festival,Panthéon,2023-05-20,2023-05-23
14994,Concert,Gobelins,2023-11-04,2023-11-07
14995,Salon,Opéra,2023-08-05,2023-08-07
14996,Salon,Popincourt,2023-08-16,2023-08-17
14997,Salon,Hôtel-de-Ville,2023-01-14,2023-01-15
14998,Compétition Sportive,Entrepôt,2023-06-01,2023-06-03
14999,Salon,Reuilly,2023-06-03,2023-06-05
15000,Salon,Palais-Bourbon,2023-07-15,2023-07-17
